# File produced by Open Asset Import Library (http://www.assimp.sf.net)
# (assimp v5.3.0)

mtllib hand.mtl

# 3613 vertex positions
v 0.00141847099 -0.0200673304 0.0939937234
v 0.000865165028 -0.0199428201 0.09507972
v 0.000405030994 -0.0206634402 0.0939872786
v 0.00194329 -0.0176292006 0.09633708
v 0.0019418 -0.0149945002 0.0990563631
v 0.00168305601 -0.0157214403 0.0992032811
v 0.00118392694 -0.0140675902 0.0969908834
v 0.000431023975 -0.0116697503 0.0983251929
v 0.000959181925 -0.0117897298 0.0984856412
v 0.001123428 -0.01873165 0.0967368409
v 0.000982737984 -0.0169016104 0.0990104601
v 4.00895951e-05 -0.0182301402 0.0979815722
v 0.000139894997 -0.0130864903 0.0973055288
v 0.00199752999 -0.0159844104 0.0973446295
v 0.00164747203 -0.0179225802 0.0969854519
v 0.000201478004 -0.0192878805 0.0965092704
v 0.00150620902 -0.01305681 0.098208718
v 0.00179386104 -0.0132821202 0.0985725522
v 0.00188314903 -0.0147425504 0.0976909921
v 7.10191962e-05 -0.0145180197 0.0960282609
v 0.00195306505 -0.00973957684 0.100834697
v 0.00176691997 -0.0109638497 0.0997465178
v 0.00174552202 -0.00839030743 0.1006504
v 0.000560636981 -0.00661981106 0.103907503
v -0.000465196965 -0.00685030222 0.103904702
v 0.000117351992 -0.00919705629 0.1035446
v 0.00168371201 -0.0168040302 0.0946226716
v 0.000958794961 -0.0155784404 0.0952111408
v 0.000764985976 -0.0100242998 0.103178702
v 0.00134462095 -0.0065994258 0.103466198
v 0.00125610805 -0.0101421997 0.102829598
v 0.00190937496 -0.01932621 0.0937073827
v 0.00200331211 -0.0189132001 0.0931827426
v 0.00174593902 -0.00728225708 0.102890998
v 0.00201839209 -0.00757622719 0.101995803
v 0.00173527002 -0.0105789304 0.102129497
v 0.000531215977 -0.0157982092 0.094612062
v -0.000438745978 -0.0157509409 0.0946264192
v 8.24712988e-05 -0.01183974 0.102669403
v 0.00189763296 -0.0181862693 0.0929693505
v 0.00113367999 -0.0213289801 0.0912117884
v 0.000165612 -0.0215090495 0.0917839408
v 0.000134075992 -0.0168410502 0.0928054973
v 0.00181484199 -0.00633847713 0.101077698
v 0.000894276018 -0.0166810695 0.09345036
v 0.00112569297 -0.00645738794 0.100280501
v 0.000264756993 -0.00743114902 0.0998217985
v -5.90575983e-05 -0.00624120189 0.0999421403
v 0.00166696298 -0.0207463503 0.0912120268
v 0.00131791795 -0.0088031292 0.0999953672
v 0.00194317102 -0.02016115 0.0911048576
v 0.000557316991 -0.0135975396 0.101738498
v 0.00200325204 -0.0105308201 0.101230398
v 0.000481123017 -0.0219219904 0.0897778198
v 0.000972139998 -0.0174544994 0.0919342637
v 0.00154119695 -0.0131960502 0.101231903
v 0.000570039963 -0.00915491488 0.0994630381
v 0.00194299198 -0.0194113199 0.0898837969
v 0.00159048999 -0.0184122305 0.0908844993
v 0.001959085 -0.01258111 0.100606702
v -0.000290256983 -0.00854378939 0.0995822474
v 0.001500368 -0.0214875303 0.0884033963
v 0.00100731803 -0.0150145805 0.100559503
v 0.000791159982 -0.0220187902 0.0878174305
v 0.001931965 -0.0207614303 0.0877325535
v 4.15741015e-05 -0.0221717898 0.0878625512
v 0.000196057998 -0.0160598699 0.100077003
v 0.00107020105 -0.0183387306 0.0891913101
v 0.00199395395 -0.0198804103 0.0877217576
v 0.000531993981 -0.01786392 0.0901271701
v 0.001688182 -0.0190392099 0.0881348178
v -0.000417478994 -0.0178782307 0.0899373218
v 0.000601226988 -0.0182118397 0.0882067606
v -0.00040407799 -0.0181638505 0.0880940482
v -0.00200027204 0.0150297796 0.0982981324
v -0.00192141498 0.0171261393 0.0965687037
v -0.00194871402 0.0170352999 0.0965505764
v -0.00112271297 0.0183830801 0.0967367217
v -0.000981997 0.0165529791 0.0990104601
v -6.24719978e-05 0.0180476904 0.0977789089
v -0.000743646 0.0124011002 0.0977470204
v 0.000422278012 0.0123280799 0.0976780578
v -0.00032068399 0.0116312504 0.0981094837
v -0.00164675701 0.01757407 0.0969855115
v -0.000161369986 0.0186950509 0.0968573615
v -0.00116610504 0.0144653302 0.0962473676
v -0.00157165504 0.0127109196 0.0982651114
v -0.00180244399 0.01459968 0.0972095728
v 0.00152552105 0.0179165006 0.0966636464
v 0.00181466294 0.0174322706 0.0965581536
v 0.00186884403 0.0172345005 0.0965163708
v -0.00200074911 0.0162808802 0.0963961408
v -0.000141084995 0.0141437603 0.0960513279
v -0.0019754169 0.00976687577 0.100732103
v -0.00140911306 0.00972270872 0.0996768996
v -0.00165641296 0.00704443408 0.100718901
v -0.000279485976 0.00631511211 0.1039465
v 0.000529435987 0.00633543683 0.103909999
v -0.000108991 0.00884580612 0.103546299
v -0.00132155395 0.00709682703 0.1033604
v -0.00169891096 0.0059056282 0.103067599
v -0.000911042967 0.00607955409 0.103771597
v -0.00163441803 0.0177709404 0.0966959521
v -0.00106251205 0.00949597266 0.103082404
v -0.00168055203 0.01522505 0.0961722732
v -0.00194889295 0.0153853204 0.0970799327
v -0.00180804695 0.0156762004 0.0962677523
v -0.00119370199 0.0146570196 0.0960455537
v -0.00183248497 0.00817888882 0.1025014
v -0.00199723197 0.00644129515 0.102176003
v -0.001115739 0.0146044996 0.0960332081
v -0.00165682996 0.0177236702 0.0966866612
v -0.00181096699 0.0174108706 0.0966252014
v -0.000175009001 0.0142434798 0.0959402919
v -0.000102042992 0.0142410304 0.0959383771
v -0.001920223 0.0158146005 0.0962984487
v -0.00195884705 0.0159634296 0.0963298604
v -0.000421096978 0.0108008301 0.102896601
v -0.001694381 0.0106103402 0.102040298
v 0.000245773001 0.0186518393 0.0968403816
v -0.000810575963 0.01255548 0.101977803
v 0.000215916982 0.0115906 0.102632597
v -0.00195038295 0.0070322752 0.1013963
v -0.000979745993 0.00866132881 0.0997039005
v -0.00123107398 0.00599861098 0.100358002
v -0.00199574209 0.0109447204 0.101038203
v -0.000449003972 0.00798392203 0.0996671915
v -0.00154048204 0.0128474198 0.101231903
v -0.000353222975 0.00589460088 0.0999848172
v -2.14190004e-05 0.0141640902 0.101263501
v -0.00189787103 0.0130029302 0.100390203
v -0.00100660301 0.0146661401 0.100559503
v -0.00195079995 0.01246309 0.0993927717
v -0.000198280002 0.0157077909 0.100079402
v 0.000118067001 0.0101191904 0.0988616869
v 0.000289280986 0.00819480419 0.0995819494
v -0.00168234098 0.01537281 0.0992032811
v 0.00163948501 -0.0213585403 0.0809999704
v 0.00204068399 -0.0201743208 0.0809999704
v -0.001759529 -0.0210871603 0.088835232
v -0.00199872209 -0.0204051696 0.0873602629
v -0.001966774 -0.0207163598 0.0809999704
v -0.00146746601 -0.0215312205 0.0880508423
v -0.00126331998 -0.0217533093 0.0809999704
v -0.000678687007 -0.0220363699 0.0884903595
v 0.000281818007 -0.0222493391 0.0809999704
v 0.00144302798 0.00630658818 0.103375703
v 0.00194388605 0.00673687411 0.1024528
v -0.00201082206 -0.00716173602 0.101759702
v -0.00186461199 -0.00634252978 0.102727696
v 0.00200468302 0.00903081801 0.101370901
v -0.001328766 -0.0066332221 0.1034813
v 0.000811919977 0.0144684901 0.0959672332
v 0.000758028938 0.0143280001 0.0960869119
v 0.000731509994 0.0144214602 0.0959591195
v 0.000416945957 0.0161818806 0.0996309519
v 0.000980703975 0.0137401205 0.1012123
v 0.00107640005 0.0160408597 0.0994104668
v 0.00126636005 0.0147287203 0.0960118696
v 0.00150620902 0.0150930798 0.0960822701
v 0.00122988201 0.0139450403 0.0968775675
v 0.00200808002 0.0159015004 0.0974098369
v 0.000647286943 0.00599151803 0.100052498
v 0.00194781995 0.0158630591 0.0962321684
v 0.00195431709 0.0151478602 0.0972993895
v 0.00182825304 0.0156804901 0.096196942
v 0.00189065898 0.0155007802 0.0985066816
v 0.00148785103 0.0179840904 0.0966783091
v 0.00130558002 0.00610357523 0.100439101
v 0.000861523964 0.0079805851 0.0998281166
v 0.00102955103 0.0181195103 0.0971801206
v 0.00163060403 0.0152028697 0.0994695425
v 0.00133573997 0.00881153345 0.0999297425
v 0.00165712798 0.00695657684 0.100759499
v 0.00196605898 0.0167888906 0.0964226127
v 0.00200694706 0.0166034605 0.0963836312
v 0.00198805309 0.0164052807 0.0963431001
v 0.00086315698 0.0184727293 0.0967913195
v 0.00103676296 0.0183697306 0.0967667103
v 0.001288414 0.0182008091 0.0967268869
v 0.000957845943 0.0103205396 0.0990523621
v 0.00181013299 0.00969302561 0.100260697
v 0.00163876999 0.00868010521 0.102712899
v 0.00189560605 0.0070306058 0.101231202
v 0.000926485984 0.00886249542 0.103316903
v 0.00189560605 0.0101884604 0.101729803
v 0.00122386205 0.0115695503 0.0986135602
v 0.00166529405 0.0120987799 0.0988747999
v 0.00197887397 0.0124616604 0.0994858071
v 0.00158101297 0.0116069904 0.101804398
v 0.00107335998 0.0113351904 0.102411099
v 0.00194239605 0.0123775601 0.100624003
v 0.00182539201 0.0143192401 0.0974951312
v 0.00176930404 0.0154439202 0.0961493179
v -0.00179541099 -0.00732523203 0.100998402
v -0.00129348005 -0.00647377921 0.100396
v -0.000532978971 -0.0161691308 0.099904649
v -0.000654156029 -0.0142410304 0.101289198
v -0.00133949495 -0.0159807801 0.0994983912
v -0.00133693195 -0.0164160095 0.0944858119
v -0.00133210397 -0.0149137899 0.0963354707
v -0.000858028012 -0.0141724302 0.0966705605
v -0.00200372911 -0.0189448502 0.093524389
v -0.00199472904 -0.0148774302 0.0980566666
v -0.00194102502 -0.0168236401 0.095664911
v -0.00197690702 -0.01540488 0.0984511897
v -0.00190150703 -0.0176466107 0.094150722
v -0.00184291601 -0.0176382605 0.0968174264
v -0.00175905204 -0.0155966198 0.0991206691
v -0.000893731019 -0.0166873895 0.0934393406
v -0.00116699899 -0.0177235603 0.0979619622
v -0.000980966957 -0.00744128181 0.100064799
v -0.00191074598 -0.01311028 0.0989880487
v -0.000836334017 -0.0174070504 0.0918667912
v -0.00145196903 -0.00966078043 0.0999182984
v -0.000998943928 -0.00941622164 0.0995703265
v -0.00151932205 -0.0189448502 0.0958009288
v -0.00160467601 -0.0179602504 0.0921851322
v -0.000663660001 -0.0191860702 0.0964915678
v -0.00163346506 -0.00862342119 0.102813303
v -0.000640293991 -0.0106508704 0.0988917872
v -0.00187301601 -0.0100249602 0.101989903
v -0.00199818611 -0.0106100999 0.101252504
v -0.00176012504 -0.0196908694 0.0936908722
v -0.00185495603 -0.0190961901 0.0901279375
v -0.000905585941 -0.0202635508 0.0944202468
v -0.00133222295 -0.0182719808 0.0902260467
v -0.00191235496 -0.01037395 0.100406498
v -0.00140142394 -0.0205083396 0.0930411816
v -0.00112980604 -0.00996452477 0.102988102
v -0.000385310996 -0.0207043197 0.0938825011
v -0.000578043982 -0.0101071 0.1032167
v -0.000530496938 -0.0122089302 0.0980146527
v -0.00150972605 -0.0113652302 0.1021512
v -0.00187814201 -0.0204867106 0.0906898305
v -0.00133675302 -0.0128358603 0.0981224105
v -0.00139075494 -0.0186581593 0.088260822
v -0.00189852703 -0.0134148002 0.100347601
v -0.000710210996 -0.0215355102 0.0912501812
v -0.00194919098 -0.0196962897 0.0876073167
v -0.000649684982 -0.0124774501 0.102261201
v -0.001261711 -0.0215178095 0.0897837803
v -0.00151950098 -0.0139918895 0.100760601
v -0.00169497705 -0.0189457498 0.0809999704
v 0.00163948501 -0.0189897399 0.0809999704
v 0.000281804998 -0.0180990007 0.0809999704
v 0.0201782491 7.17237999e-05 -0.0158483908
v 0.0191674195 4.37059015e-07 -0.01478332
v 0.0188751202 0.000200045979 -0.0149016902
v 0.0178165995 0.000203923002 -0.0206973497
v 0.0183871891 8.44626072e-07 -0.0208676402
v 0.0191203896 0.000200529001 -0.0203343593
v 0.0173929296 6.04859997e-05 -0.0145874601
v 0.0200629793 7.73282009e-05 -0.0196449105
v 0.0209565107 1.80385996e-06 -0.0180383306
v 0.0206528306 0.000200465991 -0.0182148796
v 0.0205924492 0.000200370996 -0.0168748405
v -0.00611346914 -0.00151455402 -0.0145573001
v -0.00161236501 -0.00150489795 -0.0157453399
v -0.00262880302 -0.00250005699 -0.01455265
v -0.00718271686 -0.00250017596 -0.01294827
v -0.00960642006 -0.00149041403 -0.01252943
v -0.0102099096 -0.00249993801 -0.0106757199
v -0.0124019897 -0.00148922205 -0.00976997614
v -0.0128479004 -0.00250023603 -0.00739651918
v -0.0142149301 -0.00150865305 -0.00683760596
v -0.0153876496 -0.00149959303 -0.00353640295
v -0.0145127699 -0.00250005699 -0.00291496492
v -0.0157734696 -0.00150048698 7.6754397e-05
v -0.0147582795 -0.00250005699 0.00081276102
v -0.0153592201 -0.00150006998 0.00365489698
v -0.0138017498 -0.00250017596 0.00539195491
v -0.0135989701 -0.00149327505 0.00809693336
v -0.0113618299 -0.00250005699 0.0094794631
v -0.0106704803 -0.001490533 0.0116363103
v -0.007584929 -0.00250035501 0.0127447797
v -0.0074681039 -0.00148922205 0.0139103504
v -0.00353139592 -0.00150519598 0.0154072596
v -0.00237554288 -0.00250023603 0.0146159502
v 5.49073957e-05 -0.00149703003 0.0157622602
v 0.00175255502 -0.00250053406 -0.0147215696
v 0.00211548805 -0.00250047399 0.0146685196
v -0.00469684601 0.000999800046 -0.0312469602
v 0.00215554191 0.000999983982 -0.0314582512
v 3.65868999e-07 -3.22522993e-07 -0.0306348801
v -0.00921386387 -1.64051997e-07 -0.0291792098
v -0.01236826 0.000999946031 -0.0290436093
v -0.01573807 0 -0.0261756107
v -0.0163560491 0.00100070203 -0.02698409
v -0.0198365394 0 -0.0231998507
v -0.0210948493 0.000999702956 -0.0234264694
v -0.02441293 -1.8293801e-07 -0.0184532907
v -0.0242100302 0.000999689917 -0.0201909505
v -0.0268335305 0.000999675016 -0.01654559
v -0.0286455695 -1.47617996e-07 -0.0107687097
v -0.0289124809 0.000999666983 -0.0125644803
v -0.03040432 0.000999661977 -0.00832819939
v -0.0305235293 -1.19772011e-07 -0.00219893409
v -0.031279441 0.00099965604 -0.00392287923
v -0.0315195285 0.000999658019 0.000561751949
v -0.0298931506 -1.36875002e-07 0.00655144406
v -0.0311197601 0.000999658019 0.00503528118
v -0.0300884191 0.000999662909 0.00940650702
v -0.0268061701 -1.59810995e-07 0.0147635899
v -0.0284460708 0.000999670941 0.0135866404
v -0.0262265801 0.000999678974 0.0174914002
v -0.0215153601 -1.82758995e-07 0.0217624903
v -0.0234749895 0.000999690965 0.0210410301
v -0.01979357 0.00100135803 0.0245576501
v -0.01573807 0 0.0261756107
v -0.0160380602 0.00100463605 0.0271870401
v -0.00921386387 -1.64054001e-07 0.0291792098
v -0.00895392802 0.000999849988 0.0303028207
v -0.00215041591 0 0.0304669701
v -0.00215482689 0.000999983982 0.0314582512
v 0.0201149508 0.00649994612 -0.0158889797
v 0.0187970903 0.00649994612 -0.01483595
v 0.0173888803 0.00649994612 -0.0207008701
v 0.0188792907 0.00649994612 -0.0204516593
v 0.0200841408 0.00649994612 -0.0195307694
v 0.01661098 0.00649994612 -0.0147942901
v 0.0207519494 0.00649994612 -0.0176226404
v -0.00565862609 0 -0.0147235896
v -0.00145137298 0 -0.0157607105
v -0.00879573822 0 -0.0131113501
v -0.0122960201 0 -0.00996559765
v -0.0151094096 0 -0.00479316711
v -0.0157858096 0 0.000275391998
v -0.0150423599 0 0.00492244912
v -0.0128872897 0 0.00912028458
v -0.0105201602 0 0.0117528997
v -0.00697904779 0 0.0142056895
v -0.00284832693 0 0.0155144902
v 0.00145208801 0 0.0157607105
v -0.0259130504 0.00749993278 0.00545680523
v -0.0236724596 0.00749993278 0.00537759019
v -0.0240525603 0.00399994804 0.00550502492
v -0.0194430295 0.00399994804 -7.32697008e-05
v -0.0200222693 0.00749993278 -0.00243025995
v -0.0200859904 0.00399994804 -0.00255662203
v -0.0194430295 0.00749993278 7.32697008e-05
v -0.0215752702 0.00749993278 0.00435352279
v -0.0214651804 0.00399994804 0.00426471187
v -0.0214651804 0.00749993278 -0.00426471187
v -0.0215752702 0.00399994804 -0.00435352279
v -0.0200859904 0.00749993278 0.00255662203
v -0.0200222693 0.00399994804 0.00243025995
v -0.0231079403 0.00749993278 -0.0051779151
v -0.0236724596 0.00399994804 -0.00537759019
v -0.0249181893 0.00749993278 -0.00553762913
v -0.0266960207 0.00399994804 -0.0053383112
v 0.0305497609 0.00749462796 0.000479156006
v 0.0297968909 0.00749993278 -0.00288963295
v 0.0305821206 0.00399994804 -0.000471106003
v 0.0290686991 0.00399994804 -0.00385028101
v 0.02491921 0.00749993278 0.00553762913
v 0.0269587003 0.00749993278 0.00516462279
v 0.0266967397 0.00399994804 0.0053383112
v 0.0292506795 0.00749993278 0.00364601589
v 0.0296565797 0.00399994804 0.00311392499
v 0.02778822 0.00749993278 -0.00476843119
v 0.0261601191 0.00399994804 -0.00544047309
v 0.0259140097 0.00749993278 -0.00545680523
v 0.0282191597 0 -0.000834403036
v 0.0281885806 0.00399994804 -0.000944507017
v 0.0269004703 0 -0.00270360708
v 0.0268085003 0.00399994804 -0.00276613189
v 0.0245161597 0 0.00331342197
v 0.0258306805 0.00399994804 0.00319868303
v 0.0269004703 0 0.00270360708
v 0.0245161597 0 -0.00331342197
v 0.0244009402 0.00399994804 -0.0032945869
v 0.0274705794 0.00399994804 0.002168715
v 0.0280494597 0 0.00121498096
v 0.0281464998 0.00399994804 0.000873550947
v -0.0219262205 0 -0.00116670097
v -0.0225025993 0.00399994804 -0.00219583511
v -0.0230992399 0 -0.00270360708
v -0.0260070506 0 0.0031688211
v -0.0242937803 0.00399994804 0.00320565701
v -0.0240752101 0 0.00314003206
v -0.0246969406 0.00399994804 -0.00331133604
v -0.0247718599 0 -0.00326520205
v -0.0229189899 0.00399994804 0.00252699805
v -0.0224706493 0 0.00214803196
v -0.02194052 0.00399994804 0.00121873606
v -0.0217514001 0 0.000403919985
v -0.0217514001 0.00399994804 -0.000403919985
v 0.0160606503 0.00100421906 -0.0271962807
v 0.0175191704 0.0066113472 -0.0261896793
v 0.0207263194 0.00649994612 -0.02375382
v 0.0210958105 0.000999701908 -0.0234264694
v 0.0238838103 0.00649994612 -0.0205760002
v 0.0242107492 0.000999689917 -0.0201909505
v 0.0265594106 0.00650006486 -0.01698309
v 0.0268341303 0.000999676064 -0.0165456496
v 0.0286986195 0.00650018407 -0.0130469203
v 0.0289131403 0.000999666983 -0.0125644803
v 0.0302579906 0.00650018407 -0.00884717703
v 0.0304052792 0.000999661977 -0.00832825806
v 0.0312068406 0.00650024414 -0.00446867896
v 0.0312801003 0.000999656972 -0.00392287923
v 0.0315251313 0.00650024414 0
v 0.0315200016 0.000999659998 0.000561853987
v 0.0312068406 0.00650024414 0.00446867896
v 0.0311203003 0.000999656972 0.00503528118
v 0.0302579906 0.00650018407 0.00884717703
v 0.0300890803 0.000999662909 0.00940656569
v 0.0286986195 0.00650018407 0.0130469203
v 0.0284470301 0.000999670941 0.0135866404
v 0.0265594702 0.00650006486 0.01698309
v 0.0262275301 0.000999678974 0.0174914002
v 0.0238838103 0.00649994612 0.0205760002
v 0.0234754607 0.000999690965 0.0210410301
v 0.0207263194 0.00649994612 0.02375382
v 0.0197964292 0.00100129796 0.0245557409
v 0.0175213199 0.00662064506 0.0261857491
v 0.0163165294 0.00100541103 0.02698135
v 0.0153033696 1.70406997e-06 -0.0153884199
v 0.01052099 0 -0.0117528997
v 0.0143992295 1.50398989e-06 -0.0180383306
v 0.0226589404 0 0.00228720903
v 0.0157397296 0 0.00145208801
v 0.0217666607 0 0.000711786968
v 0.0305836201 0 0.00110024202
v 0.0296392404 -1.36823999e-07 -0.00762188388
v 0.00697982311 0 -0.0142056299
v 0.00500506116 -1.61109995e-07 0.0301871803
v 0.0158578102 1.54781992e-06 -0.0204282403
v 0.0207199994 -1.19944005e-07 -0.02252209
v 0.0221614204 0 -0.00177609897
v 0.0155280801 0 -0.00285798311
v 0.0190503001 -1.79867001e-07 0.0239502694
v 0.01035392 0 0.0119001204
v 0.0250611901 -1.74597005e-07 0.0175637603
v 0.0152584901 0 -0.02644068
v 0.00284910202 0 -0.0155144902
v 0.00921458006 -1.50383002e-07 -0.0291792098
v -0.0277249198 0 0.00184768403
v 0.0130655104 0 0.00890773535
v 0.0144917304 0 -0.00622963905
v 0.0290149394 -1.47519998e-07 0.00973188784
v 0.00675511314 0 0.0143136298
v -0.0282586794 0 0.000303726993
v 0.0123910904 0 0.0279364493
v 0.0262585208 -1.42093e-07 -0.0157178007
v -0.0279102903 0 -0.00160771597
v 0.01486063 0 0.00529009104
v 0.01281559 0 -0.00921350718
v -0.0263308194 0 -0.00300568296
v -0.02622509 0.00399994804 0.00307583809
v -0.0277162697 0.00399994804 0.00184196199
v -0.0270571094 0.00399994804 -0.00261217309
v -0.0283342507 0.00399994804 -0.000304093002
v 0.0238999706 0.00399994804 0.00309765292
v 0.0225896798 0.00399994804 0.0022140739
v 0.0221013408 0.00399994804 -0.00167626096
v 0.0217787009 0.00399994804 0.000709124957
v 0.00741398288 0.00099998503 -0.0320053585
v 0.0125287101 0.001057624 -0.0545108318
v 0.0126725398 0.000999987009 -0.0325524807
v 0.00727021601 0.001057624 -0.0539637208
v -0.00726908399 0.00105798198 0.0539646111
v 0.00509071304 0.00105851796 0.0539657995
v -0.0125275198 0.00105798198 0.0545116588
v -0.00741320802 0.00099998503 0.0320053585
v -0.0148427403 0.00753909303 -0.02843225
v -0.0126157403 0.00749993278 -0.0329649411
v -0.0137791 0.00749993278 -0.0299292207
v 0.0137796402 0.00749993278 0.0299291592
v 0.0148437005 0.00753909303 0.02843225
v 0.0126166297 0.00749993278 0.0329650007
v 0.0137796402 0.00749993278 -0.0299291592
v 0.0125992196 0.00749993278 -0.0330289602
v 0.01485008 0.00754982186 -0.0284246802
v -0.0125987502 0.00749993278 0.0330289602
v -0.0148388101 0.00753206015 0.0284373704
v -0.0137791 0.00749993278 0.0299292207
v 0.0265452806 0.0075001712 0.01522821
v 0.0297730509 0.00750011206 0.00708019687
v 0.0228790008 0.00749993278 0.0051005478
v 0.02093786 0.00749993278 0.00379192806
v 0.0218855105 0.00750005199 0.0213251095
v 0.0173342209 0.00756025314 0.0252407696
v 0.0196836498 0.00749993278 0.00155413104
v 0.0176218096 0.00752031803 -0.0249643903
v 0.0195020996 0.00749993278 -0.00053477101
v 0.0200867001 0.00749993278 -0.00255662203
v 0.0302044693 0.00750011206 -0.00492501212
v 0.02756989 0.00750011206 -0.0132834902
v 0.0239016395 0.00749993278 -0.00541377021
v 0.0217549801 0.00749993278 -0.00451093912
v 0.0226738993 0.0075001712 -0.0205531102
v -0.0176119804 0.0065698619 0.0261446796
v -0.0215570293 0.00649994612 0.02300179
v -0.0245996695 0.00650006486 0.0197139308
v -0.0271457396 0.00650006486 0.0160281006
v -0.0291435104 0.00650018407 0.0120184999
v -0.03055292 0.00650018407 0.00776588917
v -0.0313449986 0.00650024414 0.00335639692
v -0.0315045118 0.00650024414 -0.00112056697
v -0.0310274903 0.00650024414 -0.0055752988
v -0.0299239103 0.00650018407 -0.00991714001
v -0.0282160006 0.00650006486 -0.0140585303
v -0.0259382091 0.00650006486 -0.0179165602
v -0.0219954196 0.00650066091 -0.0226591192
v -0.0168988705 0.00676029921 -0.0265959501
v -0.0218846202 0.00750005199 -0.0213251095
v -0.01734161 0.00755733205 -0.0252448898
v -0.0265445095 0.0075001712 -0.01522821
v -0.0297722798 0.00750011206 -0.00708019687
v -0.0269577503 0.00749993278 -0.00516462279
v -0.0292499606 0.00749993278 -0.00364601589
v -0.0305489302 0.00749462796 -0.000479140988
v -0.0302037001 0.00750011206 0.00492501212
v -0.0297964197 0.00749993278 0.00288963295
v -0.0277872607 0.00749993278 0.00476843119
v -0.0275692306 0.00750011206 0.0132834902
v -0.02267313 0.0075001712 0.0205531102
v -0.0176150203 0.00752151012 0.0249683205
v -0.0140258595 0.000999993994 -0.0294117294
v -0.0125780702 0.000999987009 -0.0332249403
v 0.0089546442 0.000999849988 -0.0303028207
v -0.00508952094 0.00105887605 -0.0539665818
v -0.01245635 0.00105887605 -0.0548499189
v -0.00521123409 0.00099998503 -0.0323415883
v 0.0142126 0.000999997952 -0.0292335693
v -0.0142121296 0.000999997952 0.0292335693
v 0.0046975608 0.000999800046 0.0312469602
v 0.00521183014 0.00099998503 0.0323415883
v 0.0140268197 0.000999993994 0.0294117294
v 0.0123687303 0.000999946031 0.0290436093
v -0.0126715796 0.000999987009 0.0325524211
v 0.0125785396 0.000999987009 0.0332249403
v 0.0206606295 0.00399994804 -0.00341832591
v 0.0220474601 0.00399994804 -0.00466871215
v 0.0239016395 0.00399994804 0.00541377021
v 0.0217549801 0.00399994804 0.00451093912
v 0.0200867001 0.00399994804 0.00255662203
v 0.0195020996 0.00399994804 0.00053477101
v 0.0237715207 0.00399994804 -0.00538575603
v 0.0196836498 0.00399994804 -0.00155413104
v -0.0296561103 0.00399994804 -0.00311392499
v -0.0266665798 0.00399994804 0.00526636792
v -0.0290682297 0.00399994804 0.00385028101
v -0.0305815898 0.00399994804 0.000471103995
v 0.00364720798 -0.00150471902 0.0153795397
v 0.00723445415 -0.00149220205 0.0140174003
v 0.00988286734 -0.001492679 0.0122945299
v 0.0123497797 -0.001495659 0.0098288646
v 0.0141415503 -0.00150233496 0.00698804809
v 0.0153596904 -0.00150006998 0.003654778
v 0.0157855693 -0.00151932205 -0.000835692976
v 0.0149960499 -0.00148922205 -0.00494027091
v 0.0130728995 -0.00148570503 -0.00889664795
v 0.0103922402 -0.00149279798 -0.0118666803
v 0.00747156097 -0.001490533 -0.0139089199
v 0.00354033709 -0.00150609005 -0.0154052898
v 0.0145137301 -0.00250005699 -0.00291496492
v 0.0102108698 -0.00249993801 -0.0106757199
v 0.0128483698 -0.00250035501 -0.00739651918
v 0.00718349218 -0.00250017596 -0.01294827
v 0.0147592397 -0.00249993801 0.000812738028
v 0.0138022304 -0.00250023603 0.00539195491
v 0.00758570386 -0.00250023603 0.0127448402
v 0.0113627901 -0.00250005699 0.00947952177
v -0.0164355598 0.00793212559 -0.0260562301
v -0.0160663109 0.00819510221 0.0264346506
v -0.0158623401 0.00839221384 -0.0266768299
v -0.0152099701 0.00936657097 0.0275618397
v -0.0150228096 0.0101146596 0.0278479401
v -0.0152205797 0.0093438616 -0.0275240503
v -0.0155280204 0.00879633427 0.0271087792
v -0.0150294797 0.0100268098 -0.0278382301
v -0.0168186408 0.00773692084 0.0256898403
v 0.01647228 0.00791114476 0.0260202195
v 0.0160276797 0.00822901726 -0.0264920499
v 0.0158532802 0.00839692261 0.0266934
v 0.0166833401 0.00778722716 -0.0258134604
v 0.0152105 0.0093665123 -0.0275617205
v 0.0150234103 0.0101146596 -0.0278479401
v 0.0152218305 0.0093424907 0.0275239293
v 0.0155285001 0.00879633427 -0.0271087792
v 0.0150304399 0.0100268098 0.0278382301
v -0.0155308796 0.00802230835 -0.0276900493
v -0.0150005203 0.00908458233 -0.0282546207
v -0.0159533601 0.0074942112 0.0272812191
v -0.0149913998 0.00911253598 0.0282435399
v 0.0158716403 0.00754320621 0.0273477398
v 0.0150010502 0.00908452179 0.0282546207
v 0.0159538295 0.0074942112 -0.0272812191
v 0.0149918701 0.0091124773 -0.0282435995
v 0.0153974202 0.000200231996 -0.0196620803
v 0.0164809208 0.000200047987 -0.0204533897
v 0.01540583 0.00649994612 -0.01978302
v 0.0162355304 0.000200526993 -0.0150206601
v 0.0152282696 0.00020051701 -0.0159063898
v 0.0149795404 0.00649994612 -0.0162471496
v 0.0147032104 0.00020046698 -0.0171402004
v 0.01466286 0.00649994612 -0.0178952795
v 0.0147635899 0.000200373004 -0.0184801798
v 0.0124574304 0.00105851796 0.0548491403
v 0.0127500799 -0.00578200817 0.0349997208
v 0.0127500799 0.00575000001 0.03599995
v 0.0127500799 0.00674998714 0.0349997208
v 0.0127500799 -0.00578200817 0.03599995
v 0.00807154085 -0.00586372614 0.0309864208
v 0.0114922496 -0.00580400182 0.0298766997
v 0.0136486804 -0.00575381517 0.0349842906
v 0.0138112903 -0.00572878122 0.02886861
v 0.00395309879 -0.0138972402 0.0450688601
v 0.00329077197 -0.0144898202 0.0450572297
v 0 -0.0144475102 0.0449997112
v 0 -0.00849997904 0.0449997112
v 0.00400030613 -0.00843012333 0.04506981
v 0.00186669803 -0.0118428404 0.0997747108
v 0.00146025396 -0.01254737 0.0986775085
v 0.00187379098 -0.0143151795 0.0982157513
v 0.000993768917 -0.00783413555 0.100058101
v 0.00114500499 -0.00934356358 0.0997884199
v 0.00149130798 -0.00773858977 0.100473002
v 0 -0.00670629693 0.0999624729
v 0 -0.0085559478 0.0996295214
v 0.000517261971 -0.00752162887 0.0999127626
v 0.00155645597 -0.0102016898 0.0999373719
v 0.00107186998 -0.0114395004 0.098921001
v 0.000979464967 -0.0132696601 0.0977483317
v 0.000500708004 -0.00923097134 0.0995221734
v 0 -0.0132166101 0.0975322723
v 0 -0.0112210503 0.0987464115
v 0.00146615505 -0.01431459 0.0973759815
v 0 -0.0105354702 0.099008441
v 0.00114834297 -0.00635969592 0.1003187
v 0.00172287202 -0.00633662893 0.100949802
v 0.00182688201 -0.00904089212 0.1007585
v 0.001979172 -0.00733184814 0.101565503
v 0.00196331693 -0.0108065 0.100666903
v 0.000662971928 -0.0144264596 0.0965518877
v 0 -0.0130808903 0.0975906774
v 0 -0.0144251501 0.0964287519
v 0 -0.00597631885 0.100035101
v 0.00197392702 -0.0140632903 0.0988802314
v 0.00201201392 -0.0134975296 0.100133903
v 0.00197899295 0.00730222417 0.101452999
v 0.00202077604 0.00654786779 0.102633901
v 0.00201553106 0.0107284104 0.101534098
v 0.00204354501 -0.00697666407 0.102745101
v 0.00202482892 -0.01044631 0.101992004
v 0.00199109293 0.01606673 0.0963714123
v 0.00197738409 0.01488965 0.0973592922
v 0.00199168897 0.01649612 0.0964697003
v 0.00197452307 0.0116804196 0.099830322
v 0.00201839209 0.0148295704 0.0989413783
v 0.0020501609 -0.0128782298 0.100900501
v 0.00151258695 0.0188681409 0.0969203115
v 0 0.0196331702 0.0972078368
v 0 0.0194320008 0.0970454812
v 0.00189566601 0.0190682393 0.0970867798
v 0.0152975302 0.00986433029 -0.000291088014
v 0.0152701102 0.0100874901 0.0281216502
v 0.0152546102 0.0110704796 0.0663855597
v 0.0157435499 0.001120865 0.0278593302
v 0.0157435499 0.001120865 0.0349477492
v 0.01541322 0.00679636002 0.0349534713
v 0.0153168403 0.00874245074 0.0280970894
v 0.01538336 0.00966370106 -0.0280590598
v 0.0153107001 0.00967395306 -0.0215357505
v 0.0152584901 0.0107381297 -0.0308212005
v 0.0152549697 0.0110613704 -0.0663065314
v 0.0147811696 -0.00483381702 0.0283820592
v 0.0147939296 -0.00478303386 0.0349643193
v 0.0143476101 -0.00543868495 0.0349720716
v 0.0144083397 -0.00536078215 0.0285726693
v 0 0.0659999773 0.0669999719
v 0.0141384602 0.0657367706 0.087285988
v 0.0102300597 0.0658214018 0.0668138191
v 0.01083076 0.0658109114 0.0665936396
v 0.0114524905 0.0658001825 0.0658128783
v 0.0113241002 0.0657673404 -0.0921297595
v 0.0140563203 0.0657392666 -0.0816202685
v 0.0139557701 0.0657203719 -0.0909308121
v 0 0.0659763813 0.0922757313
v 0.0122330096 0.0657640025 0.0917847082
v 0 0.0659999773 -0.0669999719
v 0 0.0659800693 -0.0922429487
v 0.0105582401 0.0658157989 -0.0667438507
v 0.01128304 0.065803051 -0.0661334321
v 0.0140239 0.0657038018 0.0905231833
v 0.0114903403 0.0657994077 -0.0655407906
v 0 -0.00849997904 0.0334943496
v 0.00218343711 -0.008461833 0.0334358811
v 0.0058088298 -0.00839865208 0.0330128595
v 0.0104930904 -0.00831806567 0.0318533704
v 0.0137916803 -0.00825065281 0.0305278301
v 0.0140073802 -0.00820219517 0.0736365318
v 0.00400030613 -0.00841897726 0.0729988813
v 0.00474923803 -0.00841706898 -0.0331843384
v 0 -0.00850003865 -0.0335169397
v 0 -0.00847691204 -0.0727326199
v 0.0247831903 -0.00805902388 -0.0369289517
v 0.00821620226 -0.00835645106 -0.0324817188
v 0.02265363 -0.00808221102 -0.0722947717
v 0.0171106402 -0.00818443205 -0.0325557515
v 0.01192337 -0.00829893257 -0.0313629508
v 0.0195262991 -0.00813078787 -0.0341352783
v 0.0153128495 -0.00819682982 -0.0297649503
v 0 0.0528270602 0.100547098
v 0.0140208602 0.0496591292 0.100205697
v 0.0134856701 0.0546193682 0.100313999
v 0 0.0345895812 0.0993542597
v 0.0138635598 0.0279660802 0.0982926413
v 0.0141018601 0.0356802903 0.0992097184
v 0 0.0271571204 0.0984300897
v 0.00923204422 0.0570189916 0.100387603
v 0 0.0573605783 0.100568697
v 0 0.0434330106 0.100130297
v 0.0145273795 0.0419852696 0.0997031927
v 0.0140962601 0.0216897707 0.0973164365
v 0.00368201709 0.0169380903 0.0966619775
v 0.0140591199 0.0143988701 0.0959744379
v 0.00314170099 0.0172138195 0.0967255831
v 0.00399172306 0.0163463298 0.0965433717
v 0.00400030613 0.0113767302 0.0955384299
v 0.00989550259 0.0582348704 0.0998629928
v 0.0112783303 0.0605642088 0.097824268
v 0.00741624786 0.0603616796 0.0986013412
v 0.0160440803 0.0576598607 0.0972645208
v 0.0163100902 0.0616987906 0.0938532278
v 0.0155007197 0.0603878386 0.0958518311
v 0.0160480104 0.0553208515 0.098808758
v 0.0168475509 0.0568705201 0.0965237021
v 0.0170946103 0.0583137795 0.0949296877
v 0.0168063603 0.0616083704 0.0929593965
v 0.0167285204 0.0541843101 0.0983725712
v 0.0173188392 0.0550562106 0.0965589806
v 0.01766943 0.0575431511 0.0936814472
v 0.0173882805 0.0522877499 0.0975803733
v 0.0171238091 0.0619368516 0.0916607901
v 0.0175098702 0.0610937402 0.090830259
v 0.0169484597 0.0633880422 0.0903542563
v 0.0182507597 0.0487459302 0.0929945707
v 0.0179896895 0.0502028391 0.0953212306
v 0.0182514694 0.0280035697 0.0898723602
v 0.0175169092 0.0440405607 0.0970792696
v 0.0178849101 0.0311608296 0.0930725336
v 0.0173105001 0.0305504203 0.0959450603
v 0.0177113395 0.0148050701 0.0904822275
v 0.0171710197 0.0139170196 0.0932577774
v 0.01824826 0.00954836607 0.0845485926
v 0.0170963407 0.00828081276 0.0917578936
v 0.0178042594 0.00973510742 0.0880571008
v 0.0173197296 0.0629692003 0.0884088203
v 0.0129851103 0.0577070117 0.0994578004
v 0.00969153643 0.06232154 0.0966290236
v 0.0124719702 0.0627857968 0.09562397
v 0.0113780396 0.0648002625 0.0940665007
v 0.0170211699 0.0040084119 0.0901288912
v 0.0177854206 0.0607001707 0.0889334008
v 0.0179294292 0.05757761 0.0921196863
v 0.0169571005 0.000966452004 0.0884554908
v 0.0139050996 0.0619959794 0.0957191512
v 0.0182497501 0.00396037102 0.0791550204
v 0.0179119091 0.0542476699 0.0945861265
v 0.0133897001 0.0647998378 0.093555212
v 0.0175663792 -0.000451478001 0.0801929832
v 0.0139472401 0.062924318 0.0949526429
v 0.0170804802 -0.00498837186 0.078175962
v 0.0169773605 -0.0039340849 0.0823816583
v 0.0182497501 0.00118190004 0.0735929012
v 0.0169216301 -0.0014835 0.0864474699
v 0.0171507001 -0.00552338315 0.0736439824
v 0.0148065602 0.0644352436 0.0931327268
v 0.0146677997 0.0617129803 0.0955059528
v 0.0182413999 0.0544772111 0.0918870494
v 0.0175012909 0.0496475101 0.0975276828
v 0.0153315598 0.0629491806 0.0939907432
v 0.0173183009 0.0632127523 0.0861241221
v 0.0182479005 0.0566239916 0.0896359012
v 0 0.0621679984 0.0974686667
v 0.00370407104 0.062616162 0.0969087407
v 0 0.064117901 0.095456481
v 0 0.0585545301 0.100231498
v 0.00502896309 0.0590183102 0.0998082086
v 0 0.0608772598 0.0986081883
v 0.0158867799 0.0640639588 0.0922821686
v 0.00870489981 0.0651725531 0.0938625932
v 0 0.0655805394 0.0935577676
v 0.01645541 0.0637471005 0.0914916918
v 0.0182501003 0.0580128394 0.0840237066
v 0.0173358303 0.062831223 0.0814099312
v 0.0138623696 0.0571526811 0.0994117782
v 0.0149537297 0.0562747717 0.0993207619
v 0.0178574305 0.0255665109 -0.0760916993
v 0.0181229692 0.0285972897 -0.0793464109
v 0.0182600003 0.0440673791 -0.0810608193
v 0.0187149607 0.0377127491 -0.0851333067
v 0.0185452104 0.0286651794 -0.0811300203
v 0.0191749893 0.0372620784 -0.0865004584
v 0.0188738108 0.0567086898 -0.0894607306
v 0.0193282906 0.053307049 -0.0922697708
v 0.0177844707 0.0312893912 -0.0709855482
v 0.0178161208 0.032927569 0.076294601
v 0.0177299306 0.0268085003 0.068434827
v 0.0177488904 0.0264240503 0.0700774714
v 0.0177314207 0.0256443601 0.0710070133
v 0.0182723403 0.05795037 -0.0822818801
v 0.0183652006 0.0520847403 -0.0832433701
v 0.0177414995 0.0231344104 -0.0723353624
v 0.0177178308 0.0214956906 -0.072220318
v 0.0177402999 0.0130452504 -0.0695904419
v 0.0177154504 0.0267769005 -0.0685779974
v 0.0179244801 0.0123748099 -0.0704278275
v 0.0203293506 0.0227417909 -0.0827205703
v 0.0192364994 0.02463907 -0.0810459182
v 0.0200353209 0.0120984297 -0.0764158294
v 0.0212363601 0.0117478902 -0.0789460465
v 0.0177097302 0.0243620202 -0.0718687698
v 0.0177130103 0.02634787 -0.0699034333
v 0.0177477002 0.0254140403 -0.0713489577
v 0.0207207706 0.0432897806 -0.0924023911
v 0.02211022 0.0310462099 -0.090426743
v 0.0177398305 0.0244143605 0.0719321892
v 0.0233436208 0.0202245098 -0.0879119635
v 0.0242121797 0.0126367202 -0.0857120082
v 0.0199120007 0.0491968915 -0.0928778574
v 0.0185723901 0.0123130605 -0.0727839395
v 0.0182494503 0.00099497207 0.0262862407
v 0.0172530394 -0.00526499702 0.0269539896
v 0.0177546106 0.0109543204 -0.0672675297
v 0.0179448109 0.0106146904 -0.0685430691
v 0.0177205801 0.0119187804 -0.0686773583
v 0.01841259 0.00915426016 -0.0672190115
v 0.0187003594 0.00909298565 -0.0690225288
v 0.0214905106 0.00949609187 -0.0775317475
v 0.0245036408 0.0103754904 -0.0847395584
v 0.0252732597 0.00547069311 -0.080880098
v 0.0249007307 0.00768494606 -0.0829304978
v 0.0221277401 0.0072641368 -0.0761706233
v 0.0198295098 0.00735372305 -0.06876266
v 0.0198568106 0.00785112288 -0.070641689
v 0.0194296204 0.00935709383 -0.0721921325
v 0.0178012196 0.0260486007 0.0777634308
v 0.0218452197 0.00561225414 -0.0719229504
v 0.0210515205 0.00712168217 -0.0730244517
v 0.0264250003 0.00101476896 -0.0715001225
v 0.0261985604 0.00136631704 -0.0739741921
v 0.0220566299 0.00496637821 -0.0695653483
v 0.0259621106 0.00215917802 -0.0760793015
v 0.0179152396 0.0101504298 -0.0664716884
v 0.0177853107 0.00953382161 0.0693569109
v 0.0178557001 0.00779724121 0.0265553501
v 0.0177154504 0.0107297301 0.0658561513
v 0.0178924203 0.00954067707 -0.0269348007
v 0.0180669408 0.00779932691 -0.0264118295
v 0.0184661094 0.00752931787 -0.0282053892
v 0.0186094008 0.00828868058 -0.0298420694
v 0.0180655699 0.00940441992 -0.0288037602
v 0.0187200308 0.00871729758 -0.0325602219
v 0.0180251505 0.00985634327 -0.03160429
v 0.0192202907 0.00713646412 -0.0302185994
v 0.0185037795 0.00641578389 -0.0277273003
v 0.0181271397 0.00975346472 -0.0358783007
v 0.0183961298 0.00457757711 -0.0270459596
v 0.0187861305 0.00452661514 -0.0281259399
v 0.0195372701 0.0072748661 -0.0314832292
v 0.0177407209 0.0220054295 0.0723823309
v 0.0177191999 0.0172108393 0.0709867999
v 0.0193578601 0.00660759211 -0.0299600903
v 0.0186553504 0.00895029306 -0.0366383083
v 0.0196612403 0.00747567415 -0.0326550007
v 0.0194355808 0.00802576542 -0.0346952006
v 0.0203197002 0.00522130681 -0.0306663495
v 0.0205609202 0.00591707183 -0.0316786095
v 0.0192646291 0.00572329713 -0.0293179099
v 0.0193875395 0.00408744812 -0.0292056203
v 0.0209136605 0.00604969217 -0.0326806903
v 0.0183847491 0.00102412701 -0.0273040496
v 0.0182363894 0.000945812033 -0.0262968503
v 0.0203737598 0.00713819219 -0.0357758403
v 0.0210832302 0.00621658517 -0.0338197313
v 0.0214279201 0.00447022915 -0.0315769911
v 0.0226303302 0.00396889402 -0.0325577818
v 0.0221422296 0.00491762115 -0.0331183597
v 0.0221641008 0.0036175251 -0.0318409801
v 0.0236059409 0.00281345798 -0.0326409899
v 0.0193940401 0.0080305934 -0.0472382903
v 0.0206439402 0.000993823982 -0.0308034401
v 0.0215493999 0.000956509961 -0.0313647911
v 0.0208979808 0.00260722591 -0.0307986103
v 0.0247012302 0.00283002807 -0.0337985717
v 0.0234314203 0.00419777585 -0.0342983007
v 0.0177208092 0.0235047899 0.0721778795
v 0.0229076091 0.00164449203 -0.0319057703
v 0.0253549796 0.00100255001 -0.0329844318
v 0.0233439803 0.00217693998 -0.0321980081
v 0.0282769203 0.000996364979 -0.03666877
v 0.0236588102 0.00427252008 -0.0354979001
v 0.0272336602 0.000991918962 -0.0345237218
v 0.0277574006 0.000987155945 -0.0353380404
v 0.0186728798 0.00883615017 -0.0598830506
v 0.0177190304 0.0118374201 0.0686902925
v 0.0177211706 0.0109198 0.0671155974
v 0.0227290299 0.00472617103 -0.0595804416
v 0.0184445903 0.0107827103 -0.0710249469
v 0.0196744706 0.0107704904 -0.0744946003
v 0.0257534292 0.00237268209 -0.0563125014
v 0.0279871207 0.000999944983 -0.0493376218
v 0.0177504998 0.0127786295 0.069601953
v 0.0256417301 0.00355219794 -0.0785193369
v 0.0178646408 0.00779980421 -0.0238054898
v 0.0177170001 0.0107348496 -0.0218167901
v 0.0265045706 0.00096469 -0.0337588117
v 0.0242521707 0.00403213501 -0.0374579392
v 0.0286159497 0.00099796697 -0.0393742882
v 0.0177205801 0.0107893301 -0.0291875005
v 0.0181955006 0.00575780822 -0.0263233092
v 0.0177402999 0.0107541 -0.0660214424
v 0.0196644608 0.00746631622 -0.0674651787
v 0.0188912693 0.002166986 -0.0285627805
v 0.0200142208 0.003858387 -0.0299968105
v 0.0207646992 0.00400161697 -0.0307325106
v 0.0197138693 0.00128537405 -0.0299038198
v 0.0217571203 0.00588691188 -0.0358055197
v 0.0218813997 0.00307929493 -0.0314701684
v 0.0227430407 0.00518071605 -0.0395166799
v 0.0209429208 0.00625562621 -0.062748313
v 0.0285664201 -0.00454306602 -0.0386953913
v 0.0206278507 -0.00470495177 -0.0308685806
v 0.0196918193 -0.00438821316 -0.0300906301
v 0.0281111002 -0.0046505332 -0.0362374708
v 0.0276568495 -0.00449025584 -0.0351848602
v 0.0283508301 -0.00451874686 -0.0371447802
v 0.0187324807 -0.00457334518 -0.0290045701
v 0.0216501895 -0.0048092599 -0.0314579606
v 0.0268056896 -0.00473236991 -0.0340928398
v 0.0259431601 -0.00435823202 -0.0333467089
v 0.0272062998 -0.00419396115 -0.0344896913
v 0.0179099403 -0.00512677385 -0.0276744906
v 0.0246074703 -0.00435215188 -0.0326039717
v 0.0175924301 -0.00497829914 -0.0267299395
v 0.0285775606 -0.00435334397 -0.0407161117
v 0.02159857 0.0317857191 -0.0934767127
v 0.0218650103 0.02326601 -0.0949348807
v 0.0229915306 0.0133134099 -0.0928150415
v 0.0240374804 0.00983905699 -0.0881768987
v 0.02365827 0.00748169422 -0.0910424516
v 0.0243278109 0.00336027099 -0.0883629918
v 0.0251179896 -0.00187426805 -0.0834843516
v 0.0174597502 0.0628676414 -0.0855391622
v 0.0180086996 0.0607718788 -0.0892147422
v 0.0173533503 0.0633085892 -0.0883682296
v 0.0176919103 0.0611411296 -0.0916060805
v 0.0170857906 0.0633634329 -0.0904923603
v 0.0102443602 0.064981401 -0.0940738916
v 0 0.0642085001 -0.0953466818
v 0 0.0656515285 -0.0934062004
v 0.0170974098 0.0624889694 -0.0918735787
v 0.0164008103 0.0638195798 -0.0919706225
v 0.0164660197 0.0621298514 -0.0936785266
v 0.0154165598 0.0644339919 -0.0926652476
v 0.0156622492 0.0624618493 -0.094351761
v 0.0146534396 0.064409852 -0.0933778808
v 0.0144928005 0.0621509515 -0.095496349
v 0.0126527501 0.0649585724 -0.093691878
v 0.0113784 0.0631782413 -0.095660381
v 0.0134953205 0.063549161 -0.0947791263
v 0.0136955297 0.0646749735 -0.0936404392
v 0.00653815223 0.0612351187 -0.0979924724
v 0 0.0627565309 -0.0969191715
v 0.0127524696 0.0608038306 -0.0972964689
v 0.0183613803 0.0587838814 -0.0915403292
v 0.0154112503 0.0595445596 -0.0968803093
v 0.0166185405 0.0592017695 -0.0959437415
v 0 0.0606403314 -0.0987794325
v 0.00697892904 0.0586941801 -0.0999008417
v 0.0108498903 0.0580766201 -0.0997973606
v 0.00952595379 0.0606215 -0.098138392
v 0.01435667 0.0566183887 -0.0996469185
v 0.0263550803 -0.00471967412 -0.0721862316
v 0.0260064006 -0.00422811508 -0.0761116669
v 0.0255046394 -0.00319367601 -0.0805766508
v 0.0129589997 0.0572831593 -0.0997589231
v 0.0158997104 0.0558235012 -0.0992324278
v 0.0186530892 0.0520385504 -0.0975265503
v 0.0181577802 0.0550773107 -0.0964833423
v 0.0186923705 0.0548753701 -0.0949762389
v 0.0189447403 0.0552211404 -0.0929379985
v 0.0194370095 0.0499515496 -0.0960163996
v 0.0200431291 0.0469152294 -0.0948877931
v 0.0176188294 0.0543950684 -0.0981873199
v 0.0180694405 0.052855961 -0.09834259
v 0.0191904902 0.0489984713 -0.0975180194
v 0.0196608901 0.0458951518 -0.0971904323
v 0.0210727993 0.0310521703 -0.0960596725
v 0.0179383699 0.05856812 -0.093876183
v 0.0172714498 0.0601880513 -0.0940589905
v 0 0.0587096214 -0.100147903
v 0.01696348 0.0552825294 -0.0985168815
v 0.0173568707 0.0627406165 -0.081289582
v 0.0225999895 -0.00785529613 -0.0753104016
v 0 -0.00812888145 -0.07633733
v 0 -0.00267219497 -0.0881462023
v 0 -0.000626706984 -0.0900319815
v 0.0209469702 -0.00215888 -0.0881344005
v 0 -0.00549358083 -0.0842525288
v 0.0214416906 -0.00497168303 -0.0844187737
v 0.0218814593 -0.00617438508 -0.0819792077
v 0 0.00434642984 -0.0931348205
v 0.0206358396 0.00267481804 -0.0918511078
v 0 0.00216728402 -0.0919757411
v 0.0210938994 -0.000831389974 -0.0893700123
v 0.0203592703 0.00515931798 -0.0931228325
v 0.0209229495 0.000806821976 -0.0906445906
v 0.02163052 -0.00348645402 -0.0865608975
v 0 -0.00426059915 -0.0861907601
v 0 -0.00663334085 -0.0819073915
v 0.0222267509 -0.00721681118 -0.0788616464
v 0 0.00691193296 -0.0942201018
v 0 -0.00750321103 -0.0792450309
v 0 0.00942605734 -0.0950573608
v 0 0.0128916502 -0.0959309265
v 0.01972121 0.0107165501 -0.0950695202
v 0.0201930907 0.00757271005 -0.0940684602
v 0.0133791501 0.0552434288 -0.100324698
v 0 0.0574633405 -0.100569896
v 0.00826281309 0.0567982085 -0.100436799
v 0.0177202802 0.0326746106 -0.0988016129
v 0 0.0323218703 -0.0991240069
v 0.0168839004 0.0397199318 -0.0995345712
v 0 0.0214217305 -0.0975376889
v 0.0184860192 0.0252110902 -0.0977984592
v 0 0.0440569483 -0.100165702
v 0.0161250792 0.0477516614 -0.100075699
v 0.0191802904 0.0180201493 -0.0965760276
v 0 0.052190721 -0.100521497
v 0.01730364 0.0629434511 -0.0433128998
v 0.0138376905 -0.00416731788 0.0875836611
v 0.00400030613 -0.00413072109 0.0879463479
v 0.00400030613 -0.0052562952 0.0864487812
v 0.0136058303 -0.00547575904 0.0857535005
v 0.0140286004 0.0077658291 0.0944208503
v 0.00400030613 0.00588679314 0.0940794274
v 0.0139197698 0.00457680179 0.0933891535
v 0.0135236299 -0.00304716802 0.0888584778
v 0.00400030613 -0.00277322507 0.0893720314
v 0.0139145805 -0.00690424396 0.0824761316
v 0.00400030613 -0.00752991391 0.0811370611
v 0.0136280004 -0.00764542818 0.0797687098
v 0.00400030613 -0.00650620414 0.0841457769
v 0.0138277998 -0.00172829605 0.0899843499
v 0.0137502505 -0.00635456992 0.0839583203
v 0.00400030613 -0.00084767997 0.0908978507
v 0.0139703704 -0.00805634167 0.0764588118
v 0.00400030613 -0.00818776991 0.0773473307
v 0.0137465503 0.000117135998 0.0912974998
v 0.00400024606 0.0019860859 0.092544131
v 0.0135911703 0.00249820901 0.0925621912
v 0.00399589492 0.00762206316 0.101835899
v 0.00398909999 -0.0086111417 0.101937801
v 0.00399649097 -0.0135573102 0.0986241624
v 0.00396591378 0.0115986997 0.100626796
v 0.00396043016 -0.0125954701 0.100551002
v 0.0173051897 0.007834672 -0.0269185901
v 0.0173044801 -0.00603348017 -0.0269182306
v 0.0169319492 -0.00669366121 -0.0271774493
v 0.0165816508 0.00809746888 -0.0273684803
v 0.0159863196 0.00931966305 -0.0277200304
v 0.0154074999 0.00236827089 -0.0280478001
v 0.0161330104 0.00844293833 -0.0276355706
v 0.0151865399 0.00100219203 -0.0281599108
v 0.0173752904 0.0078270426 -0.0138600403
v 0.001991987 -0.00596982194 0.0319557115
v 0.00191944803 -0.00697982311 0.0319551788
v 0 -0.00700795604 0.0319991708
v 0.0150930798 -0.006732821 0.0282213595
v 0.0162046496 0.00831604004 0.0275941994
v 0.0165367108 -0.00670885993 0.0273960792
v 0.0168957692 -0.00617241813 0.0271763802
v 0.0172073208 0.00785863306 0.0269815307
v 0.00495308591 -0.00692129089 0.0316256806
v 0.00496602012 -0.00591784716 0.0316167399
v 0.00811046269 -0.00686222315 0.0309702102
v 0.0106825801 -0.00681608915 0.0301691797
v 0.0128483102 -0.00677883578 0.0293198209
v 0.0155088902 0.00917869806 0.0279896203
v 0.0195418 -0.00733917905 -0.0319707915
v 0.0199822094 -0.00680249883 -0.0315737091
v 0.0188627206 -0.0068842168 -0.0306928698
v 0.0176827293 -0.00790911913 -0.0315440185
v 0.0196551606 -0.00779181719 -0.0329803191
v 0.01804322 -0.00739318086 -0.0306454301
v 0.0179089904 -0.00685328199 -0.0295078699
v 0.0176566802 -0.00610464811 -0.0280289594
v 0.0184121691 -0.00609892607 -0.0293178502
v 0.0186029002 -0.00537311984 -0.0290812794
v 0.0171945002 -0.00694602681 -0.0284020901
v 0.0283992793 -0.00544399023 -0.0396245718
v 0.01642018 -0.0076324339 -0.0285434108
v 0.0273151305 -0.00511521101 -0.0348647796
v 0.0275977794 -0.00676691486 -0.0395928584
v 0.0279675703 -0.00617909385 -0.0410882197
v 0.0276240706 -0.00561344577 -0.0357354209
v 0.0281529408 -0.00543206884 -0.0372087918
v 0.0266339108 -0.00572651578 -0.0343677402
v 0.0268043801 -0.0061284299 -0.0348426104
v 0.0263180695 -0.00512385322 -0.0337746702
v 0.0270478092 -0.00664806319 -0.0360096619
v 0.0277724806 -0.0062174201 -0.0371658802
v 0.0274671894 -0.00673770905 -0.0378576517
v 0.0258029606 -0.00590968085 -0.0337734818
v 0.0269653704 -0.00715166284 -0.0373426601
v 0.0247916505 -0.00668233586 -0.0337240584
v 0.0245843492 -0.00597929908 -0.0331020318
v 0.0265657902 -0.00758355809 -0.0398504697
v 0.02500844 -0.00519502116 -0.0329484306
v 0.0260963999 -0.00769895315 -0.0373958908
v 0.0264263097 -0.00738489581 -0.03659904
v 0.0262576304 -0.00707429601 -0.0354091488
v 0.0254930202 -0.00776344491 -0.0362079702
v 0.0215927903 -0.00571733713 -0.0317361318
v 0.0256318394 -0.00793933775 -0.038393911
v 0.0251308605 -0.00746256113 -0.0349987112
v 0.0240046903 -0.00738847209 -0.0342016816
v 0.0241134707 -0.00789189339 -0.0353748202
v 0.0205934606 -0.00554424478 -0.0311079007
v 0.0213163402 -0.00636667013 -0.031991601
v 0.0196352601 -0.00521027995 -0.0301862303
v 0.0197289493 -0.00603783084 -0.0307343006
v 0.0163780991 -0.00799888279 -0.0302111506
v 0.0168689396 -0.0076811309 -0.0297183897
v 0.0258066598 -0.00668418407 -0.0344220884
v 0.0211907607 -0.00717777014 -0.0327202007
v 0.0260397103 -0.00573855592 -0.0721504614
v 0.0254908204 -0.00660800887 -0.0724169612
v 0.0247548204 -0.00730198622 -0.0725100636
v 0.0240529105 -0.00772273494 -0.0723908469
v 0.0233803894 -0.00795042515 -0.0729318783
v 0.0258645397 -0.00541627407 -0.0749480724
v 0.0232464001 -0.00752675487 -0.0764739513
v 0.0254151803 -0.00617474318 -0.0751711726
v 0.0218873005 0.0111120902 -0.0942225978
v 0.0215959493 0.0148680201 -0.0949982405
v 0.0224808995 0.0114102298 -0.0936847925
v 0.02277725 0.0119650299 -0.0932955667
v 0.0210925899 0.0117152901 -0.0948740765
v 0.0225521903 0.00112283195 -0.0901594684
v 0.0231584292 0.00214421703 -0.090226233
v 0.0232838895 -0.000418373005 -0.0884713531
v 0.0235074703 -0.00349658704 -0.0853009224
v 0.0231464505 -0.00185251201 -0.0874167606
v 0.0240044501 -0.00164234603 -0.0865473077
v 0.0231246892 0.00741356611 -0.0921458602
v 0.0206884705 0.00959169772 -0.0945655107
v 0.0200730506 0.0138127804 -0.0956522226
v 0.0236940905 -0.00493246317 -0.0829913616
v 0.02433764 -0.00352221704 -0.0839949772
v 0.0221689306 0.00846719742 -0.0934431478
v 0.0237116795 -0.00593775511 -0.0809993669
v 0.0246405005 -0.00501447916 -0.0810651705
v 0.0243814494 -0.00621634722 -0.0789148808
v 0.0215344392 0.00843393803 -0.0938774869
v 0.0249366704 -0.00681048585 -0.0748620629
v 0.0225508809 0.0054624672 -0.0922352597
v 0.0231387001 0.00521588279 -0.0915188715
v 0.0224356595 0.00339394808 -0.0914726779
v 0.0218800306 0.00534027815 -0.0926703811
v 0.0236148201 0.0022859571 -0.0896943808
v 0.0217640307 0.00190496398 -0.0910848901
v 0.0213329103 0.00396388723 -0.092354171
v 0.0218976103 0.000316572987 -0.0900052115
v 0.0210929494 0.00658768415 -0.0934941694
v 0.0239721499 0.00362432003 -0.0895700976
v 0.0225930195 -0.00302141905 -0.0866688415
v 0.0228307191 -0.00441759778 -0.0846736431
v 0.0250576101 -0.00556701422 -0.0786503479
v 0.0246732794 -0.00667995214 -0.0766197965
v 0.0235136691 -0.00705784513 -0.0781484172
v 0.0241524503 -0.00737661123 -0.0749522969
v 0.0239663702 0.000767515972 -0.0883443877
v 0.0245391708 0.000478764006 -0.086825192
v 0.0224235598 -0.00545698404 -0.0832645819
v 0.0245358292 -0.00130885805 -0.0857917592
v 0.0223002993 -0.000876854989 -0.0889077708
v 0.0220562797 -0.00428277208 -0.085330002
v 0.0228884201 -0.0063342452 -0.0810208321
v 0.0217311308 -0.00225305511 -0.0878868625
v 0.0249873903 -0.00370419002 -0.0821694136
v 0.0207924191 0.0162966195 -0.0957363173
v 0.0255451202 -0.00484454585 -0.0782018825
v 0.0205882099 0.0302804708 -0.0969617292
v 0.0205939393 0.0224410798 -0.0965870619
v 0.0200157706 0.0302805901 -0.0975482389
v 0.0196366291 0.0229174998 -0.0971745178
v 0.0190848093 0.0302084591 -0.0981597304
v 0.0183914304 0.036207851 -0.0988992974
v 0.0157056395 0.0529363118 -0.1001212
v 0.0171759091 0.0476001501 -0.0997645184
v 0.0191787407 0.0378535315 -0.0984676406
v 0.0108127501 0.0571125709 -0.100248702
v 0.0194800999 0.0402600691 -0.0981274173
v 0.0177351795 0.0423372313 -0.0994494483
v 0.0202445891 0.0368747711 -0.0971978903
v 0.0181767307 0.0453753993 -0.0992311835
v 0.0184619408 0.0477601215 -0.0989068672
v 0.0192019306 0.0467030406 -0.0980455801
v 0.0138442498 0.0560923815 -0.1000375
v 0.0171351992 0.0508207604 -0.0996690318
v 0.00518542482 0.0580072887 -0.100305401
v 0.0186367594 0.0502101704 -0.0982893705
v 0.0216625296 0.02069306 -0.0953439996
v 0.0175384209 0.0520625114 -0.0991897509
v 0.0169699099 0.0542411208 -0.099099867
v 0.0164172594 0.0540681407 -0.0995860621
v 0.0151672298 0.0549543984 -0.0999812409
v 0.0128736999 0.0655804798 -0.0924024507
v 0.01405543 0.0652977228 -0.0924921036
v 0.0103316903 0.0655050203 -0.0932109281
v 0.0165698491 0.0640998408 -0.0908884406
v 0.0159113407 0.0649521872 -0.0814689323
v 0.0156633798 0.0652329922 -0.0877224803
v 0.01505017 0.0654582307 -0.0826728866
v 0.0147122703 0.0656248927 -0.088611722
v 0.01532536 0.0653271601 -0.0899416208
v 0.0150550604 0.0652073622 -0.0915856883
v 0.0158943497 0.0649094507 -0.090505302
v 0.0163992606 0.0646921918 -0.08798825
v 0.0163881704 0.0645164773 -0.0819376707
v 0.01692467 0.0640449524 -0.0857770965
v 0.0158714 0.0645788908 -0.0916748568
v 0.01466888 0.0649092123 -0.0927020907
v 0.0168642402 0.0640653893 -0.0893194601
v 0.0169896409 0.063719511 -0.0817903206
v 0.0173150804 0.062882483 0.0200001001
v 0.0169629995 0.0637573004 0.0181271397
v 0.0171476603 0.0633674785 -0.0535552502
v 0.0168021899 0.06399744 -0.0472809598
v 0.0153307896 0.0653164312 -0.0619615912
v 0.01458144 0.0656249523 -0.0671235919
v 0.0165102407 0.0643734932 0.0662724301
v 0.0163102709 0.06460201 0.0333096907
v 0.0146751897 0.0655896589 -0.0436460301
v 0.0155028701 0.0652196407 -0.0427013598
v 0.01585274 0.0649920702 0.0347455703
v 0.0151282502 0.0654152632 0.067014873
v 0.0158625804 0.0649863407 0.0680481121
v 0.0161848608 0.0647160411 -0.0444974303
v 0.0146549903 0.065605931 -0.0111213904
v 0.0162526909 0.0646535084 0.0801320598
v 0.01685917 0.063907139 0.0755669996
v 0.0171028301 0.0634697601 -0.0348445103
v 0.0166608598 0.0641992018 -0.0299028102
v 0.0153238699 0.0653340816 0.0820660517
v 0.0149491997 0.0655030012 0.0886763334
v 0.0162972808 0.0646042228 0.00743704988
v 0.0157890301 0.0650414228 0.00754004717
v 0.0149550997 0.0654875636 0.00374323106
v 0.0153830601 0.065290451 0.02485287
v 0.0145825697 0.0656136796 0.0343030617
v 0.01554948 0.0651921034 -0.0123285605
v 0.0167031195 0.064150393 0.0815141723
v 0.0171629693 0.0633196831 0.0807445571
v 0.0161254406 0.0648057386 0.0836744308
v 0.0167655908 0.0641752407 0.0865920708
v 0.0157533195 0.0651230216 0.0868386626
v 0.0162382107 0.0646628067 0.0888865516
v 0.0169080403 0.0638204813 0.0888395309
v 0.0138032399 0.06558007 0.0916688368
v 0.0124314995 0.0654474422 0.0928395912
v 0.0150808599 0.0648037121 0.0922691822
v 0.0157533791 0.0646036193 0.0914805532
v 0.0148503697 0.0652771518 0.0913850591
v 0.0142179104 0.0652187988 0.0923703313
v 0.00971424486 0.065671742 0.0927336216
v 0.0155800497 0.0650672317 0.090157859
v 0.0164292399 0.0642856881 0.0900779292
v 0.0166497193 -0.00652903318 0.0737469122
v 0.0160000902 -0.00730109215 0.0283884406
v 0.0157838408 -0.00744789792 0.0731378123
v 0.0149001405 -0.00798130035 0.0297254305
v 0.0149387699 -0.00792407896 0.0736111403
v 0.0149754798 -0.00766527606 0.0769315287
v 0.0151430303 -0.00721859885 0.0794746801
v 0.0142348995 -0.00753462315 0.0797443315
v 0.0167069994 -0.0058255191 0.078409791
v 0.0166537706 -0.004944026 0.0819666907
v 0.0160101 -0.00643598987 0.0800861716
v 0.0157650094 -0.00719887018 0.0767679214
v 0.0163676701 -0.00657087518 0.0768608376
v 0.0149596902 0.00839561224 0.0942887589
v 0.0153858 0.0135911098 0.0953082964
v 0.0153963501 0.00960373785 0.0943524167
v 0.0163198095 0.0131121799 0.0944661424
v 0.0159380399 0.00782161858 0.0934519097
v 0.0167202298 0.00860446598 0.0927304029
v 0.0145952702 -0.0024813409 0.0890391394
v 0.0149896098 -0.00398463011 0.08713907
v 0.0151865399 -0.00307959295 0.0880025029
v 0.0149026504 0.00508505106 0.0932261869
v 0.0156905595 0.0053166151 0.0928112194
v 0.0145313097 -0.00508457422 0.0859240815
v 0.0153260799 -0.00504809618 0.0851612017
v 0.0148746902 -0.00596046401 0.0840096399
v 0.0158367697 -0.00408345414 0.0859513804
v 0.0157666802 -0.00565969897 0.0831931233
v 0.0163202193 -0.00400811387 0.0851079226
v 0.0160676204 0.00408661319 0.0919628069
v 0.0166879203 -0.00344622089 0.0847591087
v 0.0148917399 -0.00681000901 0.0816318914
v 0.0145309502 0.00268232799 0.0924127623
v 0.0166267697 0.00403571082 0.0911425278
v 0.0152473999 0.00320064998 0.0922619104
v 0.0148545504 0.00119626499 0.0915060565
v 0.0147566097 -0.000526103016 0.0905124471
v 0.0156189203 0.000724274025 0.0906909704
v 0.0161369406 0.00107342005 0.0903196335
v 0.0149956299 0.0180703402 0.0963850021
v 0.0165985804 0.000688926957 0.0892864987
v 0.0155417304 -0.00173884595 0.08895123
v 0.0161147099 -0.00133800495 0.088586919
v 0.0166091304 -0.00183337904 0.0871309564
v 0.0160277393 -0.00263059093 0.0874684379
v 0.0162690207 -0.00538748503 0.0823442265
v 0.0147160199 0.0245817304 0.0976085588
v 0.0153828198 0.02645736 0.097622633
v 0.0159048401 0.0211155992 0.0963994786
v 0.0165664498 0.0214474201 0.0958119035
v 0.0161689501 0.0301965401 0.0975876376
v 0.0168641191 0.0317919813 0.097009711
v 0.0147264497 0.0313848816 0.0985730812
v 0.0171284601 0.0491920114 0.0983207822
v 0.0167444292 0.0522179604 0.0987275168
v 0.0152903097 0.0350106917 0.0987808704
v 0.01639539 0.0363906585 0.0981591269
v 0.0170389991 0.0417882204 0.0978907272
v 0.015621 0.0417169295 0.0992389321
v 0.0163128302 0.0446070991 0.0989867374
v 0.0162613299 0.0539284311 0.0990317389
v 0.0157692991 0.0486012101 0.0996205211
v 0.01471275 0.0488224588 0.100050099
v 0.0145165296 0.0525209904 0.100175299
v 0.0125430804 0.0568272397 0.1000522
v 0.0129811699 0.0557514392 0.100265399
v 0.00577896787 0.0581614301 0.100241601
v 0.0159659907 0.0528708585 0.0994650126
v 0.0166217592 0.0502339602 0.0989533588
v 0.0152778002 0.0525460206 0.09991806
v 0.0139444396 0.0562084913 0.0998560712
v 0.0144867301 0.054891821 0.100034699
v 0.0169863701 0.0216280799 0.0951581001
v 0.0153466398 0.0549404584 0.0995712206
v 0.0173417293 0.0227659903 0.0719957873
v 0.0173662901 0.0217305999 0.0719509125
v 0.0152553301 0.0226893406 0.0719728991
v 0.0152553301 0.0215855204 0.0718559027
v 0.00199615909 0.0158274695 0.0963169932
v 0.00183290197 0.00944858696 0.100324601
v 0.000592975004 0.0105020897 0.0986348316
v 0.000517551962 0.0120810196 0.0976516604
v 0 0.0105046602 0.0985481068
v 0.00102555705 0.01056593 0.0988401696
v 0 0.01258903 0.0971913263
v 0.001766562 0.0121678701 0.0987897515
v 0.00153350795 0.0101221204 0.0995039865
v 0.00118720497 0.0122491699 0.0979200602
v 0 0.0137254503 0.0962564275
v 0.00103580905 0.00540101482 0.100262702
v 0.00102001405 0.00694346381 0.100054197
v 0 0.00537478877 0.100030102
v 0 0.00688874722 0.099830322
v 0.000999034964 0.0138987303 0.0963897109
v 0.00146263803 0.00609582616 0.100563601
v 0.00145256496 0.01425457 0.0965480804
v 0.000523343973 0.00871020462 0.0993816778
v 0 0.00776314689 0.0996041223
v 0.00177669502 0.0146051003 0.0968470499
v 0.00102013303 0.00847726967 0.0996752307
v 0.00145137298 0.00842493679 0.100042798
v 0.00177669502 0.0061771269 0.101003401
v 0.0166291501 0.00806033611 -0.0127947899
v 0.0160927102 0.00842040684 -0.0187392794
v 0.0157104097 0.00890344288 -0.0278782193
v 0.0168452803 0.00797063112 0.00338369608
v 0.0161421802 0.00837850478 0.00299411989
v 0.0160396602 0.00847280025 -0.00674176216
v 0.0156310201 0.00898253918 -0.00816649105
v 0.0154544096 0.009310483 0.0109459097
v 0.0157999899 0.00874310732 0.0171868801
v 0.0169824306 0.00791209936 0.0131868701
v 0.0162627101 0.00829398632 0.0214142203
v 0.0163305402 0.00823569205 0.01369261
v 0.0170166399 0.00789535046 0.02209883
v 0.00779229403 -0.00686913682 -0.0310415607
v 0.00515943719 -0.00691461517 -0.0315921903
v 0.00209581805 -0.006974041 -0.0319419503
v 0 -0.00700831413 -0.0319992304
v 0.0109762503 -0.0068064332 -0.0300766807
v 0.0140630603 -0.00675344421 -0.0287488103
v 0.0174273197 0.0133364201 0.0694168806
v 0.0174365006 0.0123825604 0.0688149929
v 0.0152554503 0.0132060004 0.0693065524
v 0.0152551504 0.0121093905 0.0684718415
v 0.0173896495 0.0116976397 0.0680494905
v 0.01525521 0.0114878397 0.0675868317
v 0.0174428206 0.0111689502 0.0669997334
v 0.0174443703 0.0109769702 0.0659449622
v 0.0152553301 0.0176178794 0.0707532689
v 0.0174640995 0.0173562709 0.070751898
v 0.0173877403 0.0244373009 0.0715218708
v 0.0174548607 0.0234841704 0.071909301
v 0.0152550898 0.0242340509 0.0715895221
v 0.0152552696 0.0264376402 0.068462722
v 0.0174099803 0.0265088603 0.0684018731
v 0.01525521 0.0261356197 0.0696272179
v 0.0173917394 0.0262613203 0.0693944022
v 0.0174717307 0.0258137509 0.070313029
v 0.0152551504 0.0253234506 0.0707891509
v 0.0174331609 0.0252077505 0.0709743425
v 0.0175144002 0.0265533905 -0.0680792332
v 0.0152555099 0.0264412705 -0.0684559271
v 0.0152553301 0.0258272197 -0.0701596066
v 0.0174528304 0.0258820597 -0.0702052712
v 0.0152553301 0.0262349807 -0.0693185329
v 0.0174837708 0.0264152195 -0.0690022111
v 0.0174764898 0.0216962602 -0.0719595477
v 0.0174611807 0.02248591 -0.0720304772
v 0.01525521 0.0221362691 -0.0719615817
v 0.0174869206 0.0231146794 -0.0719873309
v 0.0152552696 0.0232336503 -0.0718917176
v 0.0174516402 0.0241306406 -0.0717030093
v 0.0152552696 0.0242910292 -0.0715517402
v 0.0174570009 0.0251646005 -0.0710260794
v 0.0152553301 0.0252239704 -0.0708765313
v 0.0152541902 0.01338958 -0.0693849921
v 0.0174946096 0.0174736306 -0.0707973167
v 0.0152540803 0.0182076003 -0.0709338114
v 0.0174916908 0.0131092602 -0.0693316981
v 0.0175478403 0.0109614097 -0.0659862682
v 0.01751565 0.0110869398 -0.0667199418
v 0.0152543103 0.0114633404 -0.0675483868
v 0.0175232198 0.01136583 -0.0675131604
v 0.0174471699 0.0120106302 -0.0684586093
v 0.0152549101 0.0122452304 -0.0686227605
v 0.01753789 0.0109628402 -0.0411085412
v 0.0174429994 0.0109767299 -0.0231027007
v 0.0176032707 0.0266191307 0.0560928509
v 0.0176241305 0.0263836905 0.0695129633
v 0.0176790301 0.0256506801 -0.0708391592
v 0.0175983906 0.0247003995 0.0715336725
v 0.0175638702 0.0220981799 0.0721059963
v 0.0176733695 0.01328706 0.0696120188
v 0.01762712 0.0114761498 0.0679637119
v 0.0176114999 0.0108650904 0.0151724797
v 0.00361722708 -0.0142365601 0.0987992808
v 0.00321483589 -0.0144835096 0.0981590673
v 0.00390034891 -0.0138995601 0.0987004563
v 0.00362145901 -0.0128102303 0.100968704
v 0.003238976 -0.01234865 0.101440698
v 0.0031430719 -0.0131513402 0.100911401
v 0.003275692 -0.0138137899 0.100117601
v 0.00363647891 -0.0136752697 0.0999874398
v 0.00388210989 -0.0133809997 0.0998944566
v 0.00314378692 -0.0142982602 0.0991868898
v 0.00388419605 -0.0109498501 0.101492703
v 0.00379735208 -0.00901901722 0.102234602
v 0.00330692506 -0.00913834479 0.102560602
v 0.00354075409 -0.0109021598 0.101917602
v 0.00312680006 -0.01107579 0.101995401
v 0.00393378688 -0.00639885617 0.102377899
v 0.0035974381 -0.006709754 0.102784902
v 0.00320064998 -0.00673151016 0.1029571
v 0.00351148797 0.00540286303 0.102856502
v 0.0031611321 0.00585293723 0.102948397
v 0.003898561 0.00614815904 0.1024042
v 0.00358945108 0.0116150901 0.1011623
v 0.00358116603 0.0135954004 0.0999717116
v 0.00313264108 0.0127288103 0.100727104
v 0.00329154707 0.0163482409 0.0977278873
v 0.00263166404 0.0172450505 0.0966836214
v 0.00388467289 0.0133839799 0.0996794105
v 0.00353997899 0.0092831254 0.102132201
v 0.00320911407 0.0110498602 0.1015919
v 0.0031328199 0.00943100359 0.102219902
v 0.00376707292 0.0155239701 0.0981542394
v 0.00388497091 0.00904655363 0.101806201
v 0.0031332369 0.00792717934 0.1026273
v 0.0039601922 0.0150730601 0.0980912372
v 0.00360286189 0.00720220804 0.102601796
v 0.00325250602 0.0147302104 0.0993083715
v 0.00140917301 -0.0144624095 0.0969782993
v 0.00228279806 -0.0144343302 0.0986482501
v 0.00221347809 0.0167474095 0.0972424671
v 0.00225025392 0.0150531502 0.0990107581
v 0.00222533895 0.0124637401 0.100870103
v 0.0022606249 0.00985634327 0.102063097
v 0.00221115304 0.00805258658 0.102563702
v 0.00224089599 0.00651889993 0.102841102
v 0.00220233202 0.00494641019 0.102952302
v 0.00224810792 -0.00608813716 0.102961503
v 0.00231248094 -0.00783258583 0.102825098
v 0.00229460001 -0.0104576899 0.1022176
v 0.00223153806 -0.0126966797 0.101228498
v 0.00225007511 -0.0136062503 0.100399002
v 0.00219744397 -0.0140700899 0.0996217132
v 0.00211006403 -0.00881099701 0.102534398
v 0.00212740805 0.01712179 0.096619837
v 0.00216245605 0.0171809699 0.0966352224
v 0.00200235797 0.0168488603 0.0965508819
v -0.00129955995 -0.00693649007 -0.0320226513
v -0.00128662505 0.00100034405 -0.0320217609
v -0.00129955995 0.00100034405 -0.0320219882
v -0.00129955995 -0.00693649007 0.0320226513
v -0.00129955995 -0.00602728082 0.0320226513
v 0.00155174697 0.0148083502 0.0960606933
v 0.00185996201 0.0154266302 0.0962181613
v 0.00177413202 0.0151395705 0.0961480066
v 0.00113308395 0.0143989902 0.095945172
v 0.00143945205 0.0146639301 0.0960217714
v 0.000980615034 0.0142820403 0.0959104821
v 0.000626780966 0.0141291004 0.0958570167
v 0 0.0140791498 0.0958368108
v -0.0127500799 -0.00578200817 0.0349997208
v -0.0127500799 0.00674998714 0.0349997208
v -0.0127500799 0.00575000001 0.03599995
v -0.0127500799 -0.00578200817 0.03599995
v -0.00807154085 -0.00586372614 0.0309864208
v -0.0114922496 -0.00580400182 0.0298766997
v -0.0138112903 -0.00572878122 0.02886861
v -0.0136486804 -0.00575381517 0.0349842906
v -0.00395309879 -0.0138972402 0.0450688601
v -0.00329077197 -0.0144898202 0.0450572297
v -0.00400030613 -0.00843012333 0.04506981
v -0.00186669803 -0.0118428404 0.0997747108
v -0.00187379098 -0.0143151795 0.0982157513
v -0.00146025396 -0.01254737 0.0986775085
v -0.000993768917 -0.00783413555 0.100058101
v -0.00149130798 -0.00773858977 0.100473002
v -0.00114500499 -0.00934356358 0.0997884199
v -0.000517261971 -0.00752162887 0.0999127626
v -0.00155645597 -0.0102016898 0.0999373719
v -0.00107186998 -0.0114395004 0.098921001
v -0.000979464967 -0.0132696601 0.0977483317
v -0.000500708004 -0.00923097134 0.0995221734
v -0.00146615505 -0.01431459 0.0973759815
v -0.00114834297 -0.00635969592 0.1003187
v -0.00172287202 -0.00633662893 0.100949802
v -0.001979172 -0.00733184814 0.101565503
v -0.00182688201 -0.00904089212 0.1007585
v -0.00196331693 -0.0108065 0.100666903
v -0.000662971928 -0.0144264596 0.0965518877
v -0.00201201392 -0.0134975296 0.100133903
v -0.00197392702 -0.0140632903 0.0988802314
v -0.00197899295 0.00730222417 0.101452999
v -0.00201553106 0.0107284104 0.101534098
v -0.00202077604 0.00654786779 0.102633901
v -0.00204354501 -0.00697666407 0.102745101
v -0.00202482892 -0.01044631 0.101992004
v -0.00199109293 0.01606673 0.0963714123
v -0.00199168897 0.01649612 0.0964697003
v -0.00197738409 0.01488965 0.0973592922
v -0.00197452307 0.0116804196 0.099830322
v -0.00201839209 0.0148295704 0.0989413783
v -0.0020501609 -0.0128782298 0.100900501
v -0.00151258695 0.0188681409 0.0969203115
v -0.00189566601 0.0190682393 0.0970867798
v 0 0.0194396898 0.0970393419
v 0 0.0195928793 0.0970744416
v -0.0152975302 0.00986433029 -0.000291088014
v -0.0152546102 0.0110704796 0.0663855597
v -0.0152701102 0.0100874901 0.0281216502
v -0.0157435499 0.001120865 0.0278593302
v -0.01541322 0.00679636002 0.0349534713
v -0.0157435499 0.001120865 0.0349477492
v -0.0153168403 0.00874245074 0.0280970894
v -0.01538336 0.00966370106 -0.0280590598
v -0.0152584901 0.0107381297 -0.0308212005
v -0.0153107001 0.00967395306 -0.0215357505
v -0.0152549697 0.0110613704 -0.0663065314
v -0.0147939296 -0.00478303386 0.0349643193
v -0.0147811696 -0.00483381702 0.0283820592
v -0.0143476101 -0.00543868495 0.0349720716
v -0.0144083397 -0.00536078215 0.0285726693
v -0.0102300597 0.0658214018 0.0668138191
v -0.0141384602 0.0657367706 0.087285988
v -0.01083076 0.0658109114 0.0665936396
v -0.0114524905 0.0658001825 0.0658128783
v -0.0113241002 0.0657673404 -0.0921297595
v -0.0139557701 0.0657203719 -0.0909308121
v -0.0140563203 0.0657392666 -0.0816202685
v -0.0122330096 0.0657640025 0.0917847082
v -0.0105582401 0.0658157989 -0.0667438507
v -0.01128304 0.065803051 -0.0661334321
v -0.0140239 0.0657038018 0.0905231833
v -0.0114903403 0.0657994077 -0.0655407906
v -0.00218343711 -0.008461833 0.0334358811
v -0.0058088298 -0.00839865208 0.0330128595
v -0.0104930904 -0.00831806567 0.0318533704
v -0.0137916803 -0.00825065281 0.0305278301
v -0.0140073802 -0.00820219517 0.0736365318
v -0.00400030613 -0.00841897726 0.0729988813
v -0.00474923803 -0.00841706898 -0.0331843384
v -0.0247831903 -0.00805902388 -0.0369289517
v -0.00821620226 -0.00835645106 -0.0324817188
v -0.02265363 -0.00808221102 -0.0722947717
v -0.0171106402 -0.00818443205 -0.0325557515
v -0.01192337 -0.00829893257 -0.0313629508
v -0.0195262991 -0.00813078787 -0.0341352783
v -0.0153128495 -0.00819682982 -0.0297649503
v -0.0134856701 0.0546193682 0.100313999
v -0.0140208602 0.0496591292 0.100205697
v -0.0141018601 0.0356802903 0.0992097184
v -0.0138635598 0.0279660802 0.0982926413
v -0.00923204422 0.0570189916 0.100387603
v -0.0145273795 0.0419852696 0.0997031927
v -0.0140962601 0.0216897707 0.0973164365
v -0.00368201709 0.0169380903 0.0966619775
v -0.00314170099 0.0172138195 0.0967255831
v -0.0140591199 0.0143988701 0.0959744379
v -0.00399172306 0.0163463298 0.0965433717
v -0.00400030613 0.0113767302 0.0955384299
v -0.00989550259 0.0582348704 0.0998629928
v -0.00741624786 0.0603616796 0.0986013412
v -0.0112783303 0.0605642088 0.097824268
v -0.0160440803 0.0576598607 0.0972645208
v -0.0155007197 0.0603878386 0.0958518311
v -0.0163100902 0.0616987906 0.0938532278
v -0.0168475509 0.0568705201 0.0965237021
v -0.0160480104 0.0553208515 0.098808758
v -0.0170946103 0.0583137795 0.0949296877
v -0.0168063603 0.0616083704 0.0929593965
v -0.0167285204 0.0541843101 0.0983725712
v -0.0173188392 0.0550562106 0.0965589806
v -0.01766943 0.0575431511 0.0936814472
v -0.0173882805 0.0522877499 0.0975803733
v -0.0171238091 0.0619368516 0.0916607901
v -0.0169484597 0.0633880422 0.0903542563
v -0.0175098702 0.0610937402 0.090830259
v -0.0182507597 0.0487459302 0.0929945707
v -0.0182514694 0.0280035697 0.0898723602
v -0.0179896895 0.0502028391 0.0953212306
v -0.0175169092 0.0440405607 0.0970792696
v -0.0178849101 0.0311608296 0.0930725336
v -0.0173105001 0.0305504203 0.0959450603
v -0.0177113395 0.0148050701 0.0904822275
v -0.0171710197 0.0139170196 0.0932577774
v -0.01824826 0.00954836607 0.0845485926
v -0.0170963407 0.00828081276 0.0917578936
v -0.0178042594 0.00973510742 0.0880571008
v -0.0173197296 0.0629692003 0.0884088203
v -0.0129851103 0.0577070117 0.0994578004
v -0.00969153643 0.06232154 0.0966290236
v -0.0113780396 0.0648002625 0.0940665007
v -0.0124719702 0.0627857968 0.09562397
v -0.0170211699 0.0040084119 0.0901288912
v -0.0177854206 0.0607001707 0.0889334008
v -0.0179294292 0.05757761 0.0921196863
v -0.0169571005 0.000966452004 0.0884554908
v -0.0139050996 0.0619959794 0.0957191512
v -0.0182497501 0.00396037102 0.0791550204
v -0.0179119091 0.0542476699 0.0945861265
v -0.0133897001 0.0647998378 0.093555212
v -0.0175663792 -0.000451478001 0.0801929832
v -0.0139472401 0.062924318 0.0949526429
v -0.0170804802 -0.00498837186 0.078175962
v -0.0169773605 -0.0039340849 0.0823816583
v -0.0182497501 0.00118190004 0.0735929012
v -0.0169216301 -0.0014835 0.0864474699
v -0.0171507001 -0.00552338315 0.0736439824
v -0.0148065602 0.0644352436 0.0931327268
v -0.0146677997 0.0617129803 0.0955059528
v -0.0182413999 0.0544772111 0.0918870494
v -0.0175012909 0.0496475101 0.0975276828
v -0.0153315598 0.0629491806 0.0939907432
v -0.0173183009 0.0632127523 0.0861241221
v -0.0182479005 0.0566239916 0.0896359012
v -0.00370407104 0.062616162 0.0969087407
v -0.00502896309 0.0590183102 0.0998082086
v -0.0158867799 0.0640639588 0.0922821686
v -0.00870489981 0.0651725531 0.0938625932
v -0.01645541 0.0637471005 0.0914916918
v -0.0182501003 0.0580128394 0.0840237066
v -0.0173358303 0.062831223 0.0814099312
v -0.0138623696 0.0571526811 0.0994117782
v -0.0149537297 0.0562747717 0.0993207619
v -0.0178574305 0.0255665109 -0.0760916993
v -0.0182600003 0.0440673791 -0.0810608193
v -0.0181229692 0.0285972897 -0.0793464109
v -0.0187149607 0.0377127491 -0.0851333067
v -0.0191749893 0.0372620784 -0.0865004584
v -0.0185452104 0.0286651794 -0.0811300203
v -0.0188738108 0.0567086898 -0.0894607306
v -0.0193282906 0.053307049 -0.0922697708
v -0.0177844707 0.0312893912 -0.0709855482
v -0.0177299306 0.0268085003 0.068434827
v -0.0178161208 0.032927569 0.076294601
v -0.0177488904 0.0264240503 0.0700774714
v -0.0177314207 0.0256443601 0.0710070133
v -0.0182723403 0.05795037 -0.0822818801
v -0.0183652006 0.0520847403 -0.0832433701
v -0.0177178308 0.0214956906 -0.072220318
v -0.0177414995 0.0231344104 -0.0723353624
v -0.0177402999 0.0130452504 -0.0695904419
v -0.0177154504 0.0267769005 -0.0685779974
v -0.0179244801 0.0123748099 -0.0704278275
v -0.0203293506 0.0227417909 -0.0827205703
v -0.0200353209 0.0120984297 -0.0764158294
v -0.0192364994 0.02463907 -0.0810459182
v -0.0212363601 0.0117478902 -0.0789460465
v -0.0177097302 0.0243620202 -0.0718687698
v -0.0177130103 0.02634787 -0.0699034333
v -0.0177477002 0.0254140403 -0.0713489577
v -0.0207207706 0.0432897806 -0.0924023911
v -0.02211022 0.0310462099 -0.090426743
v -0.0177398305 0.0244143605 0.0719321892
v -0.0233436208 0.0202245098 -0.0879119635
v -0.0242121797 0.0126367202 -0.0857120082
v -0.0199120007 0.0491968915 -0.0928778574
v -0.0185723901 0.0123130605 -0.0727839395
v -0.0182494503 0.00099497207 0.0262862407
v -0.0172530394 -0.00526499702 0.0269539896
v -0.0177546106 0.0109543204 -0.0672675297
v -0.0177205801 0.0119187804 -0.0686773583
v -0.0179448109 0.0106146904 -0.0685430691
v -0.01841259 0.00915426016 -0.0672190115
v -0.0187003594 0.00909298565 -0.0690225288
v -0.0214905106 0.00949609187 -0.0775317475
v -0.0245036408 0.0103754904 -0.0847395584
v -0.0252732597 0.00547069311 -0.080880098
v -0.0221277401 0.0072641368 -0.0761706233
v -0.0249007307 0.00768494606 -0.0829304978
v -0.0198295098 0.00735372305 -0.06876266
v -0.0198568106 0.00785112288 -0.070641689
v -0.0194296204 0.00935709383 -0.0721921325
v -0.0178012196 0.0260486007 0.0777634308
v -0.0218452197 0.00561225414 -0.0719229504
v -0.0210515205 0.00712168217 -0.0730244517
v -0.0264250003 0.00101476896 -0.0715001225
v -0.0220566299 0.00496637821 -0.0695653483
v -0.0261985604 0.00136631704 -0.0739741921
v -0.0259621106 0.00215917802 -0.0760793015
v -0.0179152396 0.0101504298 -0.0664716884
v -0.0177853107 0.00953382161 0.0693569109
v -0.0178557001 0.00779724121 0.0265553501
v -0.0177154504 0.0107297301 0.0658561513
v -0.0178924203 0.00954067707 -0.0269348007
v -0.0184661094 0.00752931787 -0.0282053892
v -0.0180669408 0.00779932691 -0.0264118295
v -0.0180655699 0.00940441992 -0.0288037602
v -0.0186094008 0.00828868058 -0.0298420694
v -0.0187200308 0.00871729758 -0.0325602219
v -0.0180251505 0.00985634327 -0.03160429
v -0.0192202907 0.00713646412 -0.0302185994
v -0.0185037795 0.00641578389 -0.0277273003
v -0.0181271397 0.00975346472 -0.0358783007
v -0.0187861305 0.00452661514 -0.0281259399
v -0.0183961298 0.00457757711 -0.0270459596
v -0.0195372701 0.0072748661 -0.0314832292
v -0.0177407209 0.0220054295 0.0723823309
v -0.0177191999 0.0172108393 0.0709867999
v -0.0193578601 0.00660759211 -0.0299600903
v -0.0186553504 0.00895029306 -0.0366383083
v -0.0196612403 0.00747567415 -0.0326550007
v -0.0194355808 0.00802576542 -0.0346952006
v -0.0205609202 0.00591707183 -0.0316786095
v -0.0203197002 0.00522130681 -0.0306663495
v -0.0192646291 0.00572329713 -0.0293179099
v -0.0193875395 0.00408744812 -0.0292056203
v -0.0209136605 0.00604969217 -0.0326806903
v -0.0183847491 0.00102412701 -0.0273040496
v -0.0182363894 0.000945812033 -0.0262968503
v -0.0203737598 0.00713819219 -0.0357758403
v -0.0210832302 0.00621658517 -0.0338197313
v -0.0214279201 0.00447022915 -0.0315769911
v -0.0226303302 0.00396889402 -0.0325577818
v -0.0221422296 0.00491762115 -0.0331183597
v -0.0236059409 0.00281345798 -0.0326409899
v -0.0221641008 0.0036175251 -0.0318409801
v -0.0193940401 0.0080305934 -0.0472382903
v -0.0206439402 0.000993823982 -0.0308034401
v -0.0208979808 0.00260722591 -0.0307986103
v -0.0215493999 0.000956509961 -0.0313647911
v -0.0247012302 0.00283002807 -0.0337985717
v -0.0234314203 0.00419777585 -0.0342983007
v -0.0177208092 0.0235047899 0.0721778795
v -0.0229076091 0.00164449203 -0.0319057703
v -0.0233439803 0.00217693998 -0.0321980081
v -0.0253549796 0.00100255001 -0.0329844318
v -0.0282769203 0.000996364979 -0.03666877
v -0.0236588102 0.00427252008 -0.0354979001
v -0.0272336602 0.000991918962 -0.0345237218
v -0.0277574006 0.000987155945 -0.0353380404
v -0.0186728798 0.00883615017 -0.0598830506
v -0.0177190304 0.0118374201 0.0686902925
v -0.0177211706 0.0109198 0.0671155974
v -0.0227290299 0.00472617103 -0.0595804416
v -0.0184445903 0.0107827103 -0.0710249469
v -0.0196744706 0.0107704904 -0.0744946003
v -0.0279871207 0.000999944983 -0.0493376218
v -0.0257534292 0.00237268209 -0.0563125014
v -0.0177504998 0.0127786295 0.069601953
v -0.0256417301 0.00355219794 -0.0785193369
v -0.0178646408 0.00779980421 -0.0238054898
v -0.0177170001 0.0107348496 -0.0218167901
v -0.0265045706 0.00096469 -0.0337588117
v -0.0242521707 0.00403213501 -0.0374579392
v -0.0286159497 0.00099796697 -0.0393742882
v -0.0177205801 0.0107893301 -0.0291875005
v -0.0181955006 0.00575780822 -0.0263233092
v -0.0177402999 0.0107541 -0.0660214424
v -0.0196644608 0.00746631622 -0.0674651787
v -0.0188912693 0.002166986 -0.0285627805
v -0.0207646992 0.00400161697 -0.0307325106
v -0.0200142208 0.003858387 -0.0299968105
v -0.0197138693 0.00128537405 -0.0299038198
v -0.0217571203 0.00588691188 -0.0358055197
v -0.0218813997 0.00307929493 -0.0314701684
v -0.0227430407 0.00518071605 -0.0395166799
v -0.0209429208 0.00625562621 -0.062748313
v -0.0285664201 -0.00454306602 -0.0386953913
v -0.0206278507 -0.00470495177 -0.0308685806
v -0.0196918193 -0.00438821316 -0.0300906301
v -0.0281111002 -0.0046505332 -0.0362374708
v -0.0276568495 -0.00449025584 -0.0351848602
v -0.0283508301 -0.00451874686 -0.0371447802
v -0.0187324807 -0.00457334518 -0.0290045701
v -0.0216501895 -0.0048092599 -0.0314579606
v -0.0268056896 -0.00473236991 -0.0340928398
v -0.0259431601 -0.00435823202 -0.0333467089
v -0.0272062998 -0.00419396115 -0.0344896913
v -0.0179099403 -0.00512677385 -0.0276744906
v -0.0246074703 -0.00435215188 -0.0326039717
v -0.0175924301 -0.00497829914 -0.0267299395
v -0.0285775606 -0.00435334397 -0.0407161117
v -0.02159857 0.0317857191 -0.0934767127
v -0.0218650103 0.02326601 -0.0949348807
v -0.0229915306 0.0133134099 -0.0928150415
v -0.0240374804 0.00983905699 -0.0881768987
v -0.02365827 0.00748169422 -0.0910424516
v -0.0243278109 0.00336027099 -0.0883629918
v -0.0251179896 -0.00187426805 -0.0834843516
v -0.0174597502 0.0628676414 -0.0855391622
v -0.0173533503 0.0633085892 -0.0883682296
v -0.0180086996 0.0607718788 -0.0892147422
v -0.0170857906 0.0633634329 -0.0904923603
v -0.0176919103 0.0611411296 -0.0916060805
v -0.0102443602 0.064981401 -0.0940738916
v -0.0164008103 0.0638195798 -0.0919706225
v -0.0170974098 0.0624889694 -0.0918735787
v -0.0154165598 0.0644339919 -0.0926652476
v -0.0164660197 0.0621298514 -0.0936785266
v -0.0156622492 0.0624618493 -0.094351761
v -0.0146534396 0.064409852 -0.0933778808
v -0.0144928005 0.0621509515 -0.095496349
v -0.0126527501 0.0649585724 -0.093691878
v -0.0113784 0.0631782413 -0.095660381
v -0.0136955297 0.0646749735 -0.0936404392
v -0.0134953205 0.063549161 -0.0947791263
v -0.00653815223 0.0612351187 -0.0979924724
v -0.0127524696 0.0608038306 -0.0972964689
v -0.0183613803 0.0587838814 -0.0915403292
v -0.0154112503 0.0595445596 -0.0968803093
v -0.0166185405 0.0592017695 -0.0959437415
v -0.00697892904 0.0586941801 -0.0999008417
v -0.00952595379 0.0606215 -0.098138392
v -0.0108498903 0.0580766201 -0.0997973606
v -0.01435667 0.0566183887 -0.0996469185
v -0.0263550803 -0.00471967412 -0.0721862316
v -0.0260064006 -0.00422811508 -0.0761116669
v -0.0255046394 -0.00319367601 -0.0805766508
v -0.0129589997 0.0572831593 -0.0997589231
v -0.0158997104 0.0558235012 -0.0992324278
v -0.0186530892 0.0520385504 -0.0975265503
v -0.0186923705 0.0548753701 -0.0949762389
v -0.0181577802 0.0550773107 -0.0964833423
v -0.0189447403 0.0552211404 -0.0929379985
v -0.0194370095 0.0499515496 -0.0960163996
v -0.0200431291 0.0469152294 -0.0948877931
v -0.0176188294 0.0543950684 -0.0981873199
v -0.0180694405 0.052855961 -0.09834259
v -0.0191904902 0.0489984713 -0.0975180194
v -0.0196608901 0.0458951518 -0.0971904323
v -0.0210727993 0.0310521703 -0.0960596725
v -0.0179383699 0.05856812 -0.093876183
v -0.0172714498 0.0601880513 -0.0940589905
v -0.01696348 0.0552825294 -0.0985168815
v -0.0173568707 0.0627406165 -0.081289582
v -0.0225999895 -0.00785529613 -0.0753104016
v -0.0209469702 -0.00215888 -0.0881344005
v -0.0218814593 -0.00617438508 -0.0819792077
v -0.0214416906 -0.00497168303 -0.0844187737
v -0.0206358396 0.00267481804 -0.0918511078
v -0.0210938994 -0.000831389974 -0.0893700123
v -0.0203592703 0.00515931798 -0.0931228325
v -0.0209229495 0.000806821976 -0.0906445906
v -0.02163052 -0.00348645402 -0.0865608975
v -0.0222267509 -0.00721681118 -0.0788616464
v -0.01972121 0.0107165501 -0.0950695202
v -0.0201930907 0.00757271005 -0.0940684602
v -0.0133791501 0.0552434288 -0.100324698
v -0.00826281309 0.0567982085 -0.100436799
v -0.0177202802 0.0326746106 -0.0988016129
v -0.0168839004 0.0397199318 -0.0995345712
v -0.0184860192 0.0252110902 -0.0977984592
v -0.0161250792 0.0477516614 -0.100075699
v -0.0191802904 0.0180201493 -0.0965760276
v -0.01730364 0.0629434511 -0.0433128998
v -0.0138376905 -0.00416731788 0.0875836611
v -0.00400030613 -0.0052562952 0.0864487812
v -0.00400030613 -0.00413072109 0.0879463479
v -0.0136058303 -0.00547575904 0.0857535005
v -0.0140286004 0.0077658291 0.0944208503
v -0.0139197698 0.00457680179 0.0933891535
v -0.00400030613 0.00588679314 0.0940794274
v -0.0135236299 -0.00304716802 0.0888584778
v -0.00400030613 -0.00277322507 0.0893720314
v -0.0139145805 -0.00690424396 0.0824761316
v -0.0136280004 -0.00764542818 0.0797687098
v -0.00400030613 -0.00752991391 0.0811370611
v -0.00400030613 -0.00650620414 0.0841457769
v -0.0138277998 -0.00172829605 0.0899843499
v -0.0137502505 -0.00635456992 0.0839583203
v -0.00400030613 -0.00084767997 0.0908978507
v -0.0139703704 -0.00805634167 0.0764588118
v -0.00400030613 -0.00818776991 0.0773473307
v -0.0137465503 0.000117135998 0.0912974998
v -0.00400024606 0.0019860859 0.092544131
v -0.0135911703 0.00249820901 0.0925621912
v -0.00399589492 0.00762206316 0.101835899
v -0.00398909999 -0.0086111417 0.101937801
v -0.00399649097 -0.0135573102 0.0986241624
v -0.00396591378 0.0115986997 0.100626796
v -0.00396043016 -0.0125954701 0.100551002
v -0.0173051897 0.007834672 -0.0269185901
v -0.0173044801 -0.00603348017 -0.0269182306
v -0.0169319492 -0.00669366121 -0.0271774493
v -0.0165816508 0.00809746888 -0.0273684803
v -0.0159863196 0.00931966305 -0.0277200304
v -0.0154074999 0.00236827089 -0.0280478001
v -0.0161330104 0.00844293833 -0.0276355706
v -0.0152618196 0.00100034405 -0.0281240903
v -0.0173752904 0.0078270426 -0.0138600403
v -0.001991987 -0.00596982194 0.0319557115
v -0.00191944803 -0.00697982311 0.0319551788
v -0.0150930798 -0.006732821 0.0282213595
v -0.0165367108 -0.00670885993 0.0273960792
v -0.0162046496 0.00831604004 0.0275941994
v -0.0168957692 -0.00617241813 0.0271763802
v -0.0172073208 0.00785863306 0.0269815307
v -0.00495308591 -0.00692129089 0.0316256806
v -0.00496602012 -0.00591784716 0.0316167399
v -0.00811046269 -0.00686222315 0.0309702102
v -0.0106825801 -0.00681608915 0.0301691797
v -0.0128483102 -0.00677883578 0.0293198209
v -0.0155088902 0.00917869806 0.0279896203
v -0.0195418 -0.00733917905 -0.0319707915
v -0.0188627206 -0.0068842168 -0.0306928698
v -0.0199822094 -0.00680249883 -0.0315737091
v -0.0176827293 -0.00790911913 -0.0315440185
v -0.0196551606 -0.00779181719 -0.0329803191
v -0.01804322 -0.00739318086 -0.0306454301
v -0.0179089904 -0.00685328199 -0.0295078699
v -0.0176566802 -0.00610464811 -0.0280289594
v -0.0186029002 -0.00537311984 -0.0290812794
v -0.0184121691 -0.00609892607 -0.0293178502
v -0.0171945002 -0.00694602681 -0.0284020901
v -0.0283992793 -0.00544399023 -0.0396245718
v -0.01642018 -0.0076324339 -0.0285434108
v -0.0273151305 -0.00511521101 -0.0348647796
v -0.0275977794 -0.00676691486 -0.0395928584
v -0.0279675703 -0.00617909385 -0.0410882197
v -0.0276240706 -0.00561344577 -0.0357354209
v -0.0281529408 -0.00543206884 -0.0372087918
v -0.0266339108 -0.00572651578 -0.0343677402
v -0.0268043801 -0.0061284299 -0.0348426104
v -0.0263180695 -0.00512385322 -0.0337746702
v -0.0277724806 -0.0062174201 -0.0371658802
v -0.0270478092 -0.00664806319 -0.0360096619
v -0.0274671894 -0.00673770905 -0.0378576517
v -0.0258029606 -0.00590968085 -0.0337734818
v -0.0269653704 -0.00715166284 -0.0373426601
v -0.0247916505 -0.00668233586 -0.0337240584
v -0.0245843492 -0.00597929908 -0.0331020318
v -0.0265657902 -0.00758355809 -0.0398504697
v -0.02500844 -0.00519502116 -0.0329484306
v -0.0260963999 -0.00769895315 -0.0373958908
v -0.0264263097 -0.00738489581 -0.03659904
v -0.0254930202 -0.00776344491 -0.0362079702
v -0.0262576304 -0.00707429601 -0.0354091488
v -0.0215927903 -0.00571733713 -0.0317361318
v -0.0256318394 -0.00793933775 -0.038393911
v -0.0251308605 -0.00746256113 -0.0349987112
v -0.0240046903 -0.00738847209 -0.0342016816
v -0.0241134707 -0.00789189339 -0.0353748202
v -0.0205934606 -0.00554424478 -0.0311079007
v -0.0213163402 -0.00636667013 -0.031991601
v -0.0196352601 -0.00521027995 -0.0301862303
v -0.0197289493 -0.00603783084 -0.0307343006
v -0.0163780991 -0.00799888279 -0.0302111506
v -0.0168689396 -0.0076811309 -0.0297183897
v -0.0258066598 -0.00668418407 -0.0344220884
v -0.0211907607 -0.00717777014 -0.0327202007
v -0.0260397103 -0.00573855592 -0.0721504614
v -0.0254908204 -0.00660800887 -0.0724169612
v -0.0247548204 -0.00730198622 -0.0725100636
v -0.0240529105 -0.00772273494 -0.0723908469
v -0.0233803894 -0.00795042515 -0.0729318783
v -0.0258645397 -0.00541627407 -0.0749480724
v -0.0232464001 -0.00752675487 -0.0764739513
v -0.0254151803 -0.00617474318 -0.0751711726
v -0.0218873005 0.0111120902 -0.0942225978
v -0.0224808995 0.0114102298 -0.0936847925
v -0.0215959493 0.0148680201 -0.0949982405
v -0.02277725 0.0119650299 -0.0932955667
v -0.0210925899 0.0117152901 -0.0948740765
v -0.0225521903 0.00112283195 -0.0901594684
v -0.0232838895 -0.000418373005 -0.0884713531
v -0.0231584292 0.00214421703 -0.090226233
v -0.0235074703 -0.00349658704 -0.0853009224
v -0.0240044501 -0.00164234603 -0.0865473077
v -0.0231464505 -0.00185251201 -0.0874167606
v -0.0231246892 0.00741356611 -0.0921458602
v -0.0206884705 0.00959169772 -0.0945655107
v -0.0200730506 0.0138127804 -0.0956522226
v -0.0236940905 -0.00493246317 -0.0829913616
v -0.02433764 -0.00352221704 -0.0839949772
v -0.0221689306 0.00846719742 -0.0934431478
v -0.0237116795 -0.00593775511 -0.0809993669
v -0.0246405005 -0.00501447916 -0.0810651705
v -0.0243814494 -0.00621634722 -0.0789148808
v -0.0215344392 0.00843393803 -0.0938774869
v -0.0249366704 -0.00681048585 -0.0748620629
v -0.0225508809 0.0054624672 -0.0922352597
v -0.0231387001 0.00521588279 -0.0915188715
v -0.0224356595 0.00339394808 -0.0914726779
v -0.0218800306 0.00534027815 -0.0926703811
v -0.0236148201 0.0022859571 -0.0896943808
v -0.0217640307 0.00190496398 -0.0910848901
v -0.0213329103 0.00396388723 -0.092354171
v -0.0218976103 0.000316572987 -0.0900052115
v -0.0210929494 0.00658768415 -0.0934941694
v -0.0239721499 0.00362432003 -0.0895700976
v -0.0225930195 -0.00302141905 -0.0866688415
v -0.0228307191 -0.00441759778 -0.0846736431
v -0.0250576101 -0.00556701422 -0.0786503479
v -0.0246732794 -0.00667995214 -0.0766197965
v -0.0235136691 -0.00705784513 -0.0781484172
v -0.0241524503 -0.00737661123 -0.0749522969
v -0.0239663702 0.000767515972 -0.0883443877
v -0.0245391708 0.000478764006 -0.086825192
v -0.0224235598 -0.00545698404 -0.0832645819
v -0.0245358292 -0.00130885805 -0.0857917592
v -0.0223002993 -0.000876854989 -0.0889077708
v -0.0220562797 -0.00428277208 -0.085330002
v -0.0228884201 -0.0063342452 -0.0810208321
v -0.0217311308 -0.00225305511 -0.0878868625
v -0.0249873903 -0.00370419002 -0.0821694136
v -0.0207924191 0.0162966195 -0.0957363173
v -0.0255451202 -0.00484454585 -0.0782018825
v -0.0205882099 0.0302804708 -0.0969617292
v -0.0200157706 0.0302805901 -0.0975482389
v -0.0205939393 0.0224410798 -0.0965870619
v -0.0190848093 0.0302084591 -0.0981597304
v -0.0196366291 0.0229174998 -0.0971745178
v -0.0183914304 0.036207851 -0.0988992974
v -0.0157056395 0.0529363118 -0.1001212
v -0.0171759091 0.0476001501 -0.0997645184
v -0.0191787407 0.0378535315 -0.0984676406
v -0.0108127501 0.0571125709 -0.100248702
v -0.0194800999 0.0402600691 -0.0981274173
v -0.0177351795 0.0423372313 -0.0994494483
v -0.0202445891 0.0368747711 -0.0971978903
v -0.0181767307 0.0453753993 -0.0992311835
v -0.0184619408 0.0477601215 -0.0989068672
v -0.0192019306 0.0467030406 -0.0980455801
v -0.0138442498 0.0560923815 -0.1000375
v -0.0171351992 0.0508207604 -0.0996690318
v -0.00518542482 0.0580072887 -0.100305401
v -0.0186367594 0.0502101704 -0.0982893705
v -0.0216625296 0.02069306 -0.0953439996
v -0.0175384209 0.0520625114 -0.0991897509
v -0.0169699099 0.0542411208 -0.099099867
v -0.0164172594 0.0540681407 -0.0995860621
v -0.0151672298 0.0549543984 -0.0999812409
v -0.0128736999 0.0655804798 -0.0924024507
v -0.01405543 0.0652977228 -0.0924921036
v -0.0103316903 0.0655050203 -0.0932109281
v -0.0165698491 0.0640998408 -0.0908884406
v -0.0159113407 0.0649521872 -0.0814689323
v -0.01505017 0.0654582307 -0.0826728866
v -0.0156633798 0.0652329922 -0.0877224803
v -0.01532536 0.0653271601 -0.0899416208
v -0.0147122703 0.0656248927 -0.088611722
v -0.0150550604 0.0652073622 -0.0915856883
v -0.0158943497 0.0649094507 -0.090505302
v -0.0163992606 0.0646921918 -0.08798825
v -0.01692467 0.0640449524 -0.0857770965
v -0.0163881704 0.0645164773 -0.0819376707
v -0.0158714 0.0645788908 -0.0916748568
v -0.01466888 0.0649092123 -0.0927020907
v -0.0168642402 0.0640653893 -0.0893194601
v -0.0169896409 0.063719511 -0.0817903206
v -0.0173150804 0.062882483 0.0200001001
v -0.0169629995 0.0637573004 0.0181271397
v -0.0171476603 0.0633674785 -0.0535552502
v -0.0168021899 0.06399744 -0.0472809598
v -0.0153307896 0.0653164312 -0.0619615912
v -0.01458144 0.0656249523 -0.0671235919
v -0.0165102407 0.0643734932 0.0662724301
v -0.0163102709 0.06460201 0.0333096907
v -0.0146751897 0.0655896589 -0.0436460301
v -0.0155028701 0.0652196407 -0.0427013598
v -0.01585274 0.0649920702 0.0347455703
v -0.0158625804 0.0649863407 0.0680481121
v -0.0151282502 0.0654152632 0.067014873
v -0.0161848608 0.0647160411 -0.0444974303
v -0.0146549903 0.065605931 -0.0111213904
v -0.01685917 0.063907139 0.0755669996
v -0.0162526909 0.0646535084 0.0801320598
v -0.0171028301 0.0634697601 -0.0348445103
v -0.0166608598 0.0641992018 -0.0299028102
v -0.0153238699 0.0653340816 0.0820660517
v -0.0149491997 0.0655030012 0.0886763334
v -0.0162972808 0.0646042228 0.00743704988
v -0.0157890301 0.0650414228 0.00754004717
v -0.0153830601 0.065290451 0.02485287
v -0.0149550997 0.0654875636 0.00374323106
v -0.0145825697 0.0656136796 0.0343030617
v -0.01554948 0.0651921034 -0.0123285605
v -0.0167031195 0.064150393 0.0815141723
v -0.0171629693 0.0633196831 0.0807445571
v -0.0161254406 0.0648057386 0.0836744308
v -0.0167655908 0.0641752407 0.0865920708
v -0.0157533195 0.0651230216 0.0868386626
v -0.0162382107 0.0646628067 0.0888865516
v -0.0169080403 0.0638204813 0.0888395309
v -0.0138032399 0.06558007 0.0916688368
v -0.0124314995 0.0654474422 0.0928395912
v -0.0150808599 0.0648037121 0.0922691822
v -0.0148503697 0.0652771518 0.0913850591
v -0.0157533791 0.0646036193 0.0914805532
v -0.0142179104 0.0652187988 0.0923703313
v -0.00971424486 0.065671742 0.0927336216
v -0.0155800497 0.0650672317 0.090157859
v -0.0164292399 0.0642856881 0.0900779292
v -0.0166497193 -0.00652903318 0.0737469122
v -0.0160000902 -0.00730109215 0.0283884406
v -0.0157838408 -0.00744789792 0.0731378123
v -0.0149001405 -0.00798130035 0.0297254305
v -0.0149387699 -0.00792407896 0.0736111403
v -0.0149754798 -0.00766527606 0.0769315287
v -0.0142348995 -0.00753462315 0.0797443315
v -0.0151430303 -0.00721859885 0.0794746801
v -0.0167069994 -0.0058255191 0.078409791
v -0.0160101 -0.00643598987 0.0800861716
v -0.0166537706 -0.004944026 0.0819666907
v -0.0157650094 -0.00719887018 0.0767679214
v -0.0163676701 -0.00657087518 0.0768608376
v -0.0149596902 0.00839561224 0.0942887589
v -0.0153858 0.0135911098 0.0953082964
v -0.0153963501 0.00960373785 0.0943524167
v -0.0163198095 0.0131121799 0.0944661424
v -0.0159380399 0.00782161858 0.0934519097
v -0.0167202298 0.00860446598 0.0927304029
v -0.0145952702 -0.0024813409 0.0890391394
v -0.0149896098 -0.00398463011 0.08713907
v -0.0151865399 -0.00307959295 0.0880025029
v -0.0149026504 0.00508505106 0.0932261869
v -0.0156905595 0.0053166151 0.0928112194
v -0.0145313097 -0.00508457422 0.0859240815
v -0.0153260799 -0.00504809618 0.0851612017
v -0.0148746902 -0.00596046401 0.0840096399
v -0.0158367697 -0.00408345414 0.0859513804
v -0.0163202193 -0.00400811387 0.0851079226
v -0.0157666802 -0.00565969897 0.0831931233
v -0.0160676204 0.00408661319 0.0919628069
v -0.0166879203 -0.00344622089 0.0847591087
v -0.0148917399 -0.00681000901 0.0816318914
v -0.0145309502 0.00268232799 0.0924127623
v -0.0166267697 0.00403571082 0.0911425278
v -0.0152473999 0.00320064998 0.0922619104
v -0.0148545504 0.00119626499 0.0915060565
v -0.0147566097 -0.000526103016 0.0905124471
v -0.0156189203 0.000724274025 0.0906909704
v -0.0161369406 0.00107342005 0.0903196335
v -0.0149956299 0.0180703402 0.0963850021
v -0.0165985804 0.000688926957 0.0892864987
v -0.0155417304 -0.00173884595 0.08895123
v -0.0161147099 -0.00133800495 0.088586919
v -0.0166091304 -0.00183337904 0.0871309564
v -0.0160277393 -0.00263059093 0.0874684379
v -0.0162690207 -0.00538748503 0.0823442265
v -0.0147160199 0.0245817304 0.0976085588
v -0.0153828198 0.02645736 0.097622633
v -0.0159048401 0.0211155992 0.0963994786
v -0.0161689501 0.0301965401 0.0975876376
v -0.0165664498 0.0214474201 0.0958119035
v -0.0168641191 0.0317919813 0.097009711
v -0.0147264497 0.0313848816 0.0985730812
v -0.0171284601 0.0491920114 0.0983207822
v -0.0167444292 0.0522179604 0.0987275168
v -0.0152903097 0.0350106917 0.0987808704
v -0.01639539 0.0363906585 0.0981591269
v -0.0170389991 0.0417882204 0.0978907272
v -0.015621 0.0417169295 0.0992389321
v -0.0163128302 0.0446070991 0.0989867374
v -0.0162613299 0.0539284311 0.0990317389
v -0.0157692991 0.0486012101 0.0996205211
v -0.0145165296 0.0525209904 0.100175299
v -0.01471275 0.0488224588 0.100050099
v -0.0125430804 0.0568272397 0.1000522
v -0.0129811699 0.0557514392 0.100265399
v -0.00577896787 0.0581614301 0.100241601
v -0.0159659907 0.0528708585 0.0994650126
v -0.0166217592 0.0502339602 0.0989533588
v -0.0152778002 0.0525460206 0.09991806
v -0.0139444396 0.0562084913 0.0998560712
v -0.0144867301 0.054891821 0.100034699
v -0.0169863701 0.0216280799 0.0951581001
v -0.0153466398 0.0549404584 0.0995712206
v -0.0173417293 0.0227659903 0.0719957873
v -0.0152553301 0.0226893406 0.0719728991
v -0.0173662901 0.0217305999 0.0719509125
v -0.0152553301 0.0215855204 0.0718559027
v -0.00199615909 0.0158274695 0.0963169932
v -0.00183290197 0.00944858696 0.100324601
v -0.000592975004 0.0105020897 0.0986348316
v -0.000517551962 0.0120810196 0.0976516604
v -0.00102555705 0.01056593 0.0988401696
v -0.00153350795 0.0101221204 0.0995039865
v -0.001766562 0.0121678701 0.0987897515
v -0.00118720497 0.0122491699 0.0979200602
v 0 0.0053584571 0.0999833271
v -0.00103580905 0.00540101482 0.100262702
v -0.00102001405 0.00694346381 0.100054197
v -0.000999034964 0.0138987303 0.0963897109
v 0 0.0138716605 0.0960161015
v -0.00146263803 0.00609582616 0.100563601
v -0.00145256496 0.01425457 0.0965480804
v -0.000523343973 0.00871020462 0.0993816778
v -0.00177669502 0.0146051003 0.0968470499
v -0.00102013303 0.00847726967 0.0996752307
v -0.00145137298 0.00842493679 0.100042798
v -0.00177669502 0.0061771269 0.101003401
v -0.0166291501 0.00806033611 -0.0127947899
v -0.0160927102 0.00842040684 -0.0187392794
v -0.0157104097 0.00890344288 -0.0278782193
v -0.0168452803 0.00797063112 0.00338369608
v -0.0160396602 0.00847280025 -0.00674176216
v -0.0161421802 0.00837850478 0.00299411989
v -0.0156310201 0.00898253918 -0.00816649105
v -0.0154544096 0.009310483 0.0109459097
v -0.0157999899 0.00874310732 0.0171868801
v -0.0169824306 0.00791209936 0.0131868701
v -0.0162627101 0.00829398632 0.0214142203
v -0.0163305402 0.00823569205 0.01369261
v -0.0170166399 0.00789535046 0.02209883
v -0.00515943719 -0.00691461517 -0.0315921903
v -0.00779229403 -0.00686913682 -0.0310415607
v -0.00209581805 -0.006974041 -0.0319419503
v -0.0109762503 -0.0068064332 -0.0300766807
v -0.0140630603 -0.00675344421 -0.0287488103
v -0.0174273197 0.0133364201 0.0694168806
v -0.0152554503 0.0132060004 0.0693065524
v -0.0174365006 0.0123825604 0.0688149929
v -0.0152551504 0.0121093905 0.0684718415
v -0.0173896495 0.0116976397 0.0680494905
v -0.01525521 0.0114878397 0.0675868317
v -0.0174428206 0.0111689502 0.0669997334
v -0.0174443703 0.0109769702 0.0659449622
v -0.0152553301 0.0176178794 0.0707532689
v -0.0174640995 0.0173562709 0.070751898
v -0.0173877403 0.0244373009 0.0715218708
v -0.0152550898 0.0242340509 0.0715895221
v -0.0174548607 0.0234841704 0.071909301
v -0.0152552696 0.0264376402 0.068462722
v -0.01525521 0.0261356197 0.0696272179
v -0.0174099803 0.0265088603 0.0684018731
v -0.0173917394 0.0262613203 0.0693944022
v -0.0174717307 0.0258137509 0.070313029
v -0.0152551504 0.0253234506 0.0707891509
v -0.0174331609 0.0252077505 0.0709743425
v -0.0175144002 0.0265533905 -0.0680792332
v -0.0152555099 0.0264412705 -0.0684559271
v -0.0152553301 0.0258272197 -0.0701596066
v -0.0152553301 0.0262349807 -0.0693185329
v -0.0174528304 0.0258820597 -0.0702052712
v -0.0174837708 0.0264152195 -0.0690022111
v -0.0174764898 0.0216962602 -0.0719595477
v -0.01525521 0.0221362691 -0.0719615817
v -0.0174611807 0.02248591 -0.0720304772
v -0.0152552696 0.0232336503 -0.0718917176
v -0.0174869206 0.0231146794 -0.0719873309
v -0.0152552696 0.0242910292 -0.0715517402
v -0.0174516402 0.0241306406 -0.0717030093
v -0.0152553301 0.0252239704 -0.0708765313
v -0.0174570009 0.0251646005 -0.0710260794
v -0.0152541902 0.01338958 -0.0693849921
v -0.0152540803 0.0182076003 -0.0709338114
v -0.0174946096 0.0174736306 -0.0707973167
v -0.0174916908 0.0131092602 -0.0693316981
v -0.0175478403 0.0109614097 -0.0659862682
v -0.01751565 0.0110869398 -0.0667199418
v -0.0152543103 0.0114633404 -0.0675483868
v -0.0175232198 0.01136583 -0.0675131604
v -0.0152549101 0.0122452304 -0.0686227605
v -0.0174471699 0.0120106302 -0.0684586093
v -0.01753789 0.0109628402 -0.0411085412
v -0.0174429994 0.0109767299 -0.0231027007
v -0.0176032707 0.0266191307 0.0560928509
v -0.0176241305 0.0263836905 0.0695129633
v -0.0176790301 0.0256506801 -0.0708391592
v -0.0175983906 0.0247003995 0.0715336725
v -0.0175638702 0.0220981799 0.0721059963
v -0.0176733695 0.01328706 0.0696120188
v -0.01762712 0.0114761498 0.0679637119
v -0.0176114999 0.0108650904 0.0151724797
v -0.00361722708 -0.0142365601 0.0987992808
v -0.00321483589 -0.0144835096 0.0981590673
v -0.00390034891 -0.0138995601 0.0987004563
v -0.00362145901 -0.0128102303 0.100968704
v -0.0031430719 -0.0131513402 0.100911401
v -0.003238976 -0.01234865 0.101440698
v -0.003275692 -0.0138137899 0.100117601
v -0.00363647891 -0.0136752697 0.0999874398
v -0.00388210989 -0.0133809997 0.0998944566
v -0.00314378692 -0.0142982602 0.0991868898
v -0.00388419605 -0.0109498501 0.101492703
v -0.00379735208 -0.00901901722 0.102234602
v -0.00354075409 -0.0109021598 0.101917602
v -0.00330692506 -0.00913834479 0.102560602
v -0.00312680006 -0.01107579 0.101995401
v -0.0035974381 -0.006709754 0.102784902
v -0.00393378688 -0.00639885617 0.102377899
v -0.00320064998 -0.00673151016 0.1029571
v -0.00351148797 0.00540286303 0.102856502
v -0.0031611321 0.00585293723 0.102948397
v -0.003898561 0.00614815904 0.1024042
v -0.00358945108 0.0116150901 0.1011623
v -0.00313264108 0.0127288103 0.100727104
v -0.00358116603 0.0135954004 0.0999717116
v -0.00329154707 0.0163482409 0.0977278873
v -0.00263166404 0.0172450505 0.0966836214
v -0.00388467289 0.0133839799 0.0996794105
v -0.00353997899 0.0092831254 0.102132201
v -0.0031328199 0.00943100359 0.102219902
v -0.00320911407 0.0110498602 0.1015919
v -0.00376707292 0.0155239701 0.0981542394
v -0.00388497091 0.00904655363 0.101806201
v -0.0031332369 0.00792717934 0.1026273
v -0.0039601922 0.0150730601 0.0980912372
v -0.00360286189 0.00720220804 0.102601796
v -0.00325250602 0.0147302104 0.0993083715
v -0.00140917301 -0.0144624095 0.0969782993
v -0.00228279806 -0.0144343302 0.0986482501
v -0.00221347809 0.0167474095 0.0972424671
v -0.00225025392 0.0150531502 0.0990107581
v -0.00222533895 0.0124637401 0.100870103
v -0.0022606249 0.00985634327 0.102063097
v -0.00221115304 0.00805258658 0.102563702
v -0.00224089599 0.00651889993 0.102841102
v -0.00220233202 0.00494641019 0.102952302
v -0.00224810792 -0.00608813716 0.102961503
v -0.00231248094 -0.00783258583 0.102825098
v -0.00229460001 -0.0104576899 0.1022176
v -0.00223153806 -0.0126966797 0.101228498
v -0.00225007511 -0.0136062503 0.100399002
v -0.00219744397 -0.0140700899 0.0996217132
v -0.00211006403 -0.00881099701 0.102534398
v -0.00212740805 0.01712179 0.096619837
v -0.00200235797 0.0168488603 0.0965508819
v 0.00129955995 -0.00693649007 -0.0320226513
v 0.00128674495 0.00100117899 -0.0320217609
v 0.00129955995 -0.00602728082 0.0320226513
v 0.00129955995 -0.00693649007 0.0320226513
v -0.00155174697 0.0148083502 0.0960606933
v -0.00177413202 0.0151395705 0.0961480066
v -0.00185996201 0.0154266302 0.0962181613
v -0.00113308395 0.0143989902 0.095945172
v -0.00143945205 0.0146639301 0.0960217714
v -0.000980615034 0.0142820403 0.0959104821
v -0.000626780966 0.0141291004 0.0958570167
v 0 0.0140468404 0.0958055779
v 0 0.0140556004 0.0958119035
v -0.00216245605 0.0171809699 0.0966352224
v -0.01083076 0.0584108792 0.0665936396
v -0.0114524905 0.0584001504 0.0658128783
v -0.0114903403 0.0583993718 -0.0655407906
v 0.0114524905 0.0584001504 0.0658128783
v 0.0114903403 0.0583993718 -0.0655407906
v 0.01128304 0.0584030114 -0.0661334321
v 0 0.0585999414 -0.0669999719
v -0.0102300597 0.0584213696 0.0668138191
v 0.0102300597 0.0584213696 0.0668138191
v 0 0.0585999414 0.0669999719
v 0.0105582401 0.0584157705 -0.0667438507
v -0.0105582401 0.0584157705 -0.0667438507
v -0.01128304 0.0584030114 -0.0661334321
v 0.01083076 0.0584108792 0.0665936396
v 0.00839394331 0.00100439705 0.0343623683
v 0.00958359241 0.00100362301 0.0342168808
v -0.0108382702 0.00100415898 0.0339512192
v -0.0125980899 0.00575000001 0.03599995
v -0.0125996396 0.00563037302 0.0359586403
v -0.0095846653 0.00100517203 0.0342174694
v -0.00839531422 0.00100588705 0.0343629085
v 0.0125641199 0.00100696005 0.0358006284
v 0.0125671001 0.00139707304 0.0358038507
v 0.0125892702 0.0053507681 0.0358275697
v 0.0125897499 0.00550961401 0.035909649
v -0.00678318692 0.00100636401 0.0343630314
v -0.0151910102 0.00100034405 -0.0281631909
v -0.0149347102 0.00100028503 -0.0283036195
v -0.00560045196 0.000999821001 -0.0314737484
v -0.00445830822 0.000999888056 -0.0317071602
v 0.00138419797 0.00100111903 -0.0319738314
v 0.00141686201 0.00100111903 -0.031972941
v -0.00853765011 0.000999878976 -0.0308632199
v -0.00843852665 0.000999878044 -0.0308932606
v 0.0123059703 0.00100010599 -0.0295483395
v -0.00835764408 0.000999875949 -0.0309101902
v 0.00835764408 0.000999898999 -0.0309101902
v 0.00445932103 0.00099998503 -0.0316979811
v 0.0118664503 0.000999931945 -0.0297106504
v 0.00939196255 0.000999865937 -0.0305674002
v -0.0123915598 0.00099995092 -0.0295086503
v -0.0130621698 0.000999966054 -0.0291976891
v 0.00439029885 0.00100004603 -0.0317149684
v -0.0154321697 0.00756198121 -0.0278028809
v -0.0154521996 0.00817978289 -0.0277737305
v 0.0152013795 0.00565004302 -0.0280681197
v -0.0126002403 0.00558668282 0.0359435603
v -0.0144569203 0.00100016501 -0.0285510402
v -0.00183451094 0.00099998503 -0.0319367014
v -0.00141698099 0.00100016501 -0.031972941
v -0.00138407899 0.00100022496 -0.0319738314
v -0.00439023878 0.000999890966 -0.0317149684
v 0.01493489 0.00100195396 -0.0283035003
v 0.0144569799 0.00100153603 -0.0285510402
v 0.00843852665 0.00099989702 -0.0308932606
v -0.0121850902 0.000999946962 -0.0296003204
v -0.0126010096 0.0055265422 0.0359159708
v -0.0126030399 0.00538492203 0.0358423516
v 0.00200629211 0.00100117899 -0.0319218002
v -0.0123059703 0.000999948941 -0.0295482799
v 0.00853765011 0.000999893877 -0.0308632199
v 0.0125899902 0.00557547808 0.0359396897
v -0.00121957005 0.00100749696 0.0343634412
v 0.0125906402 0.00575000001 0.03599995
v 0.0151427304 0.00195091905 -0.0281928107
v -0.0152080003 0.00205385592 -0.0281570498
v 0.00129955995 0.00100123801 -0.0320219882
v -0.0126497103 0.00100880803 0.0358923003
v 0.0108376099 0.00100249005 0.0339505002
v 0.0121851498 0.00100004603 -0.0296003204
v -0.0154436799 0.00796103384 -0.0277840402
v -0.0151608502 0.00927352905 -0.0277221706
v -0.0151560297 0.00931966305 -0.0277200304
v 0.01516103 0.00930899289 -0.0277160406
v 0.0151804602 0.00900131371 -0.0278447792
v 0.0153023601 0.00859022141 -0.0279329997
v 0.0152406599 0.00722491695 -0.0279997494
v 0.0022559159 0.00100106001 -0.03190016
v -0.00281494809 0.00100743701 0.0343633816
v -0.00206828094 -0.0159292202 0.088078551
v -0.00214272691 -0.0162241999 0.0884592533
v -0.00123006105 -0.0157070104 0.0882584378
v 0.00378692104 -0.02241599 0.0885828733
v 0.00432837009 -0.0207229201 0.0885882899
v 0.00385206891 -0.02131778 0.0887698531
v 0.00444626808 -0.0215471908 0.0882707164
v 0.00461661816 -0.0199178997 0.0882947966
v 0.00436997414 -0.0187193099 0.0883389115
v 0.00415587379 -0.0196752492 0.0887094066
v 0.00336557603 -0.0174474698 0.0886353776
v 0.00354528404 -0.0183929801 0.0887808725
v 0.00382512808 -0.0174860898 0.0882014632
v 0.00237149 -0.0169331394 0.0887789726
v 0.00318950391 -0.0168365203 0.0883033201
v 0.00220215297 -0.0161450505 0.0883919001
v 0.00291281892 -0.0229558907 0.0887746811
v 0.00185573101 -0.0237538796 0.0887612104
v 0.00259965612 -0.0237675905 0.0885329768
v 0.00341898203 -0.0234540701 0.088032119
v 0.00232350803 -0.0241723005 0.0882744715
v 0.000535439991 -0.0161578003 0.0887774229
v 0.00109583104 -0.0157092791 0.0883463025
v 0.00394618511 -0.02273052 0.0880934
v -6.40278959e-05 -0.0155297499 0.0883008167
v -0.000617288984 -0.0158491693 0.0886017606
v -0.00193887902 -0.0165762901 0.0887477919
v 0.00365185691 -0.0159446001 0.0770464465
v 0.00292050792 -0.0154554201 0.0769016072
v 0.00323408796 -0.0155017301 0.0781579018
v 0.0026811359 -0.0151903601 0.0825641081
v 0.00244683004 -0.0153671997 0.0849877521
v 0.00285857893 -0.0154218003 0.0837356374
v 0.00291180611 -0.0156149203 0.075830102
v -0.00501942588 -0.0175184608 0.0824497268
v -0.0054432149 -0.0187208001 0.0831824467
v -0.00476330519 -0.0175895002 0.0848274231
v 0.00264507509 -0.0150852697 0.0812063217
v 0.00204777694 -0.0149173699 0.0829543993
v -0.00418120623 -0.0179837309 0.0881156325
v -0.00496202707 -0.0188798308 0.0863562822
v -0.00430947496 -0.0184955001 0.0882916376
v -0.0044062729 -0.0170373898 0.0758368894
v -0.00490665389 -0.0174612906 0.0774367973
v -0.0047185421 -0.0172543507 0.0769014284
v -0.00490844203 -0.0178849604 0.0758249685
v -0.0050607319 -0.0175163709 0.07905709
v -0.00505775213 -0.0175453406 0.0782147571
v -0.0051061511 -0.0175327007 0.080130212
v 0.00271338201 -0.0152674904 0.077448599
v -0.00550758792 -0.0184472203 0.0801338479
v 0.00198715902 -0.0155450702 0.0868210122
v 0.00264114095 -0.0150684696 0.0799671412
v 0.00165581703 -0.0146421697 0.0805333778
v 0.00202470995 -0.0148637798 0.077982299
v 0.00265431404 -0.0151450001 0.0783475563
v 0.00265169097 -0.01510798 0.0790548325
v -0.0045183301 -0.0195968095 0.0884189606
v 0.000792567967 -0.0150153004 0.0859470293
v 0.00119292701 -0.0146475397 0.0830020308
v 0.00196587993 -0.0151592996 0.0758085176
v -0.00539934589 -0.0195536595 0.084662728
v -0.00505334092 -0.0201719403 0.0867322609
v -0.00545889093 -0.0187894702 0.0775012299
v -0.00571984006 -0.0196461007 0.0813516304
v 0.000923015003 -0.0145794703 0.0779089928
v -0.00461614085 -0.0204273406 0.0882946774
v -0.00523519516 -0.0188537203 0.0758108422
v 0.00107955898 -0.0148795201 0.0758230016
v -0.00571066095 -0.0196636897 0.0790489316
v -0.00554376794 -0.0200192891 0.0837371871
v 0.000212069004 -0.0146294199 0.0837098882
v 0.000525933981 -0.0144399405 0.0797285363
v 4.96487992e-05 -0.0148469796 0.0853128433
v -0.00554001285 -0.0200015903 0.0768021271
v -0.00540101482 -0.0201983992 0.0758209229
v -0.00542515516 -0.0204368196 0.0846596286
v -0.00560241891 -0.0202792194 0.0832080171
v -0.00565445423 -0.0203363802 0.0826396272
v -1.29589998e-05 -0.0147755696 0.0758165121
v -0.000989910914 -0.0150322299 0.0858860016
v 0.000167439008 -0.0146324001 0.0768365785
v -0.000126264 -0.0145649901 0.0832162425
v -0.005005538 -0.0213629603 0.0862790868
v -0.00432747602 -0.0217303 0.0883585811
v -0.000160259005 -0.0145198703 0.0826357603
v -0.00110310304 -0.0146153504 0.0827263519
v -0.00571537018 -0.0203944407 0.0812790319
v -0.00564116193 -0.0211865902 0.0818150565
v -0.00538426591 -0.0216870904 0.0835755989
v -0.00562673807 -0.0203070603 0.0776891708
v -0.00558120012 -0.0208067801 0.0773962066
v -0.00574040413 -0.0204428993 0.0793673918
v -0.00573587418 -0.0204239395 0.0804004595
v -0.000791283965 -0.0146549297 0.0769810602
v -0.000137894996 -0.0145485904 0.0776290819
v -0.000241246002 -0.0144475102 0.0812781379
v -0.000211364008 -0.0144686103 0.0789509416
v -0.000959220983 -0.0145078301 0.0792375207
v -0.000259753986 -0.0144324303 0.0804052874
v -0.0052635069 -0.0213252902 0.0758106112
v -0.00541943312 -0.0217655301 0.0775947496
v -0.00552052213 -0.0218295399 0.0805224702
v -0.00140535797 -0.0149600497 0.0758177564
v -0.00474530412 -0.0225239303 0.0855956003
v -0.00176477397 -0.0146764498 0.0806001425
v -0.00195682002 -0.0150449798 0.0843068883
v -0.00189578498 -0.0148380296 0.0778716803
v -0.00390577293 -0.0227725506 0.0881296322
v -0.00523382379 -0.0225464106 0.0793706104
v -0.00499397516 -0.0222187601 0.0758230612
v -0.00517529203 -0.0226128604 0.0815544128
v -0.00507432222 -0.0226414204 0.0827780887
v -0.00270748092 -0.0156923495 0.0858666822
v -0.00242948509 -0.0150508797 0.0825807974
v -0.0026375649 -0.01529455 0.0837020203
v -0.00485664606 -0.02285254 0.0837270617
v -0.00241851807 -0.0149570704 0.0800872967
v -0.00501447916 -0.0226781908 0.0773845315
v -0.00514125777 -0.0226302091 0.0789136216
v -0.00511151506 -0.0226244908 0.0782147571
v -0.0048747058 -0.0228204094 0.0768529698
v -0.00462824106 -0.0229512397 0.0758154914
v -0.00244653202 -0.0150325196 0.0787054822
v -0.002353549 -0.0153113604 0.0758213922
v -0.00262546493 -0.0152866803 0.0768655464
v -0.00289863301 -0.0153687 0.0831441209
v -0.00327104307 -0.0167750102 0.0881157517
v -0.00332623697 -0.0158662703 0.0846176073
v 0.00489246799 -0.0175516605 0.0836630389
v 0.00481230021 -0.0172678195 0.0830409527
v 0.00463485718 -0.01768893 0.0857682824
v 0.00416189386 -0.0167278592 0.0849785805
v -0.00304931402 -0.0153320404 0.081277132
v -0.00375604606 -0.0158203207 0.0812432691
v -0.00301277591 -0.0153494999 0.0821925402
v -0.00315827108 -0.0153416898 0.0804294273
v -0.00397086097 -0.0162249804 0.0834778473
v -0.00292927003 -0.0153721496 0.0775535703
v -0.00320965005 -0.01584059 0.0758165717
v 0.00480639888 -0.0177156292 0.0758188292
v 0.0044696331 -0.0171530806 0.0758122802
v 0.00492024422 -0.0175886694 0.0769573376
v 0.00480908109 -0.0173029304 0.0774522424
v 0.0048353672 -0.0171085 0.0813453719
v 0.00417548418 -0.0162304603 0.0816718936
v 0.00452661514 -0.0166984703 0.0783824921
v 0.00482541323 -0.0171668492 0.0783232376
v 0.00484108878 -0.0170753002 0.0802399516
v 0.00483381702 -0.0170979407 0.079282701
v 0.0032153721 -0.0162596703 0.0866432711
v -0.00405484391 -0.01700693 0.0863056704
v -0.003028512 -0.0153536201 0.0784899518
v -0.00383234001 -0.0159665905 0.0780901313
v 0.00394612504 -0.0164809208 0.0758178234
v 0.00361919403 -0.0159454308 0.08369302
v 0.00391119719 -0.0159475207 0.0797598884
v -0.00389307691 -0.0164376404 0.0758183524
v -0.00467342092 -0.0168794896 0.0819058418
v -0.0046889782 -0.0168241207 0.0798678324
v 0.00320166303 -0.01549685 0.0824443623
v -0.0046724081 -0.0170511603 0.0830722973
v -0.00475215912 -0.0173166897 0.0837419033
v -0.00467181206 -0.0169223491 0.0782462284
v 0.0033026929 -0.0154756904 0.0808072016
v 0.00308889104 -0.0154983401 0.0831911489
v 0.0032740829 -0.0154771199 0.0792249367
v 0.00534915878 -0.0192878805 0.0758419633
v 0.00539797498 -0.0203619003 0.075818412
v 0.00508695794 -0.0184079409 0.075810127
v 0.0042766328 -0.0234645009 0.0758259222
v 0.00383412791 -0.0239741206 0.0758189484
v 0.00464433385 -0.0229308605 0.075820677
v -0.00285673095 -0.0249271896 0.0837370679
v -0.002407789 -0.0248094201 0.0859269425
v -0.00314277411 -0.0248329602 0.0832341313
v 0.00411003781 -0.0241851192 0.0791789219
v 0.00466829492 -0.0234403592 0.0782009885
v 0.00469976617 -0.0234988909 0.0802578926
v -0.00268304301 -0.0251567904 0.0825497508
v -0.00205618097 -0.0252693798 0.0842898414
v 0.00473767519 -0.0230501797 0.0838123485
v 0.00504445983 -0.0224396493 0.0839976594
v 0.00439572288 -0.0230239592 0.0858089328
v -0.00333952904 -0.0244110208 0.0758122206
v -0.0026862619 -0.0248727202 0.0758495331
v -0.00325745298 -0.0248447005 0.078215532
v -0.00291645504 -0.0248944703 0.0768975019
v 0.00487345411 -0.0217621904 0.0864199921
v -0.00130558002 -0.0252342802 0.085936062
v -0.00149130798 -0.0246073008 0.088188231
v -0.00195425702 -0.02556872 0.0815657303
v 0.00500339223 -0.0228376891 0.0824683309
v 0.00474363519 -0.0230457708 0.0768762827
v -0.0026200409 -0.0252935793 0.0810194612
v 0.00543206884 -0.0221434794 0.0806228518
v -0.00271040201 -0.0250837803 0.0774407908
v -0.00213652803 -0.0254335403 0.0779818222
v -0.0026811359 -0.0251687709 0.0781968832
v 0.00508022308 -0.0228284001 0.0811891481
v -0.0026478169 -0.0252693798 0.0799873397
v -0.00265473104 -0.0252390504 0.0790514275
v 0.00509071304 -0.0228195693 0.0794711709
v -0.00177413202 -0.0252789799 0.0758170411
v 0.00496095419 -0.0228779893 0.0780026913
v 0.00526487781 -0.0221708398 0.0774704814
v -0.00120407296 -0.02575415 0.0822788998
v 0.00509333611 -0.0219897609 0.0758222863
v 0.00540447189 -0.0211713295 0.0842958018
v -0.00136333704 -0.0257706009 0.0797696114
v -0.000561170978 -0.0252797604 0.0863189101
v 0.00547695113 -0.02161639 0.082727313
v 0.000301030988 -0.0248880908 0.0880839825
v -0.00107628095 -0.02570563 0.0775216818
v 0.00509732915 -0.0203354303 0.0864988491
v 0.0057131052 -0.0206991993 0.0816407204
v -0.000401839003 -0.0257981997 0.0828719065
v -0.000120324999 -0.0257181507 0.0837949514
v 0.0055586691 -0.0211577397 0.0777055025
v 0.00572705222 -0.0207081996 0.0793972015
v -0.000498218986 -0.0258882008 0.0810838267
v -0.000498996989 -0.0258904006 0.0799003169
v -0.000486868987 -0.0255553108 0.0758146569
v 0.0055410862 -0.0203032997 0.083810918
v -0.000459966977 -0.0258524399 0.0786401033
v 0.000604467001 -0.0253563505 0.0859121606
v 0.0053166151 -0.0210388303 0.0758095905
v -0.000373342977 -0.0257925894 0.077745609
v -0.000188583988 -0.0257260203 0.0769597813
v 0.000158227995 -0.0258255601 0.0826508403
v 8.48707932e-05 -0.0257741194 0.0832117125
v 0.00554102613 -0.0203452706 0.0768150613
v 0.00104129303 -0.0256658103 0.0835317895
v 0.00512635708 -0.0191181302 0.0858964324
v 0.00565862609 -0.0200015903 0.0826430321
v 0.00559985591 -0.02009934 0.0831949115
v 0.000148527994 -0.0258072 0.0776875615
v 0.00148665905 -0.0257035401 0.0821461007
v 0.00561141921 -0.0191961508 0.0824445412
v 0.000233457991 -0.0259063803 0.0803674385
v 0.00136929704 -0.0257918201 0.0798738524
v 0.000243898001 -0.0259021502 0.0812744424
v 0.000760065974 -0.0257413294 0.0774083734
v 0.00571292592 -0.0199602209 0.0812791511
v 0.00574743701 -0.0199044906 0.0804096386
v 0.00571656181 -0.0199565198 0.0794855878
v 0.00561493589 -0.0191119909 0.0783761665
v 0.00563108921 -0.0200350191 0.0776992366
v 0.000886960945 -0.0255044103 0.0758190081
v 0.00162363006 -0.0250275694 0.0863961503
v 0.00144666398 -0.0245095398 0.0884119794
v 0.00477516605 -0.0183000509 0.086357832
v 0.00211197091 -0.0251944605 0.0846091509
v 0.00527238799 -0.0184259396 0.0837746188
v 0.00180184795 -0.0255134106 0.0775184631
v 0.00549352122 -0.0184124708 0.0801620409
v 0.00513583422 -0.0177446604 0.0825331211
v 0.00288403011 -0.0245000105 0.086104393
v 0.00535452319 -0.0184050202 0.0776400492
v 0.00175511802 -0.0252705198 0.0758185312
v 0.00249284506 -0.0252059102 0.0830266997
v 0.00268548704 -0.0250275098 0.0837168023
v 0.00243902206 -0.0253237393 0.0820004866
v 0.00241911411 -0.0253838301 0.0806812569
v -0.00480127288 -0.0231248103 0.0828200504
v 0.00245225406 -0.0253340602 0.0792686865
v 0.00238156295 -0.0250204206 0.0758197904
v 0.00245499611 -0.0253101494 0.0786455199
v 0.00520873023 -0.0177564006 0.0796732903
v -0.003890872 -0.0237282496 0.0857152864
v 0.00515299989 -0.0177370291 0.0786697194
v 0.00294476701 -0.02498441 0.0828052685
v 0.00249206997 -0.0252312403 0.077847302
v -0.00483822823 -0.0232371595 0.0814789534
v -0.00447457982 -0.0237203203 0.0821882412
v 0.00263214111 -0.0250597503 0.0768810511
v 0.00349539495 -0.0246839505 0.0822836682
v 0.0030121801 -0.0250037294 0.0819063708
v 0.00305652595 -0.0250131991 0.0813125893
v -0.00483220816 -0.0233060103 0.0797514319
v 0.00289869308 -0.0249746405 0.0774564669
v -0.00293242908 -0.0238198601 0.0881795809
v -0.00481224013 -0.0231656395 0.0781229734
v -0.00428265287 -0.0238472801 0.0775651336
v 0.00311678601 -0.0250039101 0.0793838501
v 0.00321781589 -0.0245063901 0.0758184716
v 0.00362062408 -0.0244923793 0.0775157213
v -0.00396925211 -0.0242663603 0.0823446512
v 0.00397163583 -0.0239950996 0.0841882825
v -0.00404530717 -0.0242512207 0.079170458
v -0.00411248207 -0.0236830693 0.0758317113
v -0.00312680006 -0.0242357794 0.0863607526
v 0.0041885972 -0.0240888502 0.0816050693
v -0.00332683302 -0.0248693209 0.0800355002
v -0.0032179351 -0.0248547103 0.0823249221
v 0.00467586517 -0.0233213902 0.08283066
v 0.00468534185 -0.0234239101 0.0819590017
v -0.00392973423 -0.0183724109 0.088612847
v -0.00393593311 -0.0190262701 0.0887417719
v -0.0042291279 -0.0204689503 0.0886730477
v -0.00373286009 -0.02166312 0.0887859985
v -0.00323319389 -0.0232040808 0.0885593221
v -0.00244867802 -0.02328985 0.0887823701
v -0.00164538599 -0.0242205206 0.0886119604
v -0.00325447298 -0.0171997491 0.0885588527
v -0.00293075992 -0.0175123792 0.0887826607
v -3.76364987e-05 -0.0242236201 0.0887748003
v -0.000118197 -0.0246707201 0.088470988
v 0.000460179988 -0.0153912902 0.0757938623
v 0.0024685259 -0.0160886608 0.0757938623
v 0.00388932205 -0.0173821393 0.0757938623
v -0.00225925399 -0.0159102008 0.0757938623
v 0.0046591158 -0.0191347003 0.0757938623
v -0.00421696901 -0.0178714301 0.0757938623
v 0.00472724391 -0.02083808 0.0757938623
v 0.00419264985 -0.0224567 0.0757938623
v -0.00480848504 -0.0205761101 0.0757938623
v 0.002800941 -0.0240787808 0.0757938623
v -0.0039960742 -0.0227844696 0.0757938623
v 0.000186243997 -0.0249963403 0.0757938623
v -0.0024891491 -0.0242841206 0.0757938623
v -0.003231704 -0.0237029102 0.0714985728
v -0.00200027204 -0.0158596598 0.0714974403
v -0.00337684108 -0.01681602 0.0715039298
v -0.00169813598 -0.0246043801 0.0715062022
v -0.00432866812 -0.0181889497 0.0715054795
v -0.00037437299 -0.0249098502 0.0715024993
v -0.00475591421 -0.0202469807 0.0715016723
v 0.001301646 -0.0247416999 0.0715132281
v 0.00319170905 -0.0237705093 0.0715047717
v -0.00434577418 -0.0221394803 0.0715014935
v -0.00448000384 -0.0185091998 0.0706790015
v -0.00371974707 -0.0178934298 0.070941031
v -0.00351154804 -0.0169712901 0.0706822798
v -0.00298249698 -0.0169811808 0.0709463879
v -0.00381439901 -0.0179302599 0.0713245198
v -0.0029532311 -0.0168653708 0.0713251233
v 0.00282466412 -0.0237012506 0.0714071319
v 0.00130856002 -0.0243315101 0.071216099
v 0.00240337802 -0.0237962008 0.0711244866
v -0.00289231492 -0.0235369802 0.0713270307
v -0.00165653205 -0.0242003202 0.0712152719
v -0.0035842061 -0.0229231697 0.0714000985
v -0.00463533401 -0.0212772992 0.0706810877
v -0.00359654403 -0.0226663891 0.0709363222
v -0.00421071006 -0.0212206803 0.0709856078
v -0.00150877202 -0.0243375301 0.0708686709
v -0.000855932012 -0.0244559608 0.0712507889
v -0.00388932205 -0.0221317392 0.0710677505
v -0.00433421088 -0.0192278605 0.0708623528
v -0.00414466811 -0.0188357793 0.0712270737
v -0.00409942819 -0.0225628 0.0706819817
v -4.94808992e-05 -0.0245440602 0.0710608885
v -0.00159925199 -0.0246616602 0.0706850216
v 0.000272133999 -0.0247120801 0.0707562491
v -0.00439846516 -0.0209779106 0.0713623688
v -0.00473225117 -0.0198718905 0.0706818625
v -0.000186716003 -0.0249305908 0.0706942603
v -0.0042984481 -0.0194780808 0.0711680576
v -0.00264418102 -0.0162184797 0.0706946775
v -0.00131267298 -0.0155897103 0.0706833005
v 0.000203777003 -0.0245962106 0.0713264272
v -0.00190877903 -0.0162370801 0.0709442422
v 0.001313388 -0.0247588698 0.0706833005
v -0.00176310504 -0.0161187593 0.0713183209
v -0.00269359304 -0.0236089807 0.0709497333
v -0.00435352279 -0.0203971807 0.0709428713
v -0.00312030292 -0.0237766504 0.0706762597
v 0.00213718391 -0.0240970794 0.0708449408
v 0.0020827651 -0.0245289803 0.0688075423
v -0.000121167992 -0.0250176098 0.068798542
v -0.00471413089 -0.02107119 0.0688005015
v -0.00474548293 -0.0191733204 0.0688131973
v 0.00276738405 -0.0240442697 0.0706903264
v -0.00415116502 -0.0226085093 0.068806231
v -0.00296938396 -0.0239468198 0.0688033625
v -0.00262725307 -0.0161217395 0.068804197
v -0.00394827081 -0.01745045 0.0687955618
v -0.00178724504 -0.0246481206 0.0687984228
v -0.00426757289 -0.0214065295 0.0685446784
v -0.00452977419 -0.0204033796 0.0686409399
v -0.00441384315 -0.02040416 0.0683175325
v 0.00246328092 -0.0238726698 0.0685297772
v 0.00105291605 -0.0246300101 0.0686966702
v 0.00175303197 -0.0242632609 0.0682659075
v -0.00165277696 -0.0247394405 0.0679910704
v -0.00113356102 -0.0245755296 0.0681163594
v -0.00283575011 -0.0241413694 0.0679926202
v -0.00367301702 -0.0176777802 0.0685123205
v -0.00274884701 -0.0166748706 0.068511717
v -0.00431674719 -0.0179058295 0.067994833
v -0.00483697606 -0.0195598602 0.0679896995
v -0.00405365182 -0.0180334393 0.068072252
v -0.00427418901 -0.0188782793 0.0685837194
v -0.001969337 -0.0241619293 0.0682564303
v -0.000790928956 -0.0246962905 0.0687107369
v -0.0025015471 -0.0239198804 0.0685823485
v -0.000655540964 -0.0245576501 0.0684140921
v -0.00403553201 -0.0228941999 0.0679823086
v -0.00335776806 -0.0231251698 0.0682259724
v -0.0042766328 -0.0216327906 0.0681626201
v -0.00374311209 -0.0226802807 0.0686042905
v -0.00450622989 -0.0195184909 0.0681035519
v -9.4097697e-05 -0.0247199498 0.0681032464
v -0.00311559392 -0.0235443097 0.0680592582
v -0.000408262014 -0.02503407 0.067994833
v 0.000869386946 -0.0249523502 0.0679909512
v -0.00437361002 -0.0194349792 0.0684162304
v 0.000483837968 -0.0245922804 0.0685047507
v -0.003252625 -0.0165442191 0.0679827332
v -0.00290799094 -0.0166556202 0.0681117103
v -0.00173449505 -0.0159785096 0.0681112409
v -0.001690745 -0.0160744097 0.0685183406
v 0.00116097904 -0.0245847702 0.0680977702
v -0.00474518491 -0.0212951303 0.0679896399
v 0.00235080696 -0.0244581606 0.0679886937
v 0.00314486003 -0.0236968305 0.068020761
v -0.00456803991 -0.0222937409 0.0661016107
v -0.00501191616 -0.0206739902 0.0660974905
v -0.00356096006 -0.0237354003 0.0661014915
v -0.00361013389 -0.0166652203 0.066106908
v -0.00184893596 -0.0154482098 0.0660985112
v -0.00194656802 -0.0157164894 0.0679879114
v -0.0023218391 -0.0246272609 0.0660887882
v -0.00117135001 -0.0250881296 0.0660976693
v -0.00443691015 -0.0178676806 0.0660942122
v -0.00490969419 -0.0190846305 0.0661104918
v 0.000567796 -0.0251923203 0.066095762
v 0.00258082105 -0.0245237295 0.0661059618
v 0.001949489 -0.0244492795 0.0655500814
v 0.00128942705 -0.0246814396 0.0657954216
v 0.000801293994 -0.0249220692 0.0653812811
v -0.00313735008 -0.0236425903 0.0658008978
v -0.00260120607 -0.0241394602 0.0659305975
v -0.00484394981 -0.0184321404 0.0652788803
v -0.0038437841 -0.0171154104 0.0653373525
v -0.00415193988 -0.0171384197 0.0652908608
v -0.00199359609 -0.0244445801 0.0655684397
v -0.00239914609 -0.0247306805 0.0652963519
v -0.00121480203 -0.0251334906 0.0652716681
v -0.00290179206 -0.0242517497 0.0653155372
v -0.00419479609 -0.0180564504 0.0655485317
v -0.00343239307 -0.0169482809 0.0655426309
v -0.00354486704 -0.0170476995 0.0658814311
v 5.85307971e-05 -0.0249367896 0.0659431219
v -0.00153791904 -0.0246631503 0.0658992529
v -0.00457620621 -0.01905936 0.0655314922
v -0.0044323802 -0.0220927 0.0653948113
v -0.00435203314 -0.0218703691 0.0657954812
v -0.00460451795 -0.0210857894 0.0655466318
v -0.00423335982 -0.0180718303 0.0658814311
v 0.00279992796 -0.0239944998 0.0658795834
v -0.00467270613 -0.0206862595 0.0658363625
v -0.00383281708 -0.0236178003 0.0652868673
v -0.0047441721 -0.0221595708 0.0652919412
v -0.000306013011 -0.0248759892 0.0655471608
v -0.00480955793 -0.0197844505 0.0653882623
v -0.00390165998 -0.0227584206 0.0658013225
v -0.00463318778 -0.0192389991 0.0658814311
v -0.00342696905 -0.0233900491 0.0655466318
v -0.0051594968 -0.0201717597 0.0652884766
v 0.000359728001 -0.0253034793 0.0652906224
v -0.00265699602 -0.0161514208 0.0653802678
v -0.002564847 -0.0162749197 0.0657470822
v -0.00309687806 -0.0160784703 0.0652968213
v -0.00194042898 -0.0154029103 0.0652936623
v -0.0020164249 -0.0158721209 0.0659254715
v 0.00211441494 -0.0245509092 0.0653595924
v 0.0020552869 -0.0248875003 0.0652927086
v -0.00392204523 -0.0164784696 0.0633932278
v -0.00039303099 -0.02554214 0.0633966327
v -0.00129079795 -0.0254064202 0.063393347
v 0.001115739 -0.02545017 0.0633911416
v -0.0051727891 -0.02170825 0.0634015724
v -0.00132423604 -0.01494342 0.0633910224
v 9.09725932e-05 -0.0150121404 0.0652928278
v 0.000589519972 -0.0148042403 0.0634002611
v -0.00538140489 -0.0201809406 0.0633906126
v -0.00278454996 -0.0155540695 0.0633922815
v -0.00468051387 -0.0228404403 0.0633922219
v 0.00469923019 -0.0180892292 0.0652888417
v 0.00455880119 -0.0173053704 0.0634073615
v 0.0040931101 -0.0170717202 0.0652915165
v 0.00350368 -0.0160661899 0.0633984208
v -0.00475358916 -0.0176429097 0.0633920431
v 0.00213307096 -0.0152239203 0.0633929297
v 0.00298929191 -0.0159825608 0.065290451
v 0.00182872999 -0.0153699499 0.0652936623
v -0.00523424102 -0.0189171396 0.063391082
v -0.00498855114 -0.0194932204 0.0630962178
v -0.00508201122 -0.0213456098 0.0633126423
v -0.00512832403 -0.0192402601 0.0633317828
v -0.00501292897 -0.0202307701 0.0629929304
v 0.000807551958 -0.0252149701 0.0627267286
v 0.000613156997 -0.0251804497 0.0630841777
v -0.000261722977 -0.0252452996 0.0627636909
v 0.000919635931 -0.0255799796 0.0625880882
v -0.00134217704 -0.0254982691 0.0625857711
v -0.00514620496 -0.0182635095 0.0625955984
v -0.0044242139 -0.0176339094 0.062718451
v -0.00363349891 -0.0164355002 0.0626634881
v -0.00296360208 -0.0244758092 0.0633307025
v -0.00337189389 -0.0243752003 0.0633881614
v -0.00421702815 -0.0229828302 0.063172102
v -0.00373220397 -0.0168365799 0.0629995987
v -0.00514817191 -0.0210345909 0.0626773834
v -0.00479870988 -0.0216026902 0.0629995987
v -0.00263810111 -0.0250020605 0.0625844523
v -0.00234991289 -0.0247024801 0.062718451
v -0.003485739 -0.0244168006 0.0625743791
v -0.00339269591 -0.0239759609 0.0627642795
v -0.00202345802 -0.0248063803 0.0631028414
v -0.00320005394 -0.0240601301 0.0630950332
v -0.00429803086 -0.0171945598 0.0633183122
v -0.00457954407 -0.0180567503 0.0630958602
v 0.00148856605 -0.0251722895 0.0633325502
v -0.000228111996 -0.0252487008 0.0632103607
v -0.00430345489 -0.0235734507 0.0625934601
v -0.0052767992 -0.0216922108 0.0625808164
v 0.00210791803 -0.0249204002 0.0626623631
v 0.00222313404 -0.0251722895 0.0625888109
v -0.0050953622 -0.0188357197 0.0626226589
v 0.00182783604 -0.0248281304 0.06299299
v -0.00483459188 -0.0186652504 0.0628120303
v -0.00541698886 -0.0193184 0.062595062
v -0.00130981195 -0.0251001697 0.0627413914
v -0.00436890079 -0.0227831602 0.062742047
v -0.00232744194 -0.0250232201 0.0633917376
v 0.00277143694 -0.0243449192 0.0630026385
v 0.00328111602 -0.02423352 0.0633246303
v -0.00130617595 -0.0251856409 0.0633163974
v -0.00240552402 -0.0152497804 0.06258744
v -0.00210750103 -0.0154559603 0.0626770779
v 0.00259488798 -0.02489358 0.0633926317
v -0.00367164589 -0.0160819199 0.0625874922
v -0.004106462 -0.0236518309 0.0634051487
v -0.00268548704 -0.0159408394 0.0629419014
v -0.00546389818 -0.0206016805 0.0625947714
v -0.00282025291 -0.0158479791 0.0633098409
v -0.00496274186 -0.0227109697 0.0614959002
v -0.00471895887 -0.01730817 0.0621618591
v -0.00495821191 -0.0230545402 0.0589677617
v -0.00402879715 -0.0242578909 0.0588559508
v -0.000122607991 -0.0256989002 0.0621615611
v -0.00296527101 -0.02509748 0.0584471785
v -0.00517094089 -0.0179329496 0.0606180988
v -0.00494104577 -0.0174657702 0.0606182814
v -0.00521892309 -0.0178849101 0.0596997701
v -0.00498473598 -0.0174394194 0.0597196817
v -0.0046852231 -0.0170376301 0.0606184006
v -0.00437146379 -0.0166237894 0.0606166683
v -0.00472497893 -0.0170134306 0.0597196817
v -0.00442463113 -0.0165970307 0.0597082302
v 0.000643779 -0.0257720891 0.0606192313
v 0.000125248 -0.02580899 0.060618341
v 0.000683369988 -0.0258390903 0.0597169884
v 0.000124564001 -0.0258580409 0.0597196817
v -0.00101727201 -0.0257765595 0.0597470403
v -0.000374338997 -0.0258481503 0.0597197413
v -0.000890079944 -0.0257356707 0.0606173798
v -0.000373014977 -0.0257968903 0.0606182218
v -0.00299155689 -0.0152692096 0.0586326085
v -0.00185221399 -0.0255957209 0.0588365085
v -0.00399231911 -0.0160607006 0.0588066503
v -0.000810334925 -0.0258388501 0.0596403405
v -0.00491434289 -0.0171863399 0.0581694208
v 0.001910388 -0.0255509596 0.0596151315
v -0.0055552721 -0.0187905394 0.0589435101
v -0.00573539687 -0.0200196505 0.0588756204
v 0.00273388601 -0.0251757503 0.0596504211
v -0.00565546704 -0.0210969392 0.05874037
v -0.0054795742 -0.0218546297 0.0587682091
v -0.00482362509 -0.0169744398 0.0454939008
v 0.00151389802 -0.0257590394 0.0454939008
v 0.00325959898 -0.0249295197 0.0454939008
v -0.00350517011 -0.0155987702 0.0454939008
v -0.00302624702 -0.0152903097 0.0520034395
v 0.00124794198 -0.0257863402 0.0494397804
v 0.00127690996 -0.0257805493 0.0459938608
v -0.00280326605 -0.0151636004 0.0522293411
v 0.000691278954 -0.0258858707 0.0499553606
v -0.00298261596 -0.0152725503 0.0471190214
v -0.000122787998 -0.0259286705 0.0581748411
v -0.00197237707 -0.0147231203 0.0454939008
v 1.08585e-05 -0.0259242598 0.0494825207
v -2.52076006e-05 -0.0259457808 0.04599398
v -0.00303280307 -0.0250506401 0.0467800386
v -0.00403267099 -0.0242546201 0.0467457101
v -0.00405651284 -0.0242828708 0.0454939008
v -0.00473630382 -0.0233622696 0.0467852913
v -0.0050877328 -0.0227741506 0.0467921384
v -0.00519156409 -0.0227086507 0.0454939008
v -0.00551193906 -0.0216882806 0.0468310714
v -0.00536990119 -0.0222117901 0.0473825298
v -0.00438106013 -0.0239016395 0.0473939702
v -0.00354754901 -0.0246856809 0.0473858714
v -0.00063607702 -0.0259113293 0.0454939008
v -0.00253111101 -0.0253648702 0.0454939008
v -0.00274425698 -0.0252114497 0.0520324111
v -0.00300902105 -0.0250638109 0.0522257015
v -0.00277447701 -0.0251825396 0.0471568704
v -0.00323277689 -0.0248990599 0.052042719
v -0.00547325611 -0.0218492094 0.0520372316
v -0.00551110506 -0.0215966702 0.0521398112
v -0.00562488986 -0.0213007294 0.0520626903
v -0.00567948818 -0.0211319905 0.0454939008
v -0.00562644005 -0.0212817099 0.0472051501
v -0.00570255518 -0.0191817209 0.0454939008
v 0.00375276804 -0.0172773004 0.0715050101
v 0.00290465308 -0.0163682103 0.0714938566
v 0.000886905938 -0.0154513698 0.071491003
v 0.00438290788 -0.0220240299 0.0715053007
v 0.0047262311 -0.0205422007 0.0715033412
v -0.00102317298 -0.01552343 0.0714948103
v 0.00459921313 -0.0189582091 0.0715062022
v 0.00166922796 -0.0161496401 0.0710449219
v 0.00225895597 -0.0163290501 0.0713649914
v 0.00238502002 -0.0165135209 0.0709382817
v 0.00437200023 -0.0182753205 0.0706813931
v 0.00407463312 -0.0186073091 0.0709497333
v 0.00431913091 -0.0195385795 0.0709449574
v 0.00339335203 -0.0229304396 0.0711027309
v 0.00391960097 -0.0222515408 0.0713239312
v 0.00120788801 -0.0158382002 0.0707765818
v 0.00442582322 -0.0196606498 0.0713450909
v 0.00406467915 -0.0217864495 0.0709439516
v 0.00350558711 -0.0229216199 0.0708308816
v 0.00461614085 -0.0214108806 0.0706806108
v 0.00362771703 -0.0171026494 0.0706804916
v 0.00404924108 -0.0184050202 0.0713248774
v 0.00102198101 -0.0158426706 0.0713698193
v 0.00344288303 -0.0173752904 0.0708623528
v 0.000333725999 -0.0158179402 0.0712348223
v 0.00340187503 -0.01742208 0.0712382719
v 0.00158673502 -0.0156727992 0.0707011819
v -0.000438898976 -0.0157591701 0.0708623528
v 0.00434929086 -0.0205458403 0.0709496737
v 0.00435662223 -0.02095991 0.0713264272
v 0.000102698003 -0.0154172098 0.0706907511
v 0.0027756691 -0.0163273197 0.0706782266
v -0.000665930973 -0.0158706903 0.0711680576
v 0.00473749591 -0.0197618604 0.0706758425
v 0.00374394609 -0.0231320206 0.0706943199
v 0.00377583504 -0.0171892606 0.0688031316
v 0.00463277102 -0.0188142601 0.068809621
v 0.00353473402 -0.0234268904 0.0688019916
v 0.00203418708 -0.0157591701 0.0688005015
v 0.00437778188 -0.0221907999 0.0687998533
v 0.000344953994 -0.0153966499 0.0688007995
v 0.00478351116 -0.0207595192 0.0688084289
v -0.00107896305 -0.0154862404 0.068811588
v 0.00299954391 -0.0234597307 0.0682953
v 0.00398099422 -0.0222833697 0.0686042905
v 0.00326848007 -0.0232492592 0.0686052963
v 0.00350004411 -0.0229414701 0.0682525635
v 0.00126850605 -0.0154651403 0.067994833
v 0.000697807001 -0.0155404201 0.0680225417
v 0.00285130693 -0.0162186008 0.0679942891
v 0.00402623415 -0.0220566895 0.0682718083
v 0.00440442516 -0.0213873293 0.0681120679
v 0.00206422806 -0.0160833001 0.0680974126
v 0.00427079201 -0.0189432502 0.0682718083
v 0.0044511552 -0.0193372909 0.0686154291
v 0.0044230218 -0.0198076908 0.0682920218
v 0.00226247311 -0.0163365602 0.06826251
v 0.00136846304 -0.0159340501 0.0685802102
v 0.00280505395 -0.0166079402 0.0686417222
v 0.00460767699 -0.01863873 0.0679884478
v 0.00406449987 -0.0174944904 0.0679703876
v 0.00454693986 -0.0191484597 0.0680469796
v 0.00377005292 -0.0177996103 0.0682160184
v 0.00054676499 -0.0157636404 0.0682718083
v 0.00384277105 -0.0178422295 0.0686048791
v -0.000463664997 -0.0153192803 0.067994833
v 0.00437521888 -0.0209317207 0.0685200021
v -0.000229186 -0.0156667195 0.068591468
v -0.000551326957 -0.0156023502 0.0680644512
v 0.0030789969 -0.0169664603 0.0682703778
v -0.000662063947 -0.0157774594 0.0682718679
v 0.00487005711 -0.0199125409 0.067994833
v 0.00465291692 -0.0216335002 0.0679912493
v 0.00384408189 -0.0231758896 0.067994833
v 0.00501328707 -0.0196908694 0.0661032721
v 0.00439977599 -0.0177065097 0.0660973117
v 0.00348514295 -0.0165126305 0.0660912916
v 0.00194960798 -0.0155271199 0.0661003515
v 0.00417947723 -0.0230175201 0.0660910606
v 0.000280798005 -0.0151308104 0.066099219
v 0.00490307808 -0.02139467 0.0660954714
v 0.00366711593 -0.0232922994 0.0660051107
v 0.00462371111 -0.0194437504 0.0657381415
v 0.0046551819 -0.0187780205 0.0660260916
v 0.00470858812 -0.0207479 0.0658728406
v 0.0042060609 -0.0178351402 0.0653862283
v 0.00466495706 -0.0189672709 0.0653980896
v -0.00131690502 -0.0156505704 0.0655477569
v -0.000340458006 -0.01538515 0.0659721419
v 0.00442647887 -0.0186510608 0.0656917021
v -0.00127541996 -0.0154366996 0.0653435513
v 0.00293773389 -0.0165159702 0.065693967
v 0.00263315393 -0.0161269903 0.0660078526
v 0.00330424309 -0.0167375803 0.0659214184
v 0.000605006993 -0.0153757297 0.0653923079
v 0.0024629829 -0.0160259604 0.065390937
v 0.00159305299 -0.0157728102 0.0657877326
v 0.00400489522 -0.0228720903 0.0653786585
v 0.00421708822 -0.0222538691 0.0655468702
v 0.00353235006 -0.0232459903 0.0656917021
v 0.0048686862 -0.0218536202 0.0652897283
v 0.00408983184 -0.0232896805 0.0652902126
v 0.00438898802 -0.0220590793 0.0659587905
v 0.00459897518 -0.0212944709 0.0654393435
v 0.00395733118 -0.0176734291 0.0657881424
v 0.00349718309 -0.0168786608 0.0653948113
v 0.000297030987 -0.0154948803 0.0657254979
v 0.00511938287 -0.0205833297 0.0652963519
v 0.00505119516 -0.0191679504 0.0652944967
v 0.0031457541 -0.0237300303 0.0654309914
v 0.0047078128 -0.0203091502 0.0655153915
v 0.00298553705 -0.0243490897 0.0652967617
v 0.00356334401 -0.0242137909 0.0633944198
v 0.005382061 -0.0200626198 0.0633991286
v 0.00526744081 -0.01902836 0.0633967519
v 0.00444835378 -0.0232399702 0.0633929893
v 0.00519496202 -0.0216328502 0.06339854
v 0.00507426215 -0.0222701393 0.0625877902
v 0.00463372422 -0.0225521903 0.0626626611
v 0.00447386503 -0.02334713 0.0625893399
v 0.00340175605 -0.01641923 0.0631884933
v 0.0050197239 -0.0195719004 0.063188009
v 0.00498878909 -0.0210720301 0.0631945133
v 0.00388795091 -0.0233961903 0.06310606
v 0.00452435017 -0.02275615 0.0633293316
v -0.000217407985 -0.0149814403 0.063288331
v 0.00489628315 -0.0176489893 0.0626021624
v 0.00476527214 -0.0180056598 0.0626361296
v 0.00547248079 -0.0204642396 0.0625785515
v 0.00508189201 -0.0198157392 0.0627704784
v 0.0046103592 -0.0181242209 0.0628874302
v 0.00240069604 -0.0155153796 0.0626377389
v 0.002164006 -0.0156624895 0.0629978701
v 0.00322204805 -0.0162432697 0.0627700612
v 0.00453996612 -0.02226918 0.0629995987
v 0.00390625 -0.0233815294 0.0628567263
v -0.000724288984 -0.01513898 0.0628232285
v -0.00172376598 -0.01542335 0.0631930828
v -0.000149171989 -0.0151306903 0.0631009266
v -0.00132185197 -0.0148427999 0.0625915527
v 4.99658017e-05 -0.0147169204 0.0625832006
v 0.00485265208 -0.0186520796 0.0632256791
v 0.00198519207 -0.01535815 0.0633294508
v 0.00148826803 -0.0149014499 0.0625995919
v 0.00285851909 -0.0154976798 0.0625893399
v 0.00494587421 -0.0212678909 0.0628120303
v 0.0042125578 -0.0173738003 0.0631425306
v 0.00130951405 -0.0153122498 0.0630962178
v 0.00353455497 -0.0243744198 0.0625943467
v 0.00342965103 -0.0241252091 0.0626389906
v 0.000844158989 -0.0151345702 0.0627198815
v 0.00400733901 -0.0170159899 0.062718451
v 0.00374144292 -0.0161718708 0.0625947714
v 0.00543481112 -0.0194768906 0.0625944734
v 0.00528675318 -0.01819342 0.0606094003
v 0.00484240009 -0.0175200701 0.0621619783
v 0.00452435017 -0.01679039 0.0605981909
v 0.00459355116 -0.01679915 0.0597018488
v 0.00360423303 -0.01569736 0.0586985908
v 0.00242733909 -0.0150130298 0.0595491491
v 0.00481677009 -0.0172488596 0.0606182814
v 0.00486141397 -0.0172244906 0.0597196817
v 0.0050594802 -0.0176844504 0.0606184006
v 0.00510042906 -0.01766246 0.0597196817
v 0.00531655503 -0.0181168895 0.0597020909
v 0.00162792206 -0.0146778198 0.0587128401
v 0.00347650005 -0.0247294903 0.0587910414
v 0.00417637778 -0.0241126996 0.0585771203
v 0.000747334969 -0.0145198703 0.0596279502
v 0.00485301018 -0.0232081395 0.0591030717
v -0.000187597994 -0.0144725395 0.0595241711
v -0.000980030978 -0.0145435901 0.0591037199
v 0.00541377021 -0.0220745802 0.05868816
v 0.0054872632 -0.0214888994 0.0604861304
v -0.00190395105 -0.0147740198 0.0589299202
v 0.00574034406 -0.0204635803 0.0586075112
v 0.00564598991 -0.0192034207 0.058849629
v 0.00495791389 -0.0230735503 0.0473886691
v -0.00247460604 -0.0150113702 0.0520427786
v -0.00256168796 -0.0150324702 0.0467433296
v 0.00434577418 -0.0239046793 0.0474169813
v 0.00418704702 -0.0240768101 0.0520370603
v -0.00213307096 -0.01483732 0.0473830588
v 0.00404262496 -0.0241934601 0.0521278903
v 0.00378865004 -0.0244821291 0.0520626903
v -0.000195144996 -0.0144280698 0.0473833606
v 0.000231459999 -0.0144049497 0.0454939008
v -0.00107413495 -0.0145364897 0.0467423201
v 0.00105804205 -0.0145455003 0.0474172793
v 0.00130540098 -0.0145800104 0.0522488914
v 0.00442695618 -0.0238875691 0.0454939008
v 0.00403612806 -0.0242586695 0.04678303
v 0.00377357006 -0.0244921409 0.0472044908
v 0.00015534999 -0.0144265797 0.0467170402
v 0.00153595197 -0.0146415196 0.0467867814
v 0.00568610383 -0.0205187201 0.0468292795
v 0.00554984808 -0.0216259304 0.046747081
v 0.00560516119 -0.0217058603 0.0454938412
v 0.00529384613 -0.0222756807 0.0468020402
v 0.00489997817 -0.0231802408 0.0467195511
v 0.00545614911 -0.0219712798 0.0473818108
v 0.00568139507 -0.02099072 0.0473855697
v 0.00182718004 -0.0147400396 0.0520604216
v 0.00275546289 -0.0150336605 0.0454938412
v 0.00182449794 -0.0147446301 0.0471674204
v 0.0048246379 -0.0169843994 0.0454939008
v 0.00503981113 -0.0174125396 0.0581724606
v 0.00571399881 -0.0192062203 0.0454938412
v 0.00573951006 -0.0203359704 0.0522256382
v 0.0057280059 -0.0200610701 0.0520419404
v 0.0057336092 -0.0200830102 0.04704272
v 0.00570887281 -0.0206121802 0.0520426594
v -0.00276946998 -0.0250159502 0.0519843102
v -0.00276011205 -0.0249969903 0.0472140312
v -0.00293046189 -0.0249705892 0.0521082804
v -0.00336283399 -0.0247651301 0.0474699698
v -0.005393147 -0.0219948199 0.0475345813
v -0.00543612195 -0.0213671308 0.0519944988
v -0.00544488383 -0.0213675406 0.0472284518
v -0.00545585109 -0.0215257406 0.0469801985
v -0.00304478407 -0.0249043107 0.0468722507
v -0.00405925512 -0.0241085794 0.0468284413
v 0.00561928703 -0.0203143898 0.0521082804
v 0.00565773202 -0.0207915306 0.0474699698
v 0.00377583504 -0.0242829304 0.0520385504
v 0.00375664211 -0.0242934208 0.0472280309
v 0.00395733118 -0.0241626501 0.0468945503
v 0.00490468694 -0.0230078101 0.0468221903
v 0.00551003218 -0.0214347206 0.0468267202
v 0.00556981517 -0.0201928597 0.0470799804
v 0.00555461599 -0.0201471392 0.0519731008
v -0.00264114095 -0.0152083598 0.0521063209
v -0.0023034811 -0.0149646401 0.0475159809
v 0.00132185197 -0.0146446796 0.0520643517
v 0.00165802205 -0.0148470402 0.0520581603
v 0.00168776501 -0.0148828002 0.04723984
v 0.00146698905 -0.0147686601 0.0468955003
v 2.31478998e-06 -0.0145102097 0.0468221903
v -0.00155639602 -0.0147203803 0.0468207486
v -0.00248003006 -0.0151710501 0.0468553901
v -0.0027863381 -0.0153507497 0.0471413694
v -0.00280576898 -0.0153430104 0.0520088002
v -0.000430907996 -0.0251735393 0.0455400907
v -0.000381966995 -0.0244803391 0.0454939604
v 0.001328766 -0.0243117809 0.0454898402
v 0.00150895095 -0.0249528196 0.045543611
v 0.000502282986 -0.0151368296 0.0455288813
v -0.00338214589 -0.0239352491 0.0455271602
v -0.00187844003 -0.0248651505 0.0455284715
v 0.00179779495 -0.0154836103 0.0455288813
v 0.00298458291 -0.0161164403 0.0455107018
v -0.00103235198 -0.0152239203 0.0455241688
v 0.00378364301 -0.0168097597 0.0455184504
v 0.00188475801 -0.0163108706 0.0455326401
v 0.00227016211 -0.0165175106 0.0455707908
v -0.00275713205 -0.0159530006 0.0455320999
v 0.00452899886 -0.0178978406 0.0455266796
v 0.00502157211 -0.0195611101 0.0455371104
v -0.0038108821 -0.0168595295 0.0455104113
v -0.00267583109 -0.0168093406 0.0455355011
v -0.00300854398 -0.0170977097 0.0455682203
v -0.00444066478 -0.0177297499 0.0455162488
v 0.00486779213 -0.0215568505 0.0455268584
v -0.00490575982 -0.0188946109 0.0455269814
v 0.00410157396 -0.0231374502 0.0455269217
v -0.00503963185 -0.0206355993 0.0455356203
v 0.00268590404 -0.0244770609 0.0455302
v -0.00446134806 -0.0225585103 0.0455271602
v 0.000435616996 -0.0256072208 0.0493293405
v 0.000631978968 -0.0255412403 0.0459938608
v 0.000720984943 -0.0255707502 0.0493618213
v -0.00237852288 -0.0245785695 0.0469492003
v -0.00225627399 -0.0246194601 0.0520022511
v -0.00254619098 -0.02442961 0.0520544611
v -0.00270855404 -0.0243669692 0.0485493504
v -0.00282949209 -0.0243109409 0.0471415482
v -0.00221931911 -0.0239765607 0.0478417799
v -0.00479733897 -0.0216330197 0.0471460782
v -0.00413340284 -0.0231024008 0.0471268818
v -0.00481426716 -0.0213289801 0.0520479009
v -0.00480866386 -0.0215022508 0.0485482216
v -0.00429832889 -0.0211582091 0.0478640683
v -0.00488901092 -0.0210073497 0.0520533286
v -0.00491708517 -0.0211152397 0.0469558798
v -0.00407868577 -0.0231992602 0.0468436405
v 0.00497120619 -0.0202700403 0.0520172082
v 0.00492990017 -0.0199202206 0.0520640016
v 0.00498580886 -0.0204237606 0.0485493504
v 0.00499772979 -0.0205565598 0.0471415482
v 0.00440311385 -0.0201955996 0.0478417799
v 0.00366270496 -0.0235997997 0.0471460782
v 0.00460302783 -0.0222901702 0.0471268818
v 0.00345873809 -0.0237675905 0.0519745909
v 0.00355493999 -0.02367514 0.0485482216
v 0.0030019281 -0.0234049503 0.0478641316
v 0.00321060396 -0.0238346402 0.05209231
v 0.00318282796 -0.0240345001 0.0519633181
v 0.00327348709 -0.0239621904 0.0469559394
v 0.00500446511 -0.0200326405 0.0469491407
v 0.00464737415 -0.0222217999 0.0468436405
v -0.00240623904 -0.01585114 0.0520539805
v -0.00271624303 -0.0160211306 0.0520600602
v -0.0022761221 -0.0157319307 0.0485493504
v -0.00218766904 -0.0163290501 0.0479372703
v -0.00217091991 -0.0156684499 0.0471472703
v -0.00218325807 -0.0162784401 0.0476976
v 0.00112843502 -0.0152784502 0.0471405908
v -0.000856589992 -0.0151894595 0.0471269414
v 0.00140714599 -0.0154259801 0.0520470105
v 0.00125473703 -0.0153455101 0.0485482216
v 0.00129896402 -0.0159658697 0.0478591882
v 0.00175029004 -0.0155250402 0.0520536304
v 0.00164419401 -0.0154459998 0.0469558798
v -0.000561739027 -0.0151275303 0.0468436405
v -0.00262242509 -0.0159112196 0.0469428301
v 0.00143569696 -0.0242738109 0.04559898
v -0.000506208977 -0.0244843904 0.0456004106
v -0.00372844911 -0.0169327203 0.0520612001
v -0.00420790911 -0.0174854305 0.0519710705
v -0.00460892916 -0.0182883702 0.0520039201
v -0.00485527515 -0.0190005302 0.0519601703
v -0.00491976691 -0.0196812097 0.0520540997
v -0.00495064212 -0.0202728491 0.0520503484
v -0.00119262899 -0.0250221994 0.0519857407
v -0.000462572993 -0.0251065399 0.0520425998
v -0.00323241903 -0.0239782892 0.0485455915
v -0.0035234089 -0.0236650705 0.0520506501
v -0.00362849189 -0.0235996805 0.0485478602
v -0.00409942819 -0.0230243802 0.05197924
v -0.00426667882 -0.0227997303 0.048547741
v -0.00441068411 -0.0224394202 0.0520458184
v -0.00468456699 -0.0218951702 0.0485509001
v -0.00468593789 -0.0217816196 0.0520395599
v 0.00492924405 -0.02102804 0.0519644618
v 0.0049110651 -0.0210720301 0.0485455282
v 0.00478124619 -0.0216041803 0.0485478602
v 0.00451856805 -0.0222995207 0.05197924
v 0.0044075842 -0.0225568991 0.048547741
v 0.0041676159 -0.0228615403 0.0520458184
v 0.00383335305 -0.0233710408 0.0485509001
v 0.00373584009 -0.0234300401 0.0520380102
v 0.001533687 -0.0249087792 0.0520232916
v 0.00233483291 -0.0245417897 0.0520514213
v 0.00493586017 -0.0193620306 0.0519499108
v 0.00474339677 -0.0186061803 0.0519661307
v 0.00441640615 -0.0178484302 0.05197566
v 0.0040277238 -0.01723212 0.0519842505
v 0.00342845893 -0.0166001897 0.05204916
v 0.00294327689 -0.0161936209 0.0520575605
v 0.00472509814 -0.0188388806 0.0520746708
v 0.00412237598 -0.0175346695 0.0520792603
v 0.00453174114 -0.0182936098 0.0520732403
v -0.00172472 -0.0154787302 0.0519644618
v -0.00167661905 -0.0154722901 0.0485455915
v -0.00115162099 -0.0153189301 0.0485478602
v -0.000418010983 -0.0151984002 0.05197924
v -0.000139735988 -0.0151662203 0.0485476814
v 0.000196918991 -0.0151827903 0.0519670807
v 0.000852313999 -0.0152564598 0.0485509001
v 0.000827066018 -0.0152937695 0.0520499907
v -0.000507457997 -0.0244637094 0.0520867705
v -0.0029997821 -0.0171144009 0.0520913601
v -0.00416374207 -0.0175768696 0.0520744286
v -0.00468277885 -0.0187452398 0.0520792603
v -0.00185584999 -0.0247060005 0.0520725809
v -0.00112628902 -0.0249292199 0.0520808101
v -0.00313705206 -0.0239560008 0.0520717502
v -0.00278663589 -0.0236070696 0.0477717482
v -0.00335562206 -0.0230690204 0.0477641784
v -0.00416672183 -0.0217353702 0.0477446318
v 0.00484359218 -0.0210005604 0.0520718582
v 0.00464612199 -0.0217593294 0.0520728193
v 0.00436663581 -0.02087152 0.0477717482
v 0.00418525888 -0.0216334406 0.0477641188
v 0.00343584991 -0.0230027996 0.0477445088
v 0.0022653339 -0.0165234208 0.0520898104
v 0.00142949796 -0.0242599193 0.0520930812
v 0.00279962993 -0.0242177192 0.0520672202
v -0.00115764095 -0.0154038602 0.0520777702
v -0.00145512796 -0.0160092693 0.0478748009
v -0.000788006932 -0.0158435106 0.0478390418
v -9.90314002e-05 -0.0157466494 0.0477670394
v 0.000703853962 -0.0158023201 0.0477647111
v -0.00265204906 -0.0167797804 0.0520939194
v 0.00185042596 -0.0162836295 0.0520935617
v -0.00155281997 -0.0240284801 0.0521314703
v -0.00366425491 -0.0223178808 0.0521088205
v -0.00285542011 -0.0232023001 0.0521352217
v -0.00362914801 -0.0181485992 0.0521436892
v -0.00416958285 -0.0195342302 0.0521124601
v -0.00420171022 -0.0203420501 0.052114781
v -0.00408631517 -0.0209417306 0.0521348082
v 0.000280150009 -0.0160211902 0.0521410704
v -0.000550860947 -0.0160883609 0.0521987602
v -0.00127661205 -0.0162140708 0.0521287918
v 0.002636194 -0.0169937592 0.0522007905
v 0.00215220405 -0.0166523401 0.0521893501
v 0.00303310109 -0.0172485095 0.0521134697
v 0.00152611698 -0.0163060408 0.0521393418
v 0.0032868979 -0.0176970903 0.0522279702
v 0.00354033709 -0.0178946797 0.0521139503
v 0.00371986604 -0.0183973908 0.05221349
v -0.00307750702 -0.0174260698 0.0522044785
v -0.00384789705 -0.0186749604 0.0521886311
v -0.00409132196 -0.0196606498 0.0522012115
v 0.00387275196 -0.0185255408 0.0521162711
v 0.0040507908 -0.0192523003 0.0521306284
v -0.00412416412 -0.0204685908 0.0521836802
v -0.0024659629 -0.0168449208 0.0521540605
v -0.00198924495 -0.0165141206 0.0521289706
v 0.00323301507 -0.0176975708 0.0547960401
v 0.00245720102 -0.0169585906 0.0548080802
v 0.00158643699 -0.0164420605 0.0548006818
v 0.001735389 -0.0238506105 0.0547824502
v 0.00245296909 -0.0234525204 0.0547277294
v 0.00222826004 -0.0236793105 0.0521324202
v 0.00283521391 -0.0232236907 0.0521380901
v 0.000644437969 -0.0161255002 0.0547251701
v 0.00319623901 -0.0227258801 0.0547447801
v 0.00345182396 -0.0224891901 0.0521442182
v -0.000387444976 -0.0161021296 0.0547300503
v 0.00353521109 -0.0221345406 0.0548039004
v 0.00381487608 -0.0218207799 0.0521440506
v -0.00138318504 -0.0163161699 0.0547267683
v 0.00392204523 -0.0213509202 0.0547361299
v 0.00405561877 -0.0210990906 0.0521384403
v -0.00240582204 -0.0168566704 0.0547229014
v 0.0040379758 -0.0205338504 0.0547853708
v 0.0041548009 -0.0200672094 0.0521467291
v 0.00404304219 -0.0200616103 0.0547993705
v 0.0040020938 -0.0195284393 0.0547975302
v 0.00383538008 -0.0188628994 0.0547944307
v -0.00138986099 -0.0240389109 0.05472368
v -0.00148499 -0.0238911491 0.0548280403
v -0.000220249 -0.0241867807 0.0548250601
v -0.000151253 -0.0242642704 0.0547298715
v 0.000872910954 -0.0241442304 0.0547930002
v 0.00260859705 -0.0232067108 0.0548323318
v -0.00247698999 -0.0233724695 0.0548095703
v 0.00383818103 -0.0212498903 0.0548323914
v -0.00386595703 -0.0223692004 0.047941681
v -0.00294196606 -0.0235307198 0.0479834005
v 0.00383430696 -0.0224251691 0.0479416214
v 0.00437825918 -0.0210442506 0.0479834005
v 0.000372601004 -0.0157381203 0.04795295
v 0.000748994993 -0.0243628602 0.0520968996
v -0.00330024911 -0.0226514302 0.0522006713
v 0.00143796206 -0.0240685903 0.052157931
v -1.38900996e-05 -0.0243247095 0.0521463118
v -0.000560278946 -0.0242802501 0.0521716401
v -0.00217848993 -0.0236847401 0.0521712787
v 0.000656422984 -0.0242442992 0.0522054993
v -0.00379812694 -0.0218107104 0.0521904193
v -0.00309586502 -0.0174957495 0.0547199808
v -0.00368249393 -0.01840204 0.0547575317
v -0.00391632318 -0.0190939903 0.0547941886
v -0.00408559991 -0.0201433301 0.0547508001
v -0.00399845792 -0.0208268706 0.0547990203
v -0.00383335305 -0.0214850903 0.0547960885
v -0.00324046589 -0.0226381402 0.0547972918
v -0.0040007229 -0.0199336391 0.0548231602
v 0.000220289992 -0.0161618497 0.0548257791
v -0.00139903999 -0.0164073091 0.0548280403
v -0.0025015471 -0.0170536004 0.0548275709
v -0.00319868303 -0.0177673101 0.0548275709
v -0.00150877202 -0.02178514 0.0548438989
v -0.000193878004 -0.0228858497 0.0548438989
v -0.000437747978 -0.0211397391 0.0548438989
v -0.00129562605 -0.0212182403 0.0548438989
v -0.00111001695 -0.0202717092 0.0548438989
v -0.00209164596 -0.0216162801 0.0548438989
v 0.00230997801 -0.02079379 0.0548438989
v 0.002131104 -0.0213737991 0.0548438989
v -0.00187844003 -0.0210493803 0.0548438989
v -0.000498434994 -0.0177745204 0.0548438989
v 0.000105545994 -0.01779145 0.0548438989
v 0.001538813 -0.0212435108 0.0548438989
v -0.00067942898 -0.0192901995 0.0548438989
v -0.0022554989 -0.0186456405 0.0548438989
v -0.000564825023 -0.0183821898 0.0548438989
v 0.00244593597 -0.0189866405 0.0548438989
v -0.00263512111 -0.0195619408 0.0548438989
v 0.000787718978 -0.0227665305 0.0548438989
v 0.00185251201 -0.0181970503 0.0548438989
v 0.00105547905 -0.0200709701 0.0548438989
v 0.00171762705 -0.0206632596 0.0548438989
v 0.000640153943 -0.02108711 0.0548438989
v 0.000437615992 -0.0191920307 0.0548438989
v 3.91597969e-05 -0.0183991101 0.0548438989
v -0.000418318989 -0.0177462101 0.0507589504
v -0.000613655953 -0.0180637799 0.0507090613
v -0.000432767003 -0.0184291005 0.0507827401
v -4.09634013e-05 -0.01842767 0.0507589504
v -5.75396007e-05 -0.0177411996 0.0507201515
v -0.000163485995 -0.0179172102 0.0505173206
v -0.000382745988 -0.0180456601 0.0505138598
v -0.000299823005 -0.0183510091 0.05057716
v -0.000122609999 -0.0181306601 0.0504951999
v -0.00193291903 -0.0211158302 0.0507313013
v -0.00205427408 -0.0213475805 0.050697621
v -0.00201672292 -0.0215735398 0.0506576188
v -0.00180941797 -0.0217913892 0.0507581197
v -0.00145435298 -0.0217185598 0.0507313013
v -0.00166559196 -0.0216132402 0.0505325086
v -0.00176525104 -0.0213072207 0.0504928194
v -0.00130951405 -0.0214021802 0.050704591
v -0.00151377905 -0.0213190299 0.0505249985
v 0.00193136896 -0.0206358396 0.0507205091
v 0.00160390104 -0.0208045803 0.0507540703
v 0.00155776704 -0.0210141502 0.0506961308
v 0.00163245201 -0.0212722402 0.0507537685
v 0.00191736198 -0.0214014594 0.0507205091
v 0.00221633911 -0.0207650606 0.0507537685
v 0.00229096389 -0.0210230909 0.0506961308
v 0.00204372406 -0.0211033206 0.0504902601
v 0.00180190802 -0.0209333301 0.0504902601
v -0.00115770102 -0.0202382803 0.0556436107
v -0.00263786293 -0.0195585396 0.0556436107
v -0.000460504991 -0.0210803095 0.0556436107
v -0.000195578003 -0.0228922907 0.0556436107
v 0.000787012978 -0.0227631293 0.0556436107
v 0.000638174999 -0.0210209396 0.0556436107
v 0.00110536802 -0.0200278107 0.0556436107
v 0.00244188309 -0.0190002304 0.0556436107
v 0.00186264503 -0.01819258 0.0556436107
v 0.000500683032 -0.0191538297 0.0556436107
v -0.000617178972 -0.0193120204 0.0556436107
v -0.00225096894 -0.0186501704 0.0556436107
v 0.000154380003 -0.0181100909 0.0507090613
v -0.00157785404 -0.0210430007 0.0507581197
v 0.00224477006 -0.0212327205 0.0507540703
v 0.000533719023 -0.0204493403 0.0556436107
v -0.000513985986 -0.0198886897 0.0556072518
v 0.000182133008 -0.0194498301 0.0556102917
v 0.000420689001 -0.0194237195 0.0555936582
v -0.000421984005 -0.0207237601 0.0555688702
v 0.000209436985 -0.0200264994 0.0556436107
v 0.000426600978 -0.0202078205 0.0554438792
v -0.000168928003 -0.0204183403 0.0555936582
v -0.000208432 -0.0201417804 0.05561506
v 0.00053459598 -0.0204575006 0.0554438792
v 0.00017068701 -0.0198939405 0.0554438792
v -0.000236001986 -0.0202202201 0.0554438792

# 0 UV coordinates

# 6991 vertex normals
vn 0.4760167 -0.81283623 0.335716397
vn 0.923720419 -0.274861813 0.26681751
vn 0.354583591 0.537203372 -0.76529938
vn 0.356485367 -0.716924012 0.599114418
vn 0.254208863 0.529997647 -0.808999598
vn 0.993509591 -0.0814208984 0.0794321895
vn 0.647509813 -0.573574722 0.501740098
vn 0.313032597 -0.754735112 0.576528907
vn 0.829918385 0.30118376 -0.469599545
vn 0.808691919 0.339440495 -0.480414093
vn 0.344276875 -0.782743573 0.518445611
vn 0.361831993 0.610906601 -0.704180896
vn 0.952700675 0.107727401 -0.284176409
vn 0.0297409203 -0.144390494 0.989073813
vn 0.194481537 -0.854452193 0.481755674
vn 0.624174297 -0.673915684 0.395277202
vn 0.979271889 0.132841185 -0.152904779
vn 0.727734625 -0.582579374 0.361944288
vn 0.265737891 0.718082905 -0.643226504
vn 0.296000391 -0.182918906 0.937509775
vn 0.809272587 0.461900294 -0.362940907
vn 0.487675011 -0.154662997 0.859216213
vn 0.547303677 0.602596223 -0.580806792
vn 0.545747161 -0.161381111 0.822262943
vn 0.84790951 -0.459457248 0.26447767
vn 0.997308612 -0.0593004189 0.0431169197
vn 0.893810391 -0.381962866 0.234962836
vn 0.727127969 -0.138964087 0.672290027
vn 0.946793914 -0.075340271 0.312898099
vn 0.38454029 0.743491709 -0.547127903
vn 0.0264931899 0.745839775 -0.665598392
vn 0.131281093 -0.313224912 0.940561295
vn 0.988516092 -0.132461518 0.0727325678
vn 0.989376187 0.119533099 -0.0827444121
vn 0.771814704 -0.145477787 0.618981659
vn 0.344601512 -0.888343871 0.303471595
vn 0.0345387347 0.862239897 -0.505321145
vn 0.478583604 -0.817046225 0.321548194
vn 0.886205375 0.405402005 -0.224252895
vn 0.987327695 0.0508666597 -0.150321707
vn 0.690513194 0.601399422 -0.401883394
vn 0.743393898 0.112208799 -0.659374595
vn 0.876288176 0.0696745515 -0.476722687
vn 0.29994151 0.176422998 -0.937502086
vn 0.30710271 0.801489413 -0.513130307
vn 0.718695402 -0.657974184 0.2248265
vn 0.850698709 -0.488087595 0.195146903
vn 0.787498772 0.137548298 -0.600771427
vn 0.276242763 0.804822803 -0.525309563
vn 0.905054927 -0.401405603 0.140531793
vn 0.334295601 -0.368970305 0.867241323
vn 0.995782971 0.0181906205 -0.0899187326
vn 0.311956614 -0.919706881 0.238374501
vn 0.956570208 -0.0776841566 0.280960292
vn 0.485066831 -0.351014376 0.800936401
vn 0.987154007 -0.147961095 0.0602877103
vn 0.785484016 0.521042824 -0.333959907
vn 0.537878275 -0.350836486 0.766551197
vn 0.527594149 0.144982487 -0.837033093
vn 0.609641373 0.718339801 -0.335149795
vn 0.703876615 -0.276589811 0.654259801
vn 0.2336054 0.237604797 -0.942853391
vn 0.990411997 0.132772312 -0.0381549522
vn 0.725527704 0.664530814 -0.178909004
vn 0.18722111 0.878890336 -0.438748449
vn 0.954527497 -0.105398402 0.278870106
vn 0.0103853904 0.205519393 -0.978597999
vn 0.743851304 0.226969793 -0.628625572
vn 0.731024921 -0.669217825 0.133229598
vn 0.988082945 -0.0139831919 -0.153286517
vn 0.5455634 -0.426821291 0.721238017
vn 0.857996702 0.481606096 -0.178598404
vn 0.506781757 -0.853357375 0.122284181
vn 0.89452529 -0.202936202 0.398298293
vn 0.531812251 -0.838770092 0.116792485
vn 0.907017529 -0.415085912 0.0708724782
vn 0.884371102 -0.461604208 0.0693493411
vn 0.203987807 -0.975663424 0.0804364011
vn 0.264481902 -0.565791786 0.780979574
vn 0.715989709 0.671506584 -0.190886497
vn 0.899544179 -0.240640894 0.364571393
vn 0.745664597 0.227089807 -0.626430094
vn 0.158827707 0.399682492 -0.902788877
vn 0.840568006 0.533156335 -0.095863387
vn 0.99789238 -0.0641683936 0.00965434313
vn 0.997500002 -0.0700714514 0.00915837195
vn 0.311285198 0.907669187 -0.281493008
vn 0.706929624 -0.418380797 0.570270181
vn 0.341059208 -0.599108279 0.724394917
vn 0.417140543 0.369599074 -0.830295384
vn 0.923544884 0.379702449 -0.053766951
vn 0.352713794 0.890414476 -0.287672013
vn 0.0557394587 0.935464084 -0.348998696
vn 0.346086502 0.370797187 -0.861819983
vn 0.829312682 0.260085583 -0.49456653
vn 0.971528471 0.135578007 -0.194296494
vn 0.897089303 -0.244985402 0.367713302
vn -0.870421886 0.214323401 -0.443205595
vn 0.656081915 -0.483941704 0.579100192
vn 0.619376838 0.413301468 -0.667498589
vn 0.613217533 0.774590611 -0.154834911
vn 0.99806869 -0.0367391147 0.0500925779
vn 0.51300174 0.847696304 -0.135055885
vn 0.208550006 -0.68703723 0.696050823
vn 0.928887606 0.36587286 -0.0574872307
vn 0.0207216684 0.983906686 -0.177477479
vn 0.967069924 0.147015393 -0.207755297
vn 0.0641022325 0.986240208 -0.152385503
vn 0.997308314 -0.0445524417 0.05823493
vn 0.713424981 -0.503048122 0.487818986
vn 0.718542635 0.429736763 -0.546829879
vn 0.912144303 -0.298137397 0.281259686
vn -0.941551208 0.234726906 0.241629004
vn -0.361656398 0.715217471 0.598054111
vn -0.081105873 -0.460699946 -0.883842409
vn -0.647385001 0.573661804 0.501801729
vn -0.317706198 0.759536505 0.567597687
vn -0.79928869 -0.36463061 -0.4776842
vn -0.580774724 -0.552920997 -0.597477317
vn -0.0199697595 0.201475307 -0.979290009
vn -0.997356296 0.0605819859 0.0401300155
vn -0.327555656 -0.598296642 -0.731264949
vn -0.0856197327 -0.679457068 -0.728702545
vn -0.878400564 -0.100661889 -0.467204034
vn 0.0406963155 0.153392985 0.98732686
vn -0.669649184 0.0297408607 0.742081881
vn -0.725994945 0.582634866 0.365332663
vn -0.335518301 0.169150904 0.926723003
vn -0.322400272 0.173434079 0.930579782
vn -0.946023405 -0.216224894 -0.2414262
vn -0.485338897 0.152169198 0.860982418
vn -0.73539871 -0.538701773 -0.411082894
vn -0.942931056 0.0272512361 0.331870973
vn -0.792340279 0.103201799 0.601287127
vn -0.525485277 -0.65159452 -0.547073901
vn -0.897061586 0.382202655 0.221814275
vn -0.750557303 0.155457288 0.642259061
vn -0.890504658 0.394002855 0.227515176
vn -0.343322188 -0.748537302 -0.567293525
vn -0.0418899618 -0.749677896 -0.66047591
vn -0.96362412 -0.217758402 -0.154951602
vn -0.27002281 0.264553487 0.925796509
vn -0.767907798 -0.549147189 -0.329780519
vn -0.756662607 0.163049102 0.633148313
vn -0.000467773003 0.361986309 -0.932183325
vn -0.163540289 0.428915352 0.88841778
vn -0.996223807 -0.0289971158 -0.081837222
vn -0.759734392 -0.0866007805 -0.64444083
vn -0.940205514 0.1142544 0.320873201
vn -0.976315379 0.05329936 0.209684297
vn -0.443816513 0.336418688 0.830571771
vn -0.316823512 -0.197958604 -0.927596509
vn -0.911593914 -0.1048887 -0.397485703
vn -0.999377072 -0.00833344273 -0.0342922769
vn -0.615106225 0.312067777 0.724056661
vn -0.402019709 -0.155600905 -0.902312875
vn -0.6391325 0.299897403 0.708216906
vn -0.571640968 -0.251121163 -0.781130493
vn -0.132806689 0.455938429 0.880046904
vn -0.932340205 0.148176402 0.329826504
vn -0.313090891 0.509501278 0.801487803
vn -0.999359012 -0.00818794873 -0.0348517783
vn -0.557151675 0.426887006 0.712284684
vn -0.885166705 0.210783407 0.414789498
vn -0.267811507 0.566879272 0.779053926
vn -0.00780951791 -0.35112986 -0.936294198
vn -0.369165301 -0.240599394 -0.897679806
vn -0.609677494 -0.265637785 -0.746813178
vn -0.706974745 0.418350846 0.570236146
vn -0.341759801 0.598986089 0.724165678
vn -0.923641086 -0.163706303 -0.346536398
vn -0.855669677 -0.258387089 -0.448403388
vn -0.86113143 0.288099796 0.418868899
vn -0.656097651 0.483956844 0.579069614
vn -0.0680518672 -0.460134715 -0.885237277
vn -0.588394523 -0.371340007 -0.718260825
vn -0.254602194 -0.522890329 -0.813488424
vn -0.198113695 0.692994475 0.693188012
vn -0.997941971 -0.0364791118 -0.0527363382
vn -0.992165685 -0.0771322101 -0.0982745662
vn -0.944404304 0.211826473 0.251455784
vn -0.986814976 0.0894028991 0.134919479
vn -0.878298223 -0.310508013 -0.36356169
vn -0.713389039 0.503056169 0.487863451
vn -0.93466711 -0.220261768 -0.279073656
vn -0.912261426 0.298142403 0.280874193
vn 0.947050571 -0.320833802 -0.0126848202
vn 0.997492611 -0.0700616166 0.00999802258
vn -0.950434327 -0.310750395 0.0104328897
vn -0.827514887 -0.561408818 -0.00627595093
vn -0.838371992 -0.545086443 -0.00362068345
vn -0.543494046 -0.8393448 0.0107017094
vn -0.305639088 -0.952070296 -0.0121230399
vn -0.180751711 -0.98351723 0.0047866106
vn 0.201001763 -0.979423583 0.0181043688
vn 0.548552513 -0.836105287 -0.00425290968
vn 0.609287381 -0.792728722 -0.0187125206
vn 0.86257118 -0.505881608 0.00739860488
vn 0.818875909 -0.00221991469 0.573966324
vn 0.87841326 0.00253450777 0.477895051
vn 0.956264198 -0.00436079549 0.292471826
vn -0.988313615 -0.00367629505 0.152390003
vn -0.947599709 0.00395500567 0.319435775
vn 0.998018324 0.00318866898 0.0628438517
vn -0.815882027 -0.00500786304 0.578196704
vn -0.66689539 0.00489681913 0.745135307
vn -0.441431791 -0.00598406699 0.897274911
vn -0.267138213 0.000708700973 0.963657975
vn -0.00202387501 -0.00314539601 0.999993086
vn 0.045078449 -8.46114999e-05 0.998983502
vn 0.4905065 0.00101369596 0.871437013
vn 0.504885316 0.00220250967 0.863183558
vn 0.452416033 -0.67250663 -0.585708559
vn 0.279301137 0.566559732 0.775242627
vn 0.367808729 0.563820362 0.739475131
vn 0.443828315 -0.673614204 -0.590982616
vn 0.0992947817 0.612753987 0.784011006
vn 0.80485034 -0.456456453 -0.37929365
vn 0.957203507 0.2233482 0.184057504
vn 0.0808561966 -0.146179795 -0.985948205
vn 0.819261491 -0.474026263 -0.322660744
vn 0.829134405 0.412872106 0.376925498
vn 0.848091185 0.396390408 0.351590604
vn -0.050738696 -0.216464132 -0.974971294
vn 0.519579947 -0.150841981 -0.841001391
vn 0.34587431 -0.141883701 -0.927491307
vn 0.724519074 0.511746407 0.461722612
vn -0.0192638598 0.201880097 -0.979220808
vn 0.478234142 -0.167486891 -0.862113774
vn 0.356183082 0.702776849 0.615823328
vn 0.307834178 0.69923985 0.645214558
vn -0.0192999206 0.201778203 -0.979241073
vn 0.809239686 -0.117291786 -0.575650752
vn -0.0192969386 0.201761872 -0.979244471
vn 0.974395812 0.186226904 0.125985593
vn 0.994838715 -0.0832602307 -0.057998471
vn 0.268885612 0.767391324 0.582074881
vn 0.973865628 0.187932894 0.127542198
vn 0.110412203 0.81883198 0.563314676
vn 0.547390163 0.711685717 0.440303743
vn 0.274122685 -0.312768906 -0.909413218
vn 0.281213671 -0.314341784 -0.906701803
vn 0.746754766 -0.159451082 -0.645703256
vn 0.863099456 0.0685458034 0.500360668
vn 0.626886785 -0.268298 -0.731456876
vn 0.893003702 -0.128550097 -0.431299597
vn -0.0192847196 0.201834604 -0.979229808
vn 0.661526442 0.150597379 0.734644949
vn 0.503950179 0.121518902 0.855141819
vn 0.919092 0.0930587053 0.382897049
vn 0.979906678 -0.0397851393 -0.195448205
vn 0.411625892 -0.378850788 -0.828876495
vn 0.987247407 0.0457487702 0.152478695
vn 0.820135474 -0.247734174 -0.515757263
vn 0.71368283 -0.277889132 -0.642988741
vn -0.0791697502 -0.462338895 -0.883161902
vn 0.209309101 0.192138404 0.958787084
vn 0.913595974 -0.160276502 -0.373703003
vn 0.302281022 -0.482225567 -0.82224381
vn 0.861661553 0.165875986 0.479608655
vn 0.961384416 -0.126937196 -0.244186297
vn 0.527854264 -0.379375726 -0.759897292
vn 0.663057804 0.222446606 0.714753091
vn 0.695048034 0.225606278 0.682649255
vn 0.999080718 0.0261714403 0.0339533016
vn 0.988870919 0.0496994182 0.140229806
vn 0.32302779 0.308547288 0.894679606
vn 0.00195688009 0.315636188 0.948878288
vn 0.202733502 0.287599504 0.936047971
vn 0.90181452 0.179324895 0.393158108
vn 0.357482493 -0.551638901 -0.753592014
vn 0.764695704 -0.38147971 -0.5193398
vn 0.159328088 -0.630897462 -0.759330571
vn 0.625838578 0.367134511 0.688141227
vn 0.770346403 -0.375673741 -0.515204549
vn 0.549596727 -0.574700117 -0.606352508
vn 0.854630709 0.274421394 0.440793812
vn 0.913004696 -0.260765702 -0.31372571
vn 0.999395311 0.0113508096 0.0328679606
vn 0.34367159 0.429519713 0.835106373
vn 0.728831947 0.365769356 0.578806341
vn 0.243356526 0.472947568 0.846816599
vn 0.918591559 0.232078373 0.319889277
vn 0.940299928 -0.209638 -0.268119514
vn 0.994786918 -0.0587499104 -0.0833520815
vn 0.982168078 0.116372399 0.147659793
vn -0.0192719102 0.201844499 -0.97922802
vn 0.757674336 -0.484920353 -0.436786056
vn 0.631529927 0.461607635 0.622967362
vn 0.182779014 -0.775102735 -0.60482043
vn -0.0213833991 0.70154053 0.712308705
vn -0.658694685 -0.00826281309 -0.752364993
vn -0.961990416 0.00399398804 -0.273054093
vn -0.917283416 -0.00628822995 -0.398185611
vn 0.975322008 -0.00335734943 -0.220761672
vn -0.998319387 0.0027688737 -0.0578856915
vn 0.888871908 -0.0164950993 -0.45785889
vn 0.892444313 -0.000211464998 -0.45115751
vn 0.756701112 -0.00258242991 -0.653756022
vn 0.685783267 -0.00928211119 -0.727746665
vn 0.505943954 0.00364708854 -0.862558663
vn 0.273409814 -0.00710964203 -0.961871386
vn 0.0669965148 0.00513333036 -0.99774009
vn -0.344242811 -0.00504213478 -0.938867211
vn -0.391312331 -0.000845877919 -0.920257509
vn -0.769586921 0.00190490403 -0.638539314
vn -0.476700008 -0.532323122 0.699563622
vn -0.61049062 0.615593791 -0.498342812
vn -0.408261061 0.680101633 -0.608920932
vn -0.931361496 0.271893203 -0.242156699
vn -0.102695584 -0.584461629 0.804896355
vn -0.999626577 -0.0193229299 0.0193264391
vn -0.903505623 0.366226614 -0.222611293
vn -0.797694385 0.469147205 -0.378925592
vn -0.942539096 -0.232240498 0.240176007
vn -0.219447002 0.805118203 -0.551024318
vn -0.788910985 -0.445317149 0.423452646
vn -0.781466007 -0.454351693 0.427639514
vn -0.370285213 0.191548005 -0.908954501
vn -0.500537276 0.762603879 -0.409753501
vn -0.985969305 -0.132971406 0.100911297
vn -0.989055276 0.102788903 -0.105849497
vn -0.122322299 0.900764227 -0.416726798
vn 0.145075887 0.138555691 -0.979671001
vn -0.465331405 -0.61081332 0.640604198
vn -0.355165958 0.179071292 -0.917491496
vn -0.301834494 -0.693916917 0.653739512
vn -0.066768758 -0.69055742 0.720189214
vn -0.453260392 0.154135004 -0.877950728
vn -0.840040624 0.121044204 -0.528847873
vn -0.274708003 0.235872105 -0.93214798
vn -0.758298993 -0.506794989 0.41005075
vn -0.550412118 0.721440673 -0.420202315
vn -0.638167202 0.690982401 -0.339538008
vn -0.314098716 -0.724693239 0.613320231
vn -0.570736289 -0.671519518 0.472569287
vn -0.660125315 0.188086495 -0.727226377
vn -0.867738724 0.453489691 -0.203412503
vn -0.988193095 0.122317083 -0.0922654718
vn -0.107322916 -0.812988698 0.572303474
vn -0.824611306 -0.0624668486 0.562240303
vn -0.173876897 0.332610697 -0.926896393
vn -0.980930746 -0.0317956246 0.191739723
vn -0.983718276 -0.0331450105 0.176634997
vn -0.948750615 -0.275123298 0.155497804
vn -0.264522165 0.922055006 -0.282564282
vn -0.87951988 -0.408147901 0.244663402
vn -0.802945971 0.557732821 -0.210266307
vn -0.551570892 -0.71189028 0.434720397
vn -0.410278201 0.344808787 -0.844262302
vn -0.914026618 -0.0776853487 0.398146212
vn -0.455911368 0.836758316 -0.303282917
vn -0.814527392 0.140522093 -0.562848806
vn -0.770974696 -0.567683637 0.28867498
vn -0.653870702 -0.148876697 0.741814613
vn -0.62663132 0.751406729 -0.206690997
vn -0.952680409 0.0927455425 -0.289479613
vn -0.650329828 -0.67253232 0.35322991
vn -0.466272771 -0.15674831 0.870643318
vn -0.995132506 0.0107614296 -0.0979574323
vn -0.993683517 0.101414897 -0.0480428301
vn -0.663092375 0.203293398 -0.720402896
vn -0.816536903 0.54164201 -0.199728698
vn -0.235083401 -0.850784719 0.47000131
vn -0.415008396 -0.174258307 0.892973721
vn -0.0178794805 -0.878363729 0.477658391
vn -0.111664496 -0.864039481 0.490883797
vn 0.00608289102 0.490884334 -0.871203482
vn -0.733792901 -0.190581501 0.652094126
vn -0.196301594 -0.196147293 0.960724711
vn -0.836752832 -0.163926914 0.52246803
vn -0.951667547 -0.285530329 0.113143817
vn -0.432485163 0.418970674 -0.798386097
vn -0.462213755 0.875791669 -0.139094487
vn -0.43273291 0.886956394 -0.161402196
vn -0.0731345415 0.592430711 -0.802295029
vn -0.467122167 0.422399163 -0.776772797
vn -0.995064497 0.0452054106 -0.0883350298
vn -0.847109675 -0.504465818 0.167091295
vn -0.842227817 0.241942093 -0.481784701
vn -0.855695188 0.237758204 -0.459626704
vn -0.959801614 -0.116494097 0.255362511
vn -0.83727771 0.540697873 -0.0813133717
vn -0.03679692 -0.313735902 0.948796988
vn -0.891349196 -0.192198634 0.410556346
vn -0.446033388 -0.839809418 0.309474409
vn -0.107732497 0.573768318 -0.811901271
vn -0.397285759 -0.859894395 0.320539922
vn -0.510675907 0.542050898 -0.66737628
vn -0.920620382 0.386197746 -0.057526812
vn 0.000815347012 -0.933641613 0.358207792
vn -0.524141073 -0.327538639 0.786126435
vn -0.771624207 -0.617958903 0.150740996
vn -0.996911526 0.0762327313 -0.0188689195
vn -0.989595294 -0.140182704 0.0324048884
vn -0.432525903 -0.325809509 0.840695918
vn -0.793664634 -0.589888632 0.14875491
vn -0.858051121 -0.2377958 0.455193907
vn -0.193353593 -0.361777306 0.911993206
vn -0.163951293 -0.934702575 0.315358609
vn -0.595128775 -0.774482429 0.214473397
vn -0.990348101 -0.073169522 0.117715098
vn -0.252781361 0.650894642 -0.715847552
vn -0.852030873 0.515541911 -0.09088438
vn -0.747558594 -0.657532513 0.0938469693
vn -0.559284806 -0.38624841 0.733493507
vn -0.591989875 -0.387872696 0.706472099
vn -0.965018392 0.156660393 -0.210231006
vn -0.085036926 -0.978473783 0.18803677
vn -0.999607682 -0.0173037592 0.0220241491
vn -0.44141224 -0.883755207 0.155344293
vn -0.434523195 0.586687624 -0.68336463
vn -0.960663617 -0.276297301 0.0280237105
vn -0.0994390175 -0.979250312 0.176580995
vn -0.0684555694 -0.481287986 0.873885393
vn -0.067854099 -0.481446892 0.873844802
vn -0.769204438 0.415651649 -0.485343665
vn -0.820783198 0.384640008 -0.422335386
vn -0.0611884482 -0.987846375 0.142883003
vn -0.566609383 -0.820690691 0.07362587
vn -0.87015897 -0.282618105 0.403671205
vn -0.786386907 -0.380169809 0.486894906
vn -0.946953595 -0.201371893 0.250456005
vn -0.144973397 0.768512011 -0.623195112
vn -0.0112026297 -0.558184087 0.829641521
vn -0.553696513 -0.481341094 0.679507971
vn -0.88537848 0.464494795 0.0186983906
vn -0.988209486 0.151689693 -0.0207901001
vn -0.997319221 0.0726707503 -0.00856578257
vn 0.947125614 0.32077691 -0.00744146109
vn 0.939191759 0.343369484 -0.00402939273
vn 0.749462724 0.662046373 -0.000524931005
vn 0.548307776 0.83579731 -0.0283125602
vn 0.253670275 0.967282891 0.00389391044
vn 0.0460952483 0.998844683 0.0135877701
vn -0.393547714 0.918825924 -0.0296503901
vn -0.450039595 0.892856002 -0.0165082198
vn 0 -1.41987002e-05 -1
vn 0 0 -1
vn 0 -2.00011982e-05 -1
vn 0 1.48024992e-05 -1
vn 0 3.14136014e-06 -1
vn 0.501283169 0.736348569 0.454429328
vn -0.0196496211 0.20180583 -0.979228497
vn -0.0178768616 0.201895833 -0.979243934
vn -0.0197804496 0.201780304 -0.979231119
vn -0.0192926507 0.201775402 -0.979241788
vn -0.0191158 0.201945201 -0.979210317
vn 0.996753514 -0.0639517903 -0.0489149615
vn -0.0196233317 0.201821923 -0.979225695
vn -0.990503013 -0.114980899 -0.0753878877
vn -0.0195512082 0.20171687 -0.979248703
vn -0.0193457603 0.201215506 -0.979355991
vn -0.0194713995 0.201724604 -0.979248703
vn -0.0193380695 0.201647803 -0.97926718
vn -0.0198826082 0.202114373 -0.97916007
vn -0.0193176214 0.20079203 -0.979443491
vn 0.0747676939 0.00389629556 -0.997193396
vn -0.0193036683 0.201750174 -0.979246795
vn -0.0194820091 0.201577604 -0.979278803
vn -0.0189625006 0.201823801 -0.979238272
vn -0.0194908306 0.201884404 -0.979215384
vn 0.958604336 -0.19759053 -0.205026537
vn -0.0192857888 0.201871663 -0.979222059
vn -0.0193101708 0.201787993 -0.979238927
vn -0.0193023589 0.201738074 -0.979249299
vn -0.0158652626 0.207881123 -0.978025496
vn -0.0193035007 0.201776907 -0.979241312
vn -0.0193039123 0.201792523 -0.979238093
vn -0.019225888 0.201075166 -0.979387105
vn -0.0192414485 0.201706365 -0.979256988
vn 0.693142116 0.528071225 0.490606695
vn -0.9415043 0.234813631 0.241727725
vn -0.946033299 -0.216168225 -0.241438329
vn -0.735395074 -0.538672805 -0.411127388
vn -0.343356907 -0.748458087 -0.567376912
vn -0.912263215 0.297939509 0.281083614
vn 0.4437415 -0.673588812 -0.591076672
vn 0.957197607 0.223359793 0.184073806
vn 0.848020911 0.396462798 0.351678699
vn 0.268803388 0.767326176 0.582198799
vn 0.757674575 -0.484919995 -0.436785907
vn 0.182760507 -0.775179505 -0.604727507
vn 0.996754408 -0.0639371797 -0.0489156805
vn -0.990514517 -0.114927001 -0.0753187537
vn 0.958606005 -0.197582603 -0.205026194
vn 0.693162262 0.527999461 0.490655452
vn -0.387883246 -0.818942785 -0.422941148
vn -0.146044195 -0.843634903 0.516673326
vn -0.106860988 -0.618402421 -0.778562188
vn -0.589660108 0.00811135676 0.80761081
vn -0.642734528 -0.69380331 0.324852914
vn -0.537364185 -0.843001008 -0.02427244
vn -0.902810395 0.276168674 -0.329642564
vn -0.188296303 -0.669194996 -0.718834221
vn -0.21488817 -0.762706876 -0.610000968
vn -0.384385854 -0.651217341 -0.654342055
vn -0.401985705 -0.742787421 -0.535419881
vn -0.525852561 -0.663298965 -0.532459915
vn -0.516851604 -0.748293579 -0.415838003
vn -0.639658034 -0.65650034 -0.399806172
vn -0.651035964 -0.719491363 -0.241835475
vn -0.630336523 -0.743939221 -0.221879303
vn -0.726103604 -0.683180511 -0.0777041912
vn -0.684135616 -0.727961779 -0.0450569913
vn -0.729562581 -0.678668618 0.0845418498
vn -0.636217415 -0.759979367 0.132885888
vn -0.723701119 -0.627269924 0.287730992
vn -0.54858309 -0.769296288 0.32747519
vn -0.59104538 -0.641111791 0.489531487
vn -0.425331146 -0.75968492 0.491906852
vn -0.435928404 -0.657740414 0.614283383
vn -0.222784594 -0.752072215 0.620285809
vn -0.249583393 -0.718950272 0.648705423
vn -0.071587801 -0.670447171 0.738495708
vn -0.0252605602 -0.756885707 -0.653059006
vn -0.00785761885 -0.744195163 0.667916059
vn -0.0245709401 -0.603265226 -0.797162116
vn -0.0934536308 -0.800897598 -0.591463864
vn -0.221870929 -0.595059335 -0.772449195
vn -0.268271804 -0.7671386 -0.582690895
vn -0.324385464 -0.707525313 -0.627839148
vn -0.4120318 -0.712884009 -0.567473471
vn -0.438042164 -0.683695436 -0.583677769
vn -0.493131936 -0.728514552 -0.475486547
vn -0.494554192 -0.727113307 -0.476153791
vn -0.618303597 -0.64783442 -0.444984704
vn -0.56074208 -0.768232107 -0.308849305
vn -0.605840683 -0.729975879 -0.316373706
vn -0.719233394 -0.646950901 -0.253294289
vn -0.626623034 -0.767129064 -0.137318879
vn -0.667223811 -0.732971191 -0.1325358
vn -0.761931777 -0.646371424 -0.0407904871
vn -0.641052008 -0.766106904 0.0461804792
vn -0.674370289 -0.735930085 0.0602632686
vn -0.743122101 -0.645777404 0.175331697
vn -0.60292232 -0.764929771 0.226643398
vn -0.627268016 -0.738784611 0.246439099
vn -0.664274335 -0.645111561 0.37758556
vn -0.515028 -0.763655722 0.389327914
vn -0.529831529 -0.742014289 0.410723001
vn -0.530982912 -0.639322579 0.556168914
vn -0.39354983 -0.761349857 0.515232742
vn -0.405915111 -0.705765009 0.580627918
vn -0.289950907 -0.720625222 0.629783928
vn -0.296156794 -0.678435504 0.672321677
vn -0.123138085 -0.726993144 0.675513148
vn -0.119764201 -0.6992293 0.704794288
vn -0.624224007 -0.01107895 -0.781166911
vn -0.1649158 -0.0106510501 0.986250222
vn -0.587657928 0.00117766799 -0.809108675
vn -0.268184304 0.00767356111 0.963337123
vn -0.607235789 -0.00844710972 0.794476807
vn -0.208113998 0.00763970613 -0.978074729
vn -0.0190413501 -0.0344065987 -0.999226511
vn -0.591378093 -0.0123808896 0.806299388
vn -0.924325585 -0.00373595906 0.381586701
vn -0.943737805 -0.0162004177 0.330297768
vn -0.998787522 0.0199460294 -0.0450083017
vn -0.938517928 -0.0171684008 -0.344803303
vn -0.926801026 -0.0114965402 -0.375376791
vn -0.255033314 -0.0295618698 -0.966480315
vn -0.239313573 0.0156504475 -0.970816195
vn -0.456749827 0.0395576246 -0.888715208
vn -0.501377523 -0.0641760826 -0.862845302
vn -0.666653395 0.0729889795 -0.741785586
vn -0.701833606 -0.0434286483 -0.71101588
vn -0.850520074 -0.00852197409 -0.525873601
vn -0.87149626 0.125639379 -0.474034727
vn -0.937197983 -0.104924403 -0.332642108
vn -0.994330108 0.00587826921 -0.106175102
vn -0.988581896 0.0728315189 -0.131914809
vn -0.993093014 -0.02338784 0.114975601
vn -0.984671235 0.0748797059 0.157530412
vn -0.923518896 -0.114299797 0.366126388
vn -0.884190798 0.110328682 0.453909934
vn -0.768570781 -0.0695445463 0.635973692
vn -0.743405879 0.0227118097 0.668454826
vn -0.56939292 -0.00684392313 0.822036982
vn -0.578745365 0.0284262169 0.815012693
vn -0.354827195 -0.0683925673 0.932426989
vn -0.301326931 0.0689917281 0.951021791
vn -0.0983070731 0.0927758217 0.990822077
vn -0.0571169183 -0.0451328717 0.997346818
vn -0.0353127718 -0.0325331613 -0.99884671
vn -0.968043804 0.00857543852 0.250634581
vn -0.97421968 -0.00943732169 0.225404307
vn -0.438737303 0.0149330404 -0.898491323
vn -0.43225044 0.00928425603 -0.901705801
vn -0.769908786 0.00802534726 0.638103426
vn -0.785969019 -0.00801032688 0.618214071
vn -0.769908786 -0.00802534726 -0.638103545
vn -0.785969019 0.00801038742 -0.618214071
vn -0.4858585 -0.00689536287 0.874010324
vn -0.438703001 0.0195040703 0.898420513
vn -0.194833994 -0.0245144293 0.980529904
vn -0.968043804 -0.00857549813 -0.250634581
vn -0.97421962 0.00943732169 -0.225404307
vn 0.0129734203 0.0502816997 0.998650789
vn -0.973682106 -0.0681683943 0.217476964
vn -0.909906507 0.0774587318 0.407517403
vn -0.179795906 -0.0353281386 -0.98306942
vn -0.55233562 -2.87319945e-05 -0.8336218
vn -0.599964678 0.0517807007 -0.798349023
vn -0.681933224 -0.0582360514 0.72909236
vn -0.478987187 0.0545856915 0.876123071
vn -0.344699979 -0.0198591873 0.938502789
vn -0.924075425 -0.0495670401 -0.378982604
vn -0.966572821 0.0588869415 -0.249538302
vn -0.817093909 0.00962024834 0.57642436
vn -0.797048092 -0.00889730267 0.603850245
vn -0.247424901 0.0535615608 -0.967425525
vn -0.247769102 0.00944304373 0.968773127
vn -0.214387104 -0.0107713304 0.976689398
vn -0.531479299 -0.03741109 -0.846244812
vn -0.791236401 0.0311083701 -0.610718608
vn -0.886408687 -0.0179918408 -0.462553889
vn -0.996445298 0.0171186887 -0.0824841708
vn -0.999697983 -0.00827944186 -0.0231391098
vn -0.794236481 0.0415175445 0.606188655
vn -0.0148993097 0.0155886998 -0.999767482
vn -0.452690601 -0.0455203615 0.890505016
vn -0.318240196 0.0168976095 0.947859585
vn -0.525721073 0.0216332003 -0.850381911
vn -0.442645013 -0.00947111845 -0.896646917
vn -0.800364256 -0.0330085047 -0.59860456
vn -0.923942864 0.033918377 -0.381023735
vn -0.993000925 -0.0233812295 -0.115768999
vn -0.993614376 0.0223361794 0.110596597
vn -0.92172581 -0.0334013067 0.386401236
vn 0.604460478 -0.0142323896 -0.796508014
vn 0.599318266 -0.00738119893 -0.800476909
vn 0.709353864 0.00570368674 -0.704829454
vn 0.720391273 -0.00573921204 -0.693544209
vn 0.802032292 0.00585293677 -0.597251952
vn 0.811650991 -0.00591534283 -0.584112823
vn 0.87861079 0.00590741588 -0.477502197
vn 0.886396825 -0.00602924777 -0.462887108
vn 0.937442601 0.00603026012 -0.348087579
vn 0.943182588 -0.00609600497 -0.332219213
vn 0.977298975 0.00617998792 -0.211774901
vn 0.980828404 -0.00626331521 -0.194773003
vn 0.99745357 0.00623500301 -0.0710461736
vn 0.998551488 -0.0063778162 -0.0534271002
vn 0.997452974 0.00633746292 0.0710449815
vn 0.996009886 -0.00650173379 0.0890064836
vn 0.977297485 0.00643849187 0.211773872
vn 0.973263323 -0.00654774904 0.229599193
vn 0.937439024 0.00660228683 0.348087102
vn 0.930741489 -0.00669312384 0.36561659
vn 0.878611982 0.00666940212 0.477489889
vn 0.869348705 -0.00679772906 0.494152337
vn 0.802021503 0.0067935572 0.597256541
vn 0.79028368 -0.00687009003 0.612702727
vn 0.709348142 0.00692671398 0.704824269
vn 0.690721571 -0.0113631403 0.72303158
vn 0.60474658 0.0138610601 0.796297371
vn 0.571810961 -0.00645249896 0.820360005
vn 0.000328511989 -1 -3.65835003e-05
vn 0 -1 0
vn -1.82409003e-05 -1 1.76620997e-05
vn 4.05715991e-06 -1 1.55132002e-05
vn -1.78944993e-05 -1 1.57496997e-05
vn 8.79390973e-06 -1 4.78329002e-06
vn 8.57119994e-06 -1 9.31713021e-06
vn 0.000116111994 -1 -0.000167637991
vn -2.27332985e-05 -1 -5.56887017e-06
vn 2.51259989e-05 -1 -1.43160996e-05
vn -0.00023405299 -1 0.000253000995
vn 7.77063997e-06 -1 -9.15295004e-06
vn -6.22803009e-06 -1 2.43514005e-05
vn -8.48015952e-06 -1 -8.80655989e-06
vn -0.000222589981 -1 0.000279623986
vn 2.34251002e-05 -1 -1.09336997e-06
vn 1.57819995e-05 -1 1.83569991e-05
vn 1.65216989e-05 -1 -2.14830998e-05
vn -8.80048992e-06 -1 -7.97469966e-06
vn 9.50356934e-06 -1 -4.87877969e-06
vn 3.31470005e-06 -1 -1.04615992e-05
vn -9.61046971e-05 -1 0.000267016003
vn -1.23486996e-06 -1 2.15630007e-05
vn -8.07915058e-06 -1 -1.85588997e-05
vn -1.8809098e-05 -1 -1.37635989e-05
vn -6.74557032e-06 -1 -1.00583993e-05
vn 0.000155097994 -1 7.63175995e-05
vn 8.55685939e-05 -1 -2.9581699e-05
vn 5.09267993e-05 -1 -5.62335026e-06
vn -2.16489007e-05 -1 8.95650919e-06
vn 0.000225266005 -1 4.36634e-05
vn -0.0101436898 -0.997029126 -0.0763559267
vn -4.22023986e-05 -1 -1.84246983e-05
vn -4.98466034e-06 -1 -1.94898985e-05
vn -7.73311986e-05 -1 3.29424001e-05
vn 1.28251004e-05 -1 -4.40855983e-05
vn -8.8400202e-06 -1 -7.91991988e-06
vn 4.40166987e-05 -1 8.02266004e-06
vn -0.0124051496 -0.99954468 0.0275058094
vn -0.0359884985 -0.999157608 -0.0197231099
vn -4.11477004e-06 -1 -2.00995983e-05
vn 0.00796234608 -0.999958277 -0.00447285082
vn -9.01805015e-06 -1 -4.47470984e-06
vn 2.47844e-05 -1 8.96656002e-06
vn -3.03859997e-06 -1 9.58971941e-06
vn -0.000567912997 -0.999999821 0.00045901697
vn 3.65018968e-05 -1 4.12394984e-05
vn 2.59280023e-06 -1 -1.31396991e-05
vn 0.0244510062 -0.999655187 0.00957494788
vn -1.39885997e-05 -1 2.03182008e-05
vn -0.0938150212 -0.99557519 0.00537568284
vn 1.79353992e-05 -1 -9.53505059e-06
vn 0.000211226987 -1 -0.000190864987
vn 3.04770983e-05 -1 9.92825062e-06
vn 3.01581008e-06 -1 1.81161995e-05
vn 1.93707001e-05 -1 -8.01397073e-06
vn 0.0222701393 -0.999240279 0.0319831297
vn 2.6376299e-06 -1 1.07000005e-05
vn -6.13535008e-07 -1 -4.11688998e-05
vn -2.85551005e-06 -1 -1.04643996e-05
vn 9.13994063e-06 -1 -8.21841968e-06
vn -7.99010013e-06 -1 2.37981003e-05
vn 0.609555304 0.0148022696 -0.7926054
vn 0.637488663 -0.00247126771 -0.770455778
vn 0.164203987 0.00829863362 0.986391485
vn 0.283773899 -0.0427188203 0.957939208
vn 0.662066281 0.0466175005 0.747994125
vn 0.0670539737 -0.0195341706 -0.997558177
vn 0.87312609 -0.0649076626 0.483154029
vn 0.982760191 0.0458009206 0.179122299
vn 0.944639683 -0.031763427 -0.326568484
vn 0.960948706 -0.00245958497 -0.276715904
vn 0.483452946 0.0272784755 -0.874945164
vn 0.559087813 -0.00547832204 -0.829090416
vn 0.546634376 0.01179522 0.83728832
vn 0.575465024 -0.0117672002 0.817741811
vn 0.0522017404 -0.0457713008 -0.997587085
vn 0.987585485 0.0109223099 0.156702399
vn 0.990972221 -0.00289368606 0.134036705
vn 0.880315602 -0.00296545005 -0.474379212
vn 0.870114923 0.00605577184 -0.492811799
vn -0.000272722013 -0.999996603 -0.00262439204
vn -0.000272761012 -0.999996603 -0.00262439204
vn 4.3169297e-05 -0.999996722 0.00258797407
vn 0.000274445978 -0.999996483 0.00264054467
vn 0.000274377002 -0.999996483 0.0026405449
vn -0.0796249509 -0.996357799 -0.0305135194
vn 0.079533264 -0.996366501 0.0304673854
vn 0.0996938869 -0.99429369 -0.037962731
vn -0.0651897117 -0.997564077 0.02482366
vn -3.07193986e-05 1 -1.94422009e-05
vn 5.34433002e-06 1 -2.55205014e-05
vn 2.05626002e-05 1 -3.11412987e-05
vn -3.2022097e-05 1 -5.05860999e-06
vn 0.0126327183 0.999920011 -0.000689591921
vn 0.003861367 0.999990225 -0.002163589
vn 0.0197053477 0.99980557 -0.000682402926
vn 0.00227934099 0.999997199 0.000659014971
vn 0.0136821801 0.999905705 -0.00118935097
vn -6.96991992e-05 1 7.4188596e-05
vn -6.32125011e-05 1 0.000171716994
vn 0.0035063019 0.999993622 0.000790599966
vn -4.35735965e-05 1 1.37062998e-05
vn 6.85213024e-07 1 2.30102978e-05
vn 1.13839005e-05 1 2.83359004e-05
vn -9.22061008e-06 1 1.43346997e-05
vn 0.00288629485 0.999995708 -0.000491204963
vn 0.00378566911 0.999992907 0.000231699989
vn 0.000943942985 0.999999225 0.000805889955
vn -3.17008999e-05 1 -4.74247972e-05
vn -1.32115001e-05 1 -7.37687005e-05
vn -0.573522151 -0.00876611471 0.819143295
vn -0.623193741 0.0213436373 0.78177619
vn -0.690633357 -0.0169148985 0.723007262
vn -0.733871102 0.0137972198 0.679148674
vn -0.790266275 -0.01378881 0.612608492
vn -0.822710097 0.0137132416 0.568295836
vn -0.86928612 -0.0138044897 0.494116604
vn -0.894970179 0.0136620402 0.445916712
vn -0.930658102 -0.0137518002 0.36563161
vn -0.949137211 0.0136724701 0.314565808
vn -0.973186076 -0.01369684 0.229611099
vn -0.984152615 0.0136519615 0.176797822
vn -0.99593848 -0.0136280004 0.0889992714
vn -0.999273717 0.0136131598 0.0355923101
vn -0.998477399 -0.0136227002 -0.0534549914
vn -0.99422431 0.0135572497 -0.106462903
vn -0.98074609 -0.0136008821 -0.19481343
vn -0.969094992 0.0134960404 -0.246318698
vn -0.943131268 -0.0135643985 -0.332143575
vn -0.924388289 0.0134984218 -0.381214052
vn -0.886334896 -0.013494432 -0.462848246
vn -0.861036897 0.0134446602 -0.508364677
vn -0.811582983 -0.0134774381 -0.584081769
vn -0.768768609 0.0227341 -0.639122903
vn -0.720221162 -0.0211723372 -0.693421423
vn -0.600324333 0.0132723385 -0.799646497
vn -0.611168861 -0.00426107552 -0.791488707
vn -0.0123396497 0.999923885 0.000310366013
vn -0.00278288103 0.999993801 0.0021888609
vn 3.36945013e-05 1 6.16037005e-06
vn -1.59836e-05 1 2.92899986e-05
vn -0.00721067097 0.999972701 0.00166845298
vn -5.09506981e-06 1 2.54518982e-05
vn 3.07183e-05 1 1.94416989e-05
vn 1.33945996e-05 1 7.37684022e-05
vn 3.1698899e-05 1 4.74254994e-05
vn -0.00288534095 0.999995708 0.000491196988
vn -0.00351178553 0.999993503 -0.000790526858
vn 6.96479983e-05 1 -7.41976983e-05
vn 6.32096999e-05 1 -0.000171708991
vn 4.34929971e-05 1 -1.37051993e-05
vn -1.25407007e-06 1 -2.30787991e-05
vn -1.50262995e-05 1 -2.98645991e-05
vn 9.1683105e-06 1 -1.41157989e-05
vn -0.0200298391 0.999799192 0.000604194996
vn -0.00102585484 0.999999106 -0.000849732838
vn -0.00260776212 0.999996424 -0.000675230986
vn -0.00397092104 0.999992073 -0.000283831992
vn -2.70032997e-05 -1 -8.44242004e-06
vn -7.3347901e-06 -1 -7.2979994e-05
vn -0.000100625002 -0.999996722 -0.00258529093
vn -0.000272784993 -0.999996603 -0.00262439204
vn -7.72198982e-05 -1 0.000217519992
vn 0.000326291978 -0.999996305 -0.0027226801
vn 3.03564993e-05 -1 -1.07783999e-05
vn 2.13329004e-05 -1 -0.000179418988
vn -0.000482189964 -0.999996781 0.00250929501
vn -2.15498985e-05 -1 -8.7196504e-06
vn 0.000528552977 -0.999996185 -0.00273799803
vn -2.13032999e-05 -1 0.000179418988
vn 0.000433232024 -0.999998271 -0.00182074297
vn -3.03422985e-05 -1 1.07817996e-05
vn 2.69971988e-05 -1 8.44272017e-06
vn 2.15504006e-05 -1 8.71961038e-06
vn 7.32338003e-06 -1 7.29806998e-05
vn -4.3132502e-07 1 0
vn -2.37458991e-07 1 0
vn 0 1 0
vn 2.42721001e-07 1 0
vn -1.34787001e-07 1 0
vn 1.49198996e-07 1 0
vn 0.995893478 -0.0264585 -0.0865807533
vn 0.0213799402 0.00616878178 0.999752402
vn 0.0229009893 0.007150352 0.999712229
vn 0.960186481 0.0310358964 -0.277630568
vn 0.871659398 -0.0395599008 -0.488512993
vn 0.383998007 -0.00953048375 0.923284709
vn 0.387673587 -0.00703477813 0.921769917
vn 0.759830594 0.0441451557 -0.648620665
vn 0.669473708 0.0224750601 0.742495716
vn 0.558545172 -0.0398044549 -0.828518629
vn 0.760103405 -0.0350940749 0.648853719
vn 0.387500137 0.0307665356 -0.921356082
vn 0.885309398 0.0309582856 0.463970631
vn 0.209407628 -0.026290834 -0.977475047
vn 0.960186481 -0.0310359001 0.277630597
vn -0.0269617997 0.0431809984 -0.99870348
vn 0.995893478 0.0264585 0.0865807533
vn 1.69217998e-07 1 0
vn 1.45552988e-07 1 0
vn -3.30466008e-07 1 0
vn 2.3882302e-07 1 0
vn 3.29533009e-07 1 0
vn -1.86383005e-07 1 0
vn -2.92570007e-07 1 0
vn 1.68973997e-07 1 0
vn 2.39101013e-07 1 0
vn 0.973696887 -0.0682120249 -0.217397064
vn 0.909912825 0.0774637386 -0.407502115
vn 0.179789886 -0.0353376754 0.983070076
vn 0.552306414 -6.04851994e-05 0.833641171
vn 0.599940717 0.0517539829 0.798368692
vn 0.681865096 -0.0582668707 -0.729153693
vn 0.507505357 0.0400571749 -0.860716999
vn 0.34467569 -0.0231401306 -0.938436627
vn 0.0908663198 0.0345918499 -0.995262206
vn 0.924084902 -0.0496229492 0.378951997
vn 0.966580987 0.0588153005 0.249523699
vn 0.105232097 -0.0971856117 0.989687502
vn 0.260722578 0.138314381 0.95545429
vn 0.354314029 -0.0713213682 0.93240279
vn 0.545280516 0.0087274313 0.838208199
vn 0.556454182 0.0436049104 0.829733372
vn 0.706442773 -0.0361955091 0.706844091
vn 0.739735723 0.0588095114 0.670322716
vn 0.843287289 -0.0758896992 0.532078326
vn 0.89336741 0.0734394714 0.44328481
vn 0.937480092 -0.0615148433 0.342559576
vn 0.971578002 0.0806528255 0.222556174
vn 0.989206374 -0.1121663 0.0942841694
vn 0.993440807 0.103413001 -0.048797071
vn 0.978285491 -0.0855070204 -0.188801363
vn 0.953583062 0.069134526 -0.293086559
vn 0.896901727 -0.0738146305 -0.436026186
vn 0.870909095 0.0465276763 -0.489236653
vn 0.741886318 -0.0144529296 -0.670369983
vn 0.742304981 -0.0129031502 -0.669937909
vn 0.5693385 0.0136032104 -0.821990728
vn 0.572843254 0.025901366 -0.81925559
vn 0.355153471 -0.0684191436 -0.932300806
vn 0.301331192 0.069384627 -0.950991809
vn 0.0658258125 -0.0172694307 -0.997681677
vn 0.0571136996 -0.0460572205 -0.997304797
vn -0.00044735198 -0.999999881 0.000232802005
vn 0.000154027992 -1 -0.000100902995
vn 7.35594003e-05 -1 -2.3172799e-05
vn -3.01436994e-05 -1 3.39042999e-05
vn -0.00010407799 -1 0.00012548799
vn 5.43796996e-05 -1 -5.3729098e-05
vn 3.47665009e-05 -1 2.4730798e-05
vn -0.000370738009 -0.999999881 -0.000389040972
vn -5.40937981e-06 -1 -4.54674e-06
vn 0.000176215006 -1 0.000148931998
vn -4.98204972e-05 -1 -0.000265523995
vn -9.42432962e-05 -1 -6.22800007e-06
vn 2.20285983e-05 -1 6.33491982e-06
vn -0.000119076998 -1 -4.15879003e-06
vn 4.51831984e-05 -1 -6.27041009e-05
vn -6.57917042e-07 -1 -6.32132014e-06
vn -9.55570044e-07 -1 -5.28310011e-06
vn -0.000214731001 -1 0.000157467002
vn -0.625622988 0.780125499 0.000492635998
vn -0.970112681 0.242654964 8.68053903e-05
vn -0.828701198 0.559690475 0.000945761916
vn -0.963069081 0.269254178 -0.000308626972
vn -0.744814396 0.667271614 -0.000383940991
vn -0.260487795 0.965476871 -0.000729605963
vn -0.381737471 0.924270689 0.000660655089
vn -0.519698203 0.854349673 -0.000624447013
vn -0.873330414 0.487128407 -3.26551999e-05
vn 0.61705631 0.786918879 -0.00046018901
vn 0.558592319 0.829442322 0.000292128971
vn 0.970120907 0.242621973 -9.2667382e-05
vn 0.83125329 0.555893183 -0.000890357012
vn 0.963080108 0.269214779 0.000303419947
vn 0.750543773 0.660820723 0.000375728967
vn 0.272905797 0.962040424 0.000798032968
vn 0.376519203 0.926408589 -0.000681253965
vn 0.873349071 0.487094909 3.37159981e-05
vn -0.933757901 0.00696802093 -0.357837588
vn -0.934844196 0.00878292415 -0.354949832
vn -0.815257609 -0.0151316496 -0.578900874
vn -0.732185245 0.00353395939 -0.681096435
vn -0.729622602 0.0112730199 -0.683757126
vn -0.721362472 0.0151597802 -0.692391813
vn -0.621336579 -0.00575733092 -0.783522725
vn -0.563495517 -0.00462692883 0.826106191
vn -0.706356645 -0.00104677584 0.707855344
vn -0.746195376 0.00959473755 0.665657878
vn -0.746123493 0.00956511404 0.665738821
vn -0.815308809 -0.0076482282 0.578975856
vn -0.906944275 0.0153669696 0.42097041
vn -0.93442452 -0.0156080099 0.355819315
vn 0.933797896 0.00703316974 0.357731938
vn 0.934814513 0.0087313652 0.355029106
vn 0.815154195 -0.0150968982 0.579047263
vn 0.725762725 0.00512045622 0.687926114
vn 0.725702584 0.0123815499 0.687897205
vn 0.72780031 0.01109784 0.685699284
vn 0.57326144 -0.00690740393 0.819343507
vn 0.571494639 -0.00133150793 -0.820604682
vn 0.709314644 0.00244969083 -0.704887748
vn 0.740171969 0.0107214395 -0.672332168
vn 0.74061501 0.0108950101 -0.671841323
vn 0.814902306 -0.00773280719 -0.579546869
vn 0.906985283 0.0153817479 -0.42088145
vn 0.934426486 -0.0155513184 -0.355816364
vn 0.589743197 0.0147194797 0.807456672
vn 0.35189718 0.0126688983 -0.935952902
vn 0.419898212 -0.0248809401 0.907230079
vn 0.179625794 0.0127509199 0.983652413
vn 0.664984465 -0.0141365482 -0.746723413
vn 0.660274982 -0.0123611614 -0.750922322
vn 0.920046985 0.0151488082 -0.391515046
vn 0.981905222 -0.0163231995 -0.188668504
vn 0.998916805 0.0117933704 0.0450126491
vn 0.930353582 -0.0191212799 0.366164804
vn 0.881226003 0.00790536404 0.4726291
vn -1.54675007e-07 -1 -0
vn 4.03001025e-07 -1 0
vn -0.791727602 0.484431446 -0.372147083
vn -0.773569822 0.470291197 -0.424753994
vn -0.681056976 0.510876119 -0.524563611
vn -0.939377189 0.113980487 -0.323386669
vn -0.896800399 0.255903095 -0.360919386
vn -0.887064099 0.256496578 -0.38383165
vn -0.458176404 0.690468371 0.559756875
vn -0.443697095 0.740530729 0.50472492
vn -0.56089431 0.644932926 0.519094586
vn -0.551240027 0.742391229 0.380775213
vn -0.535751998 0.763397813 0.360823601
vn -0.683669269 0.645407557 0.340654373
vn -0.614452124 0.764815211 0.193665996
vn -0.639642477 0.738861799 0.211992502
vn -0.751371503 0.645924926 0.134988382
vn -0.677306116 0.735305786 0.0241229497
vn -0.735005796 0.676480472 0.0462670289
vn -0.69211328 0.717248321 -0.0808345601
vn -0.672862232 0.736250639 -0.0720517039
vn -0.73995024 0.645831287 -0.188084424
vn -0.5993402 0.76447618 -0.237418503
vn -0.622119546 0.73968482 -0.256580681
vn -0.657866478 0.645250797 -0.388411105
vn -0.521151721 0.754805803 -0.398333013
vn -0.560750008 0.684330702 -0.466102004
vn -0.450227588 0.732160389 -0.511112928
vn -0.465905637 0.68682456 -0.55785656
vn -0.615497172 0.611963511 0.496652693
vn -0.885067284 0.332260698 0.325973511
vn -0.935080111 0.104395002 0.338713706
vn -0.649218619 0.615485311 0.446870297
vn -0.858978987 0.332165688 0.389642388
vn -0.905007601 0.211614206 0.36902681
vn -0.750809908 0.456066012 0.477795392
vn 0.801272929 0.374724299 0.466415614
vn 0.659535706 0.592439711 0.462631494
vn 0.657896101 0.59512651 0.461516201
vn 0.9392097 0.113914497 0.323895901
vn 0.885582209 0.283823997 0.367679507
vn 0.89139688 0.287628412 0.350259393
vn 0.44718501 0.700025797 -0.556766927
vn 0.440221786 0.745276392 -0.50076741
vn 0.534050763 0.65818435 -0.530644238
vn 0.57170862 0.701340973 -0.425758392
vn 0.523636162 0.775524974 -0.352655858
vn 0.659977317 0.660124362 -0.358700067
vn 0.670932829 0.698415577 -0.249128193
vn 0.601572156 0.775987983 -0.189614177
vn 0.73255533 0.661938012 -0.158747897
vn 0.716856658 0.695348442 -0.0510598309
vn 0.702482224 0.710329771 -0.0441634618
vn 0.661034763 0.746377468 0.0771604627
vn 0.725277126 0.686516225 0.0516594611
vn 0.745284915 0.646889389 0.161507204
vn 0.640159786 0.730543315 0.237701297
vn 0.59558028 0.76786828 0.235928804
vn 0.669333816 0.647811115 0.363776088
vn 0.55051738 0.727213979 0.409988403
vn 0.525830209 0.749653101 0.401899189
vn 0.530033827 0.664606094 0.526652515
vn 0.453326792 0.726991296 0.515730977
vn 0.463224411 0.672596514 0.57709378
vn 0.622905016 0.602418482 -0.499080509
vn 0.773197472 0.426395088 -0.469417602
vn 0.885066509 0.332260609 -0.325975686
vn 0.93509531 0.104333803 -0.33869049
vn 0.655246615 0.608815372 -0.447208792
vn 0.858955979 0.332165301 -0.38969329
vn 0.905008972 0.211630598 -0.369013906
vn 0.0218813419 -0.70381254 0.710048735
vn 0.0269650165 -0.723135114 0.690180063
vn 0.201793432 -0.682452559 0.702522635
vn 0.200787693 -0.724977612 0.658856511
vn 0.333047301 -0.696394324 0.635699928
vn 0.330404401 -0.765591025 0.551999509
vn 0.419925898 -0.677741408 0.603596628
vn 0.500220358 -0.689403355 0.523929954
vn 0.459672242 -0.775582194 0.432635635
vn 0.594022036 -0.659573376 0.460544169
vn 0.621435404 -0.699315727 0.3532359
vn 0.563027382 -0.776025891 0.284225404
vn 0.698392749 -0.661046267 0.274345458
vn 0.698289454 -0.696602464 0.164733008
vn 0.620070219 -0.776412368 0.112679683
vn 0.745861292 -0.662758172 0.0666527078
vn 0.718865991 -0.69408381 -0.0384628102
vn 0.626106679 -0.776785672 -0.0677831098
vn 0.733006001 -0.664465427 -0.145560801
vn 0.681297183 -0.691552818 -0.239976704
vn 0.580768108 -0.777107 -0.242514104
vn 0.660982609 -0.666301072 -0.345173687
vn 0.58819288 -0.689089835 -0.423301846
vn 0.487838507 -0.77738589 -0.397095501
vn 0.53596729 -0.668197691 -0.515995085
vn 0.434228301 -0.688566029 -0.580794871
vn 0.396640301 -0.732835829 -0.552836478
vn 0.289655089 -0.712382078 -0.63922739
vn 0.294392288 -0.679065406 -0.672460675
vn 0.106600098 -0.730372429 -0.674679697
vn 0.108709797 -0.760851324 -0.639755785
vn 0.0785212442 -0.656520247 0.750210285
vn 0.214085266 -0.763984501 0.608683169
vn 0.246571705 -0.725388229 0.642661929
vn 0.411655933 -0.655646563 0.632982612
vn 0.428512007 -0.755465388 0.495630592
vn 0.514591277 -0.685033321 0.515679419
vn 0.592484057 -0.712777555 0.375380933
vn 0.574243307 -0.74348861 0.342738003
vn 0.709568918 -0.655362904 0.258865803
vn 0.63625288 -0.759943724 0.132921115
vn 0.748346746 -0.659190536 0.0737899989
vn 0.653217912 -0.755948126 -0.0429979488
vn 0.744148791 -0.651432216 -0.147914603
vn 0.616615713 -0.753198802 -0.229077905
vn 0.686336815 -0.645958602 -0.334184498
vn 0.545823812 -0.678957403 -0.491012514
vn 0.524336576 -0.739685118 -0.421825796
vn 0.416444212 -0.686240911 -0.596362114
vn 0.413266867 -0.725390732 -0.550471544
vn 0.197608098 -0.771281481 -0.605042219
vn 0.255186796 -0.703710318 -0.663077414
vn 0.0511636697 -0.626665711 -0.777606905
vn 0.853171885 -0.0311904494 0.520696521
vn 0.292715907 -0.868062019 0.400981009
vn 0.355994672 0.0563180931 -0.932789385
vn 0.165398404 -0.405251592 0.899118781
vn 0.161679298 -0.326570988 0.93124181
vn 0.333803713 -0.86282289 -0.379620612
vn 0.763604999 -0.557973206 -0.324920505
vn 0.946360707 0.0116292201 -0.322902709
vn 0.499932647 -0.865769804 0.0225884318
vn 0.767461419 -0.491457701 0.411670297
vn 0.000326255977 -0.999996305 -0.0027226801
vn -0.000324323017 -0.999996305 0.00270628906
vn 0.000274458987 -0.999996483 0.0026405449
vn -0.000324336957 -0.999996305 0.00270628883
vn -0.000324322988 -0.999996305 0.00270628883
vn 0.000326268986 -0.999996305 -0.0027226801
vn -7.33475008e-06 -1 -7.29796957e-05
vn 2.13032999e-05 -1 -0.000179420997
vn -2.13331004e-05 -1 0.000179418988
vn 7.3350102e-06 -1 7.29808962e-05
vn -1 0 1.59634999e-06
vn -1 0 0
vn -0.0174587891 0.999847591 -5.66837934e-06
vn -0.0309994165 0.999514103 0.0032671676
vn -0.0313001797 0.999504328 0.00339436508
vn -0.0174641628 0.999847591 0
vn 0.0174758974 -1.47092978e-05 -0.999847293
vn 0.0174745284 0 -0.999847293
vn 0.0175053384 2.12920968e-05 -0.999846756
vn -0.803442299 -0.319213301 0.502576828
vn -0.604962826 -0.198388696 0.771143317
vn -0.181595296 -0.174213499 0.967818618
vn -0.642870009 -0.178962499 0.744775593
vn -0.670968413 -0.375720799 0.639245927
vn -0.40384239 -0.199952796 0.892709494
vn -0.40354681 -0.2000992 0.892810404
vn -0.210774496 -0.519811213 0.827871025
vn -0.238038003 -0.504836977 0.829745471
vn -0.855792403 -0.308625519 0.415174454
vn -0.0897840112 -0.22104007 0.971123099
vn -0.551455021 -0.495884687 0.670817316
vn -0.195184395 -0.293599397 0.935789824
vn -0.733254611 -0.107233003 0.67144531
vn -0.951436102 -0.0579805225 0.302336961
vn -0.974879622 -0.0859915614 0.205463603
vn -0.730500579 -0.239230499 0.639638722
vn -0.585248351 -0.500038743 0.638314664
vn -0.803798497 -0.207212567 0.557647645
vn -0.795558512 -0.0731494427 0.6014449
vn -0.192965105 -0.679388821 0.707951486
vn -0.221838266 -0.366249472 0.903686404
vn -0.406343907 -0.241305605 0.881281078
vn -0.537235677 0.333305389 -0.774780929
vn -0.140405416 -0.647437632 0.749073386
vn -0.289809704 -0.171551302 0.94158411
vn -0.0281352401 -0.356881797 0.933725774
vn -0.998755813 -0.0264476538 0.0422790051
vn -0.933095992 -0.0860458016 0.349182099
vn -0.8658126 -0.208735466 0.454750448
vn -0.630839467 -0.0704473108 0.772708654
vn -0.942678511 -0.162854403 0.291265696
vn -0.0603154786 -0.0988192484 0.993275821
vn -0.972969294 -0.125166595 0.194072604
vn -0.586261332 -0.364529759 0.723474741
vn -0.363571525 -0.125033721 0.923137307
vn -0.92598033 -0.0905703306 0.366548091
vn -0.876914859 -0.124167688 0.464330345
vn -0.999090493 0.00967150833 0.0415285751
vn -0.998493314 -0.00122994103 0.0548601113
vn -0.999368727 0.000260892004 0.0355268084
vn -0.998375595 -0.00689053582 0.0565578975
vn -0.999947011 0.00359761692 -0.00964897778
vn -0.9989838 0.024579756 0.0377780646
vn -0.999617994 -0.0111927902 0.0252737906
vn -0.999412477 0.0214644596 0.0267200992
vn -0.99456048 -0.0510977507 0.0907662511
vn -0.9995116 0.00995784905 0.0296209995
vn -0.1673778 -0.619291902 0.767112911
vn -0.0996887013 -0.516715109 0.850333929
vn -0.999504089 0.0314657576 -0.00121176185
vn -0.998310506 -0.0581043884 -0
vn -0.998437881 -0.0558429211 -0.00181525876
vn -0.989694893 -0.142785013 -0.0107997013
vn -0.998726308 -0.0504558012 -0.000166942002
vn -0.999154985 -0.0411019847 0.000101300982
vn -0.999938905 -0.0110544488 -1.50394976e-06
vn -0.987309396 0.158806995 0.000679566991
vn -0.987191916 0.1595373 0
vn -0.826659024 0.562696576 -0.00274598529
vn -0.816467941 0.577390432 -0.000727504026
vn -0.522741556 0.852474093 0.00541180326
vn -0.411150753 0.911538899 -0.00720018009
vn 0.0174685102 0.999847114 0.000798497
vn 0.0181124192 0.999835789 0.000686813029
vn 0.0177273676 0.999842584 0.00074748788
vn 0.0188618302 0.999819577 -0.00223267009
vn 0.0172740202 0.999850392 0.000933402975
vn 0.0174097978 0.999847591 0.00132208993
vn 0.0177244488 0.999842584 -0.000788529869
vn 0.0188052002 0.999820709 -0.00221771002
vn 0.0174663607 0.999846995 -0.001036703
vn 0.0182927195 0.999832392 -0.000841666013
vn 0.0417981111 0.999058127 0.01165378
vn 0.0194708109 0.999810219 -0.000642347964
vn 0.0235741101 0.999722183 3.30776993e-06
vn 0.0234410707 0.999725282 8.45551028e-07
vn 0.0174674895 -0.999847472 0
vn 0.0174250603 -0.999848187 3.92388029e-06
vn 0.0171929523 -0.9998523 -3.0870804e-05
vn 0.0212145373 -0.999773085 0.00194519677
vn 0.0174604002 -0.999847591 -1.51403003e-06
vn 0.0216321908 -0.999765992 0.000398990989
vn 0.0198474508 -0.99980247 0.00102448405
vn 0.0175088607 -0.999846578 -0.000589637959
vn 0.0176830199 -0.99984318 -0.000994425965
vn 0.0174281504 -0.999848127 -0.00039387701
vn 0.0177534204 -0.999842286 -0.000619028986
vn 0.0192321502 -0.99973911 -0.0123290997
vn 0.0192991998 -0.999803901 -0.00444018794
vn 0.0223351698 -0.999616921 0.0163499098
vn 0.0247032605 -0.99962908 0.0114727598
vn 0.0198935177 -0.019679958 0.999608397
vn 0.0193493906 -0.118618302 0.99275142
vn 0.017035719 -0.123373486 0.992214084
vn 0.0194355194 -0.00476086093 0.999799788
vn 0.0143090999 -0.0443215296 0.998914897
vn 0.0229726415 -0.06381578 0.997697294
vn 0.0157873575 -0.160326988 0.986937702
vn 0.0184782706 -0.190347701 0.981542885
vn 0.0187221691 -0.152983904 0.988051414
vn 0.0156128397 -0.159150794 0.987130821
vn 0.0193921309 -0.186673805 0.982230604
vn 0.0213830397 -0.0794442222 0.996609986
vn 0.0170526486 -0.198152766 0.980022788
vn 0.0169690792 -0.0874045417 0.996028423
vn 0.0197961293 -0.178303495 0.983776391
vn 0.0172859412 -2.4744204e-05 0.99985069
vn 0.0209578201 -0.181087598 0.983243704
vn 0.125387207 0.61020571 0.782257676
vn 0.69991827 0.433389455 0.567704141
vn 0.795168102 0.335033059 0.505431056
vn 0.83967191 0.33142966 0.430238754
vn 0.79817754 0.357167244 0.485123068
vn 0.838611782 0.331760466 0.432047755
vn 0.817689657 0.30135718 0.490476727
vn 0.884290576 0.237519607 0.402013302
vn 0.929111898 0.246272624 0.275864124
vn 0.901922226 0.241251707 0.358237296
vn 0.913054407 0.161130518 0.374658227
vn 0.924816608 0.247648507 0.288763791
vn 0.948568404 0.267326474 0.169571787
vn 0.992247283 -0.0184622984 0.122900285
vn 0.984436929 -0.0259399991 0.173813403
vn 0.990680099 -0.0213353019 0.134528309
vn 0.981361508 -0.0309582297 0.189660907
vn 0.950688899 0.219042867 0.219569877
vn 0.981402278 -0.0401469991 0.187717706
vn 0.983060598 -0.0372398421 0.179458216
vn 0.988638401 -0.0336945578 0.14648819
vn 0.992059529 -0.0350217186 0.120795198
vn 0.984491408 -0.0571797937 0.165852785
vn 0.983205616 -0.0637729689 0.170996606
vn 0.957134485 0.260508269 0.126605585
vn 0.202156097 0.57429558 0.793295383
vn 0.157266706 0.656077623 0.738125622
vn 0.990886509 -0.0429126546 0.127681091
vn 0.984416902 -0.0774938911 0.157854483
vn 0.160056993 0.649888873 0.742984712
vn 0.930771887 0.212766469 0.297311574
vn 0.970582783 0.221191272 0.0950975269
vn 0.987632513 -0.0881280378 0.129675314
vn 0.970321417 0.176418006 0.165387899
vn 0.987730205 -0.0907425731 0.127101481
vn 0.278525114 0.596156478 0.753008127
vn 0.989327192 -0.101056799 0.104973003
vn 0.962789118 0.1350815 0.234073102
vn 0.963338614 0.1138032 0.242956102
vn 0.184770897 0.6619519 0.726415515
vn 0.986874402 -0.130472496 0.0951629207
vn 0.278160602 0.596559823 0.752823412
vn 0.273667008 0.62565428 0.730522513
vn 0.989674926 -0.131422997 0.0571970902
vn 0.988273203 -0.136597291 0.0682440847
vn 0.98817122 -0.136717603 0.0694688484
vn 0.282791615 0.603045821 0.745898604
vn 0.992357492 -0.0864847377 0.0880181789
vn 0.989864051 -0.115226284 0.08301799
vn 0.986291409 -0.161399305 0.0343465805
vn 0.981400728 0.1573928 0.109910302
vn 0.36638552 0.623511434 0.690648437
vn 0.410387486 0.569468021 0.712241709
vn 0.976539075 0.0565413199 0.207785204
vn 0.982427418 0.0864415094 0.165421307
vn 0.985671997 0.108060487 0.129513279
vn 0.973675728 0.0371864438 0.224884331
vn 0.457762897 0.580062926 0.673780501
vn 0.465911299 0.560097992 0.684994102
vn 0.978375912 0.205733001 0.0213212892
vn 0.988952219 0.125723794 0.0785306022
vn 0.0183027294 0.718012393 0.695789695
vn 0.0161612593 0.572768688 0.819557786
vn 0.0332263708 0.661463618 0.749240875
vn 0.546314061 0.515661716 0.660025656
vn 0.626567483 0.543738306 0.558356524
vn 0.673080921 0.463306904 0.576462328
vn 0.0440454371 0.623207867 0.780814886
vn 0.0157571379 0.792103291 0.610183656
vn 0.991334915 0.0417014286 0.124563403
vn 0.0456669852 0.646768451 0.761317968
vn 0.0342607982 0.73714298 0.674867809
vn 0.991466284 0.0929002687 0.0914558694
vn 0.81197381 0.416771561 0.408656567
vn 0.977020085 -0.0142862201 0.212668002
vn 0.808760822 0.417199403 0.414548814
vn 0.994904101 0.0206934791 0.0986794233
vn 0.0484544598 0.724503219 0.687566221
vn 0.0674899742 0.667714655 0.741351664
vn 0.992610991 0.117693096 0.0295256302
vn 0.983482718 0.180669293 -0.0109768501
vn 0.0840938017 0.579080522 0.810921729
vn 0.984005809 0.178083703 -0.00434571505
vn 0.883519292 0.354817629 0.305774838
vn 0.407638788 0.548763275 0.729855776
vn 0.121135883 0.630729735 0.766489506
vn 0.893293262 0.355544478 0.274982274
vn 0.390921712 0.557938695 0.732041478
vn 0.0676379725 0.694500506 0.716305971
vn 0.478157848 0.521080136 0.706994057
vn 0.523385108 0.507605374 0.684401095
vn 0.623726904 0.453797609 0.63642168
vn 0.691181064 0.481611043 0.538813055
vn 0.656929135 0.41617626 0.628682375
vn 0.996672988 0.000203998963 0.0815039128
vn 0.952455699 0.108160697 0.284832507
vn 0.997438908 -0.000909485854 0.0715178102
vn 0.990746975 0.0217393599 0.133969501
vn 0.952542722 0.0948994085 0.289234191
vn 0.99990201 -0.0139983185 -5.9162292e-05
vn 0.999861598 -0.0156719573 0.00558072235
vn 0.997793198 0.00493347552 0.0662151426
vn 0.998651803 0.00366288354 0.0517798513
vn 0.999663472 -0.0128192902 0.0225531403
vn 0.996537626 0.002143919 0.0831162333
vn 0.999872208 -0.0129119698 -0.00942569878
vn 0.99812609 0.0205870774 0.0576237924
vn 0.999882281 -0.0153483097 -0.000102548001
vn 0.984710395 0.0729315877 0.15819782
vn 0.907737792 0.194974825 0.37147963
vn 0.987655699 0.0660134554 0.142051116
vn 0.894259989 0.209550872 0.395458728
vn 0.999935091 0.000540729961 -0.0113797104
vn 0.995879471 0.0114226295 0.0899642035
vn 0.999206424 0.0113448501 0.0381830893
vn 0.999542415 -0.00805908442 0.0291560795
vn 0.903216481 0.173943385 0.392356426
vn 0.913995624 0.164680004 0.370799989
vn 0.898240209 0.167499095 0.406335592
vn 0.999463797 -0.0137676522 0.0297111832
vn 0.999919116 -0.00257909205 -0.0124542098
vn 0.886246443 0.214138627 0.41074577
vn 0.881514013 0.221761107 0.416839391
vn 0.989367425 0.0265278798 0.142997906
vn 0.999900401 -0.0138614103 0.00268435408
vn 0.904890001 0.155783892 0.396112829
vn 0.886319399 0.198266506 0.418483287
vn 0.999850512 -0.0172929708 -2.25246004e-05
vn 0.953998983 0.0933313295 0.284912914
vn 0.999862492 -0.0161896888 -0.00360405352
vn 0.931418598 0.166684583 0.323536277
vn 0.91451019 0.190102473 0.357116461
vn 0.965501606 0.116282798 0.232991695
vn 0.998674393 -0.0467194244 0.0216037575
vn 0.999833703 -0.0182383005 0.000140502001
vn 0.999708712 -0.00767201092 0.0228838902
vn 0.968875706 0.0847368091 0.23259297
vn 0.901111603 0.174916506 0.396739393
vn 0.956400573 0.134033695 0.25948599
vn 0.987577856 -0.157129079 0.000613578886
vn 0.986832619 -0.161740094 0.001266837
vn 0.979005694 0.178473085 0.0984644666
vn 0.90377897 0.40766561 0.130355
vn 0.985501409 0.0960594416 0.139855996
vn 0.8500247 0.345599115 0.3975164
vn 0.806460679 0.469054401 0.3600128
vn 0.817144275 0.554192603 0.158574104
vn 0.832269371 0.388626605 0.395344287
vn 0.844786704 0.481009096 0.234447703
vn 0.999947608 -0.00416463614 -0.00936001539
vn 0.783068299 0.598319173 0.169759497
vn 0.824998498 0.501748443 0.26004988
vn 0.821436703 0.4832201 0.302886307
vn 0.999805272 -0.00616812706 -0.0187442806
vn 0.833346128 0.441093713 0.333122492
vn 0.68036145 0.731689513 0.0416985676
vn 0.727794647 0.664742351 0.168619588
vn 0.961630881 0.264462978 0.0729751438
vn 0.814339399 0.453441828 0.362273157
vn 0.998772204 0.0443216451 -0.0221306589
vn 0.998406589 0.0564255118 -0.000647370005
vn 0.969027698 0.154884204 0.192344293
vn 0.94139421 0.266905904 0.206247807
vn 0.886231005 0.450684041 0.107137784
vn 0.933492303 0.1676732 0.316982597
vn 0.886104286 0.385949939 0.256635457
vn 0.856651723 0.515833139 0.00801336765
vn 0.939336002 0.0695163608 0.33588019
vn 0.885214448 0.383121759 0.263843417
vn 0.999948025 -0.00154060102 -0.01008421
vn 0.846204579 0.395008206 0.357639998
vn 0.842824817 0.537907422 0.0173770692
vn 0.850791693 0.495529771 0.174939618
vn 0.79515183 0.593196809 0.125901401
vn 0.735234201 0.677273512 0.02704411
vn 0.797433972 0.598941863 0.073264055
vn 0.827529013 0.350827098 0.438310593
vn 0.801426411 0.100636899 0.589565992
vn 0.81616801 0.410931855 0.406208068
vn 0.773187518 0.533544481 0.342799306
vn 0.788856208 0.557445765 0.258766383
vn 0.939787924 -0.02776598 0.340628505
vn 0.989393473 -0.0136887999 0.144613907
vn 0.740802407 0.664647102 0.0972425267
vn 0.697624981 0.711721003 0.0822965503
vn 0.728223503 0.471368611 0.49749589
vn 0.670283973 0.443497211 0.595003903
vn 0.714840114 0.589789093 0.37570259
vn 0.614264667 0.473183155 0.631487668
vn 0.766613901 0.642104328 -0.00228846003
vn 0.522554874 -0.0848016664 0.848378003
vn 0.626359582 0.609460175 0.486036986
vn 0.630218685 0.488686204 0.603332579
vn 0.65042001 0.706134915 0.279870301
vn 0.99974817 -0.02201581 -0.00435262918
vn 0.769226313 0.6389696 0.00296443701
vn 0.686031818 0.727568924 -0.0019890659
vn 0.429505497 0.137794107 0.892489672
vn 0.627660871 0.704089522 0.33211419
vn 0.597971082 0.784923375 0.162252501
vn 0.611486614 0.688886583 0.389254987
vn 0.764881611 0.644165695 -0.00258827209
vn 0.999687493 -0.00315922406 -0.02479803
vn 0.999601901 0.024947457 -0.0131790582
vn 0.813979387 0.580882013 -0.00369220902
vn 0.745209455 0.657153964 0.113188185
vn 0.66407001 0.747191906 -0.0267444197
vn 0.881777704 0.354333103 0.311313808
vn 0.902064025 0.291021407 0.318727404
vn 0.617070496 0.785733879 -0.0429685712
vn 0.999188721 0.0182591602 -0.0358982608
vn 0.99955529 0.0127589079 -0.0269529764
vn 0.864106894 0.333998412 0.376516104
vn 0.756683588 0.605575919 0.246389806
vn 0.999257624 0.00577092078 -0.0380922481
vn 0.998675406 0.01444369 -0.049385719
vn 0.998743415 0.0501165316 0.000179875991
vn 0.802953482 0.292499572 0.519335747
vn 0.834574878 0.550890625 -0.00207775808
vn 0.700551987 0.632540107 0.330333203
vn 0.999094784 0.0296808966 -0.0304746572
vn 0.581960499 0.574846208 0.575216472
vn 0.780704618 0.539017916 0.316164702
vn 0.861298203 0.290361792 0.416959792
vn 0.998327017 0.0578160807 -0.000704013975
vn 0.590176046 0.803286195 0.0801467746
vn 0.591145456 0.803112984 0.0745420307
vn 0.998463511 0.0554144308 -0.000226370001
vn 0.998871386 0.0474975035 2.04214975e-05
vn 0.990290701 0.13900359 0.00150751974
vn 0.968291879 0.248450696 0.0261373501
vn 0.970303297 0.230587065 0.073082909
vn 0.915651202 0.398707211 0.0511430502
vn 0.966686189 0.0715519637 0.245760277
vn 0.97289741 0.118234001 0.198724493
vn 0.973668396 0.0269184057 0.226374075
vn 0.909095883 0.0485653728 0.413746327
vn 0.915747404 0.16836448 0.364774168
vn 0.967442393 0.0096146455 0.252908468
vn 0.96865952 0.243276 0.0501556285
vn 0.885801435 0.0976483375 0.453674853
vn 0.805712163 0.590082467 0.0512881726
vn 0.9991256 0.032134708 0.0267463867
vn 0.934783816 -0.0239602309 0.354408294
vn 0.989526689 0.122232303 0.0767866895
vn 0.963199914 0.259424001 0.0703228116
vn 0.665216327 0.203770906 0.71830678
vn 0.862704575 -0.0546325929 0.502748549
vn 0.840939105 -0.0365747772 0.539892256
vn 0.739516497 0.646071792 0.188961804
vn 0.737367868 0.643913746 0.204116866
vn 0.772508383 -0.0673523471 0.631422579
vn 0.668369472 0.736444771 0.104553297
vn 0.634551167 -0.0461926945 0.771499157
vn 0.696465611 0.0325586684 0.716851175
vn 0.701723874 0.682479978 0.2044622
vn 0.794598877 0.114780799 0.59618628
vn 0.673407555 -0.108195886 0.731311142
vn 0.674328566 0.387533247 0.628568947
vn 0.636246026 0.766372204 0.0886833593
vn 0.999759018 0.0106159402 -0.0192173701
vn 0.656848192 0.694298506 0.294109106
vn 0.704027712 0.220274299 0.675147593
vn 0.662127018 0.729627788 0.1709712
vn 0.5669958 0.3004601 0.766967714
vn 0.483892113 0.0816011429 0.871315002
vn 0.599560022 0.800299287 0.0069916239
vn 0.559277177 0.0141416099 0.828860104
vn 0.508405745 0.341081083 0.790687799
vn 0.639611125 0.338496506 0.690157771
vn 0.640576065 0.178072184 0.746962249
vn 0.960539401 0.278143972 0.000250186946
vn 0.950327575 0.311251491 -0.000370411988
vn 0.670787871 0.74071312 0.0372540914
vn 0.570263505 0.241358206 0.785204291
vn 0.585801005 0.775914073 0.234082595
vn 0.668799818 0.743218184 -0.0182678606
vn 0.696855009 0.717202485 -0.00372123695
vn 0.894593298 0.446881264 -0.000395910058
vn 0.707271814 0.706867278 -0.01026564
vn 0.521448374 0.116350703 0.845313072
vn 0.626136005 0.779503882 -0.0180950109
vn 0.63477093 0.766439497 0.0981657654
vn 0.792864919 0.609363794 -0.00640147878
vn 0.426179111 -0.138472304 0.893978119
vn 0.999180317 0.0110567799 -0.038942989
vn 0.999429882 0.0145475799 -0.0304706004
vn 0.969820499 0.183310181 0.160765588
vn 0.825586796 0.55285573 0.112947412
vn 0.528408051 0.36497727 0.766535401
vn 0.716104686 0.697832227 -0.0149779897
vn 0.900668323 0.381893307 0.207253605
vn 0.879153192 0.413576961 0.236735925
vn 0.736610472 0.675406277 0.0350927152
vn 0.950226724 0.2327355 0.207131401
vn 0.678365111 0.734190524 -0.0280196592
vn 0.587542832 0.580005586 0.564257979
vn 0.943493009 0.213008493 0.253867
vn 0.999467909 0.0312772915 -0.00925719738
vn 0.788426399 0.574676871 0.219386324
vn 0.640369177 0.767011225 -0.0402646586
vn 0.61958015 0.784722209 -0.018208798
vn 0.721851528 0.681231499 0.121877097
vn 0.901306391 0.258273065 0.347766876
vn 0.849752724 0.404157192 0.3384929
vn 0.579385042 0.814512253 0.029710466
vn 0.779924214 0.553648829 0.291875392
vn 0.580319047 0.813572407 -0.0364646874
vn 0.588699639 0.807812095 -0.0295379739
vn 0.876482904 0.30306989 0.374067307
vn 0.765711784 0.589821815 0.256506771
vn 0.803018808 0.595947921 -0.00265032006
vn 0.9180305 0.383918852 0.0991276875
vn 0.992221475 0.0063721519 0.124321789
vn 0.637041032 -0.0106233293 0.770756662
vn 0.91781199 -0.00574707892 0.396973789
vn 0.990474105 0.0013909929 0.137692288
vn 0.834381878 -0.0555916317 0.548376143
vn 0.690674543 -0.0264792964 0.722680867
vn 0.967100501 -0.00898021273 0.254236072
vn 0.526841998 -0.00451552821 0.849951327
vn 0.49851054 -0.0113302395 0.866809607
vn 0.931518495 0.000424120924 0.363693774
vn 0.751351893 -0.0246345941 0.659441888
vn 0.651686013 -0.0100077903 0.758422911
vn 0.841059506 -0.000887542847 0.540941954
vn 0.839126289 -0.000192522974 0.543936551
vn 0.723811805 0.000708582986 0.689997077
vn 0.706606627 -0.00412547495 0.707594573
vn 0.558825314 0.00527173141 0.829268575
vn 0.859089971 -0.0535933301 0.509010971
vn 0.485944301 -0.00574451592 0.873970985
vn 0.405136645 0.00839531329 0.914217591
vn 0.939345598 -0.0924029276 0.330290288
vn 0.949787617 -0.09134119 0.299266487
vn 0.371252209 -0.00287812902 0.928527594
vn 0.362506092 -0.00871306565 0.931940675
vn 0.983822703 -0.116878584 0.135765284
vn 0.999954104 -0.00835287478 0.00470662117
vn 0.986115813 0.0783709809 -0.146402106
vn 0.975864112 0.0661331415 -0.208124101
vn 0.984089673 0.0699144006 -0.163339004
vn 0.986374378 0.0697018504 -0.149020806
vn 0.982971072 0.0680087805 -0.170712203
vn 0.987402081 0.0653189346 -0.144120187
vn 0.982325196 0.0582262278 -0.177896217
vn 0.988733292 0.0483766086 -0.141655207
vn 0.988415122 0.0493507311 -0.143527597
vn 0.989836097 0.0402185246 -0.136407182
vn 0.984130919 0.0490002595 -0.170543998
vn 0.990779698 0.0269341357 -0.132778883
vn 0.990811288 0.0258321054 -0.132761791
vn 0.968400478 0.249388501 0.00244796206
vn 0.978034496 0.206507832 0.0283390842
vn 0.943342507 0.312793404 -0.110748403
vn 0.0135970702 0.802368402 -0.596674204
vn 0.95758009 0.275551707 -0.0843305513
vn 0.861833811 0.431772798 -0.266110688
vn 0.90811801 0.357185185 -0.218495771
vn 0.684223711 0.531318128 -0.499538809
vn 0.661725521 0.533189297 -0.527094483
vn 0.544446528 0.583302379 -0.602773905
vn 0.486461669 0.579024732 -0.654282451
vn 0.118789017 0.696944535 -0.70721817
vn 0.362616271 0.630054355 -0.686688364
vn 0.373544306 0.620287776 -0.689715683
vn 0.183752984 0.666915953 -0.722120464
vn 0.218228504 0.674522221 -0.705263197
vn 0.0458999164 0.700021148 -0.712645531
vn 0.0744475722 0.684706211 -0.725006878
vn 0.2008591 0.631985128 -0.748498797
vn 0.30450049 0.597671688 -0.741665721
vn 0.9772138 0.2099424 -0.0312638804
vn 0.513101637 0.536545813 -0.669959128
vn 0.61802876 0.483875751 -0.619600534
vn 0.0303190891 0.659927011 -0.750717819
vn 0.0407518707 0.604541123 -0.795530915
vn 0.170369178 0.598782241 -0.782581687
vn 0.0862895697 0.607815921 -0.789375603
vn 0.114603601 0.583656371 -0.803872705
vn 0.348609298 0.556954503 -0.753839076
vn 0.995821297 -0.00120604003 -0.0913157985
vn 0.42413494 0.536752939 -0.729387343
vn 0.99607271 -0.000384788931 -0.088538453
vn 0.994030595 0.00744408322 -0.108847402
vn 0.993908882 0.00744873099 -0.109953284
vn 0.227740496 0.567023873 -0.791592181
vn 0.992539108 0.01666563 -0.120782398
vn 0.325219214 0.554727793 -0.7658391
vn 0.992132127 0.0176379606 -0.123946503
vn 0.460125297 0.5167647 -0.72196883
vn 0.0288424995 0.734396815 -0.678107202
vn 0.922388911 0.251098901 -0.293509901
vn 0.980966687 0.156348899 -0.115149401
vn 0.981802821 0.155440003 -0.109095201
vn 0.870854974 0.294654101 -0.393434405
vn 0.890483081 0.27069369 -0.365738809
vn 0.981148183 0.156394407 -0.113530599
vn 0.954161823 0.192679495 -0.229019195
vn 0.950408816 0.167265221 -0.262193918
vn 0.988307774 0.1287487 -0.0816791579
vn 0.964315593 0.121332802 -0.2353165
vn 0.970486104 0.114926182 -0.212010965
vn 0.973724306 0.0676610917 -0.217446566
vn 0.0979676172 0.655107915 -0.749156892
vn 0.1644921 0.622439682 -0.765187025
vn 0.959059894 0.270027667 -0.0853770822
vn 0.944822609 0.262912869 -0.195414871
vn 0.672083616 0.474686205 -0.56831038
vn 0.770725727 0.414519697 -0.483895987
vn 0.897295356 0.337248683 -0.284823269
vn 0.963089824 0.219059229 -0.156432912
vn 0.947986901 0.251632005 -0.194941595
vn 0.0301489756 0.577999413 -0.815479994
vn 0.981530726 0.181375816 -0.0608312488
vn 0.982485592 0.179905385 -0.0485400409
vn 0.849351883 0.339153171 -0.404445827
vn 0.778998911 0.394202799 -0.487611502
vn 0.972252429 0.178883404 -0.150751695
vn 0.644669294 0.458384991 -0.611788213
vn 0.982900918 0.181800693 0.0292305909
vn 0.979788899 0.194061875 0.0485157222
vn 0.896548092 0.338821381 -0.285309583
vn 0.83524698 0.410592705 -0.365754396
vn 0.825205207 0.416966408 -0.381018996
vn 0.793473184 0.381265134 -0.474380851
vn 0.877568603 0.321090102 -0.356054187
vn 0.917529285 0.273374707 -0.288801402
vn 0.619432747 0.475952238 -0.624317646
vn 0.986339688 0.0896259472 -0.138207704
vn 0.976689517 0.0819107816 -0.198414505
vn 0.972655118 0.0757964775 -0.219538197
vn 0.985662997 0.0879072472 -0.144016907
vn 0.0164141003 -0.99523741 -0.0960891172
vn 0.0170220081 -0.677724063 -0.735119343
vn 0.0188270807 -0.996979117 -0.0753543302
vn 0.0183471404 -0.895459473 -0.444764912
vn 0.0168795493 -0.469534993 -0.882752478
vn 0.0163201001 -0.682197928 -0.730985403
vn 0.0186481401 -0.453918397 -0.8908481
vn 0.0183731299 -0.540471315 -0.841161907
vn 0.0188482888 -0.612730443 -0.790067196
vn 0.0169880297 -0.776077926 -0.630408287
vn 0.0188285727 -0.947590292 -0.318933129
vn 0.0189922396 -0.760087907 -0.64954263
vn 0.0160958692 -0.389548808 -0.920865178
vn 0.0150910001 -0.571021318 -0.820796609
vn 0.0197067801 -0.822446406 -0.568501174
vn 0.0176024418 -0.950402498 -0.310524434
vn 0.0174273793 -0.899266779 -0.437053293
vn 0.0163733307 -0.843633592 -0.536669612
vn 0.0153952185 -0.244393975 -0.969553769
vn 0.0188929401 -0.36362651 -0.931353211
vn 0.0174613502 -0.315911591 -0.948628008
vn 0.0190927293 -0.300747007 -0.953512907
vn 0.0162233077 -0.977494955 -0.210333973
vn 0.0200394299 -0.983652472 -0.178958699
vn 0.0140111996 -0.0259606205 -0.999564826
vn 0.0201089308 -0.1010928 -0.994673789
vn 0.0155596696 -0.143997699 -0.9894557
vn 0.0206422806 -0.131101206 -0.991154075
vn 0.0205252692 -0.0652763173 -0.997656107
vn 0.0164405704 -0.1850833 -0.982585311
vn 0.0145202205 -0.0884099007 -0.995978415
vn 0.0206688605 -0.200505897 -0.979474485
vn 0.0205612108 -0.0256836396 -0.999458671
vn 0.0168006402 -0.0091769686 -0.999816775
vn 0.0155874398 -0.0436954387 -0.998923302
vn 0.0200525504 -0.165676102 -0.985976398
vn 0.982235789 0.187651098 0.000374494994
vn 0.982476592 0.186386183 -8.58759886e-05
vn 0.981780589 0.190018103 5.99298e-05
vn 0.997518003 -0.00373959495 -0.0703125
vn 0.997512817 -0.00336766196 -0.0704051182
vn 0.997977078 0.00863402989 -0.0629853606
vn 0.0191737395 -0.799237728 0.6007092
vn 0.0233309809 -0.814659476 0.579470098
vn 0.0254295394 -0.308493912 0.950886428
vn 0.0152194398 -0.256812096 0.966341496
vn 0.0163513981 -0.724115551 0.689484835
vn 0.0255805198 -0.964881003 0.261439204
vn 0.0216564499 -0.748379886 0.66291672
vn 0.0263376199 -0.228081107 0.973285913
vn 0.0162361804 -0.94657588 0.322072208
vn 0.0221112911 -0.652046859 0.757856309
vn 0.0212900583 -0.936617196 0.349706858
vn 0.01719933 -0.620968997 0.783646405
vn 0.0178925283 -0.998429596 0.0530865043
vn 0.0183266904 -0.998487175 0.0518417917
vn 0.0238867439 -0.578908384 0.815042734
vn 0.0224329792 -0.89721477 0.441024303
vn 0.0142698782 -0.502280414 0.864587009
vn 0.0144449398 -0.878808975 0.476955205
vn 0.0233134013 -0.467765957 0.883544922
vn 0.0242705308 -0.991779387 0.125636503
vn 0.01248556 -0.985188901 0.171017706
vn 0.0181200504 -0.372087806 0.928020716
vn 0.0163829308 -0.36619541 0.930393815
vn 0.999962807 -0.00863444805 3.43076999e-06
vn 0.999999821 -0.000262343005 0.000627347967
vn 0.999999702 -0.000414064969 0.00071930798
vn 0.999988973 -0.00463634683 -0.000780790986
vn 0.999999821 -0.000586871989 3.11759977e-05
vn 0.999999702 -0.000403606973 0.00073142699
vn 0.999935091 0.00946801901 0.00634568883
vn 0.999999702 -0.000516521977 0.000651852984
vn 0.999977291 0.000363539992 0.00674301293
vn 0.999999881 -0.000160694006 0.000604584988
vn 1 -0.000420961995 7.3019095e-05
vn 1 -0.000318529987 0.000108422995
vn 1 -0.00025589799 0.000138827003
vn 1 -0.000218607995 0.000164390993
vn 1 -0.000194713997 0.00018541899
vn 0.999999106 0.000683952007 0.00120949699
vn 0.999498308 -0.0165842101 0.0269841496
vn -0.570085704 -0.000315401994 0.821585178
vn -0.558650613 9.77380987e-05 0.829403102
vn -0.553889632 -0.000158589013 0.832590222
vn -0.547407389 4.9607901e-05 0.836866319
vn -0.571226478 5.08671983e-05 0.820792496
vn -0.528442919 -0.00155079295 0.848967373
vn -0.494800746 0.000225099953 0.869006395
vn -0.509947658 -0.000967121101 0.860204995
vn 0.513438582 0.00327128102 -0.858120203
vn -0.475030601 0.00460237218 0.879957318
vn -0.0441946909 -0.999017715 -0.00324731995
vn -0.0568172298 -0.998384595 -6.08966002e-05
vn -0.0229457002 0.00223106099 -0.999734223
vn -0.46759823 -0.00202816678 -0.883938789
vn -0.502036989 0.000312020973 -0.86484611
vn -0.521625936 -0.000274573948 -0.85317421
vn -0.528347611 -5.85650996e-05 -0.84902823
vn -0.108115986 0.00835418608 -0.994103193
vn -0.521532953 -0.00026866296 -0.853231072
vn -0.113113083 -0.00739473011 -0.993554592
vn -0.198804304 -0.00617039204 -0.980019808
vn -0.549225628 -0.000159757998 -0.835674107
vn -0.203420907 0.00802916195 -0.979058504
vn -0.558755159 0.0004731589 -0.829332471
vn -0.496352941 0.00108230091 -0.868120193
vn -0.297384977 0.00396788074 -0.954749405
vn -0.30800721 -0.0284096505 -0.950959802
vn -0.365369409 0.0233709794 -0.930569172
vn -0.397704095 -0.0293342993 -0.917044699
vn -0.4866741 -0.000960717967 -0.873583078
vn -0.44697535 0.0059727421 -0.894526303
vn -0.439740986 0.0174183194 -0.897955775
vn -0.455806553 0.000425004924 -0.890078783
vn -0.492983907 -0.000459306 -0.87003839
vn -0.492036194 0.00214654207 -0.870572209
vn 0.448723197 -0.739544213 0.501718879
vn 0.237220094 -0.938975513 0.249101907
vn 0.475406289 -0.718097627 0.508256614
vn 0.394432932 -0.821133494 0.412507445
vn 0.4963651 -0.760130405 0.419313103
vn 0.804083228 -0.364460498 0.469700694
vn 0.708597958 -0.572259068 0.412805647
vn 0.708112836 -0.575385034 0.409277767
vn 0.985092103 -0.171693906 -0.0107181603
vn 0.782562912 -0.554953575 0.282173514
vn 0.783130169 -0.553334951 0.283773661
vn 0.606715202 -0.742773712 0.283167601
vn 0.795813382 -0.132437497 0.590881884
vn 0.79543668 -0.161150202 0.584218502
vn 0.855316401 -0.518046319 0.00787109137
vn 0.880550802 -0.229095101 0.414904594
vn 0.861872971 -0.243284807 0.444958001
vn 0.965954602 -0.218997493 0.137738094
vn 0.722370923 -0.297464997 0.624255419
vn 0.779961288 -0.382324755 0.495467544
vn 0.738724589 -0.359917909 0.569864213
vn 0.950305998 -0.221302867 0.218959972
vn 0.679094613 -0.3023386 0.668896079
vn 0.795858026 -0.523787618 0.303737909
vn 0.854532003 -0.516434252 0.0554141812
vn 0.755976021 -0.524779975 0.391288012
vn 0.816176295 -0.573414803 0.0710766315
vn 0.571082115 -0.513975501 0.640073895
vn 0.672822297 -0.737113178 0.0630420372
vn 0.434380889 -0.521636128 0.7343086
vn 0.614265919 -0.788190603 0.0378529355
vn 0.727995336 -0.662368238 0.176893011
vn 0.380107313 -0.189156294 0.905394077
vn 0.529200077 -0.846271574 0.06141489
vn 0.460360855 -0.840827584 0.284739763
vn 0.721026003 -0.66174978 0.205447599
vn 0.360474706 -0.363189995 0.859157205
vn 0.64147234 -0.729907334 0.236111537
vn 0.401247531 -0.915349603 0.0336976573
vn 0.524271607 -0.843687415 0.1154598
vn 0.413655102 -0.846738815 0.334548891
vn 0.343033701 -0.757734418 0.555127501
vn 0.430958956 -0.886060596 0.170795918
vn 0.359315604 -0.294018388 0.885689318
vn 0.270940006 -0.91197592 0.308044702
vn 0.288854271 -0.952648103 0.0949991718
vn 0.298558235 -0.949614406 0.0953710154
vn 0.205069602 -0.959811628 0.191594005
vn 0.955167711 -0.279093504 0.0988002419
vn 0.897995472 -0.429908991 0.0937144086
vn 0.406206012 -0.479048997 0.778144479
vn 0.195820495 -0.8944695 0.401968509
vn 0.906666398 -0.308752894 0.287450612
vn 0.0904835984 -0.985292375 0.144954205
vn 0.873764098 -0.408904105 0.263313204
vn 0.530508459 -0.200591072 0.823604286
vn 0.703042626 -0.380606711 0.60072428
vn 0.696029723 -0.339983702 0.63241899
vn 0.868386507 -0.184832484 0.460154146
vn 0.212495893 -0.966658294 0.142888993
vn 0.803666294 -0.375487745 0.46165967
vn 0.241488501 -0.958535671 0.1513035
vn 0.259695798 -0.944542825 0.200990304
vn 0.393944651 -0.8997522 0.187759727
vn 0.887571812 -0.303978503 0.346140593
vn 0.889722824 -0.340607136 0.30394122
vn 0.591374636 -0.386521339 0.707726836
vn 0.656155527 -0.629020929 0.416884601
vn 0.572429657 -0.638813853 0.514043868
vn 0.611791074 -0.739860177 0.279854715
vn 0.466168702 -0.566758275 0.679317176
vn 0.614539504 -0.133661106 0.777480483
vn 0.438932687 -0.7488572 0.496539205
vn 0.323927701 -0.571564078 0.753913403
vn 0.481708854 -0.125277892 0.867330372
vn 0.333763957 -0.464741439 0.820132256
vn 0.225946605 -0.887439311 0.401745886
vn 0.47424525 -0.285132676 0.832940996
vn 0.515452504 -0.336654514 0.788018107
vn 0.534212589 -0.354845136 0.767269194
vn 0.606556475 -0.132888094 0.783855915
vn 0.550551653 -0.416701645 0.723362029
vn 0.459149569 -0.403308421 0.791532636
vn 0.752135694 -0.182591394 0.633207977
vn 0.734049022 -0.128064305 0.666912079
vn 0.603238642 -0.59122026 0.53531462
vn 0.142099902 -0.972543895 0.184298605
vn 0.321914792 -0.871065497 0.370966196
vn 0.638692558 -0.559141338 0.528614044
vn 0.468218505 -0.815697908 0.339718103
vn 0.67180717 -0.635354459 0.380788445
vn 0.327614009 -0.908482015 0.259479403
vn 0.446430206 -0.841566622 0.304082006
vn 0.612159193 -0.745113909 0.26470089
vn 0.562482595 -0.52932328 0.635161579
vn 0.284081101 -0.664732873 0.690961778
vn 0.379931241 -0.740476966 0.554388046
vn 0.274917305 -0.729753911 0.626003027
vn 0.462061703 -0.26059109 0.847697675
vn 0.228645265 -0.804152787 0.548689067
vn 0.412237495 -0.643369377 0.64508611
vn 0.629391491 -0.236781493 0.740135729
vn 0.411350995 -0.608601809 0.6785236
vn 0.342827141 -0.72416997 0.598370731
vn 0.121925816 -0.955964148 0.266958535
vn 0.275095195 -0.865345895 0.41892609
vn 0.548136115 -0.529331505 0.647576272
vn 0.972132325 -0.224941 -0.0660333633
vn 0.952515721 -0.297159404 -0.0664084479
vn 0.909792304 -0.410364211 -0.0622838698
vn 0.852266073 -0.519625664 -0.0602632016
vn 0.778910995 -0.624889016 -0.0530229807
vn 0.626348376 -0.778441012 -0.0414421484
vn 0.688437283 -0.723726094 -0.0476939008
vn 0.509380758 -0.859802186 -0.0356578156
vn 0.326863676 -0.944833696 -0.0211996976
vn 0.336162299 -0.941556096 -0.0216106698
vn 0.126242101 -0.991967976 -0.00791078806
vn 0.170257807 -0.985352814 -0.00960564613
vn 0.967036128 -0.227494806 -0.114399903
vn 0.150601193 -0.970116198 -0.190246895
vn 0.950141907 -0.297384083 -0.0937718526
vn 0.855380416 -0.505782008 -0.111843303
vn 0.868659675 -0.485174507 -0.100180201
vn 0.693891883 -0.0936162993 -0.713967919
vn 0.923967302 -0.0105858389 -0.382324934
vn 0.571542919 -0.123202197 -0.811270595
vn 0.63077867 -0.417164594 -0.654287398
vn 0.663549721 -0.531664014 -0.526341379
vn 0.900501072 -0.040633671 -0.432951212
vn 0.310482293 -0.194293395 -0.930511117
vn 0.662719607 -0.610780597 -0.43330121
vn 0.252340078 -0.206581175 -0.945329905
vn 0.701116681 -0.131854922 -0.700749457
vn 0.840135992 -0.0716838092 -0.537617862
vn 0.648561835 -0.677219868 -0.347477943
vn 0.660693586 -0.686328113 -0.304035902
vn 0.540019274 -0.177178994 -0.822792113
vn 0.562179446 -0.178137183 -0.807602286
vn 0.743485272 -0.132626697 -0.65546912
vn 0.689265072 -0.718019605 -0.0967553779
vn 0.428487003 -0.209261194 -0.87898159
vn 0.694586813 -0.2752496 -0.664670527
vn 0.674232125 -0.288224787 -0.679954112
vn 0.556211829 -0.314553857 -0.7692101
vn 0.767091572 -0.244650066 -0.593057156
vn 0.716536283 -0.179849699 -0.673965812
vn 0.727925777 -0.183813497 -0.660557926
vn 0.433832914 -0.405248106 -0.804713011
vn 0.172740787 -0.275210857 -0.9457376
vn 0.255123407 -0.468136609 -0.846026123
vn 0.418224007 -0.486327708 -0.767185807
vn 0.356488705 -0.270892203 -0.894166291
vn 0.264912128 -0.526745856 -0.807688415
vn 0.898740411 -0.0906211734 -0.429014713
vn 0.558570266 -0.247272968 -0.791741908
vn 0.55610472 -0.247459501 -0.793417573
vn 0.956777394 -0.0324591845 -0.289004266
vn 0.868375719 -0.130927905 -0.478311092
vn 0.266986907 -0.291628808 -0.918515503
vn 0.535310268 -0.620285034 -0.573314548
vn 0.72197032 -0.508755684 -0.468963295
vn 0.442806512 -0.28255251 -0.850932717
vn 0.207269102 -0.344489604 -0.915623605
vn 0.516658604 -0.707773626 -0.481788814
vn 0.712786317 -0.592447102 -0.375422686
vn 0.362791002 -0.343234509 -0.866356015
vn 0.843685091 -0.178231597 -0.506388307
vn 0.719260395 -0.657549202 -0.224262506
vn 0.25798741 -0.365061104 -0.894523919
vn 0.563875079 -0.792662323 -0.231800497
vn 0.774062574 -0.605385303 -0.185299203
vn 0.749723136 -0.642110944 -0.160027608
vn 0.764053702 -0.633764982 -0.120681912
vn 0.590049446 -0.793804109 -0.147365987
vn 0.590160906 -0.798141897 -0.121160001
vn 0.875016093 -0.192366406 -0.444231898
vn 0.949795485 -0.0902121514 -0.299583465
vn 0.457231432 -0.367768973 -0.809744
vn 0.573762953 -0.387716353 -0.721437633
vn 0.48546946 -0.418817163 -0.767405927
vn 0.912615597 -0.162752181 -0.375025839
vn 0.452017605 -0.704649508 -0.546945393
vn 0.421972901 -0.807881176 -0.411420703
vn 0.981101811 -0.0300453305 -0.191145703
vn 0.758636713 -0.325911105 -0.56413871
vn 0.222190306 -0.504663587 -0.83423388
vn 0.518246531 -0.83457613 -0.18682462
vn 0.441352457 -0.879909396 -0.175976008
vn 0.732659698 -0.359754711 -0.577742517
vn 0.89775002 -0.221723899 -0.380635589
vn 0.499591589 -0.860823572 -0.096907489
vn 0.395575643 -0.912076294 -0.107873783
vn 0.534693778 -0.49572891 -0.684364974
vn 0.835679889 -0.319762707 -0.44653219
vn 0.45974341 -0.512067318 -0.725550294
vn 0.946461797 -0.162889287 -0.278706074
vn 0.759857297 -0.380852789 -0.526847303
vn 0.348560601 -0.74792558 -0.564900815
vn 0.421609104 -0.783646286 -0.456228405
vn 0.405366391 -0.819789171 -0.404504389
vn 0.265675575 -0.602454543 -0.752638698
vn 0.538061857 -0.532231748 -0.653619766
vn 0.681013465 -0.475070328 -0.557251155
vn 0.361702025 -0.923983693 -0.124200813
vn 0.25319311 -0.641733885 -0.723927379
vn 0.165097222 -0.434764951 -0.885281026
vn 0.432387501 -0.622256815 -0.65256232
vn 0.218196496 -0.584985614 -0.781141579
vn 0.273050696 -0.714624107 -0.644015372
vn 0.823351204 -0.400296509 -0.402312696
vn 0.297069281 -0.751570582 -0.588974953
vn 0.292751074 -0.807951987 -0.511380851
vn 0.366998285 -0.647338152 -0.668031156
vn 0.235868901 -0.887500823 -0.395863891
vn 0.165726706 -0.929606915 -0.329189509
vn 0.144136921 -0.682709634 -0.716332436
vn 0.241672531 -0.943740726 -0.225716725
vn 0.262433559 -0.956899881 -0.124383584
vn 0.868047774 -0.357430488 -0.344581693
vn 0.912401497 -0.279766172 -0.298754662
vn 0.547390521 -0.120014898 -0.828227103
vn 0.123927198 -0.731234074 -0.670774817
vn 0.944262207 -0.233849794 -0.231696293
vn 0.112539984 -0.990694106 -0.0765499324
vn 0.802104473 -0.494524002 -0.334775299
vn 0.0879072472 -0.822219372 -0.562341213
vn 0.184800103 -0.839879274 -0.510344684
vn 0.935104609 -0.283314109 -0.2128672
vn 0.867383182 -0.432461709 -0.246218294
vn 0.863221705 -0.438851029 -0.249515668
vn 0.967677176 -0.199055001 -0.154848799
vn 0.095836632 -0.885838807 -0.453987986
vn 0.719817698 -0.63924861 -0.270598888
vn 0.531050205 -0.800562024 -0.277644008
vn 0.958494306 -0.249523833 -0.137937322
vn 0.419495702 -0.854427814 -0.306556106
vn 0.274302036 -0.916675091 -0.290629327
vn 0.862752616 -0.47556591 -0.171741098
vn 0.869019926 -0.465693206 -0.167135701
vn 0.715210915 -0.0328487083 -0.69813633
vn 0.874014795 0.0187873226 -0.485536158
vn 0.492174804 -0.0798792168 -0.866823673
vn 0.304300994 -0.104907699 -0.946781576
vn 0.29767397 -0.0828382224 -0.951066792
vn 0.285860509 0.0147156101 -0.958158314
vn 0.550737977 -0.0403486416 -0.833702385
vn 0.715586305 -0.00571125699 -0.69850111
vn 0.0853267834 -0.00184011378 -0.996351302
vn 0.0582731292 0.120319597 -0.991023421
vn 0.239603475 -0.0722810552 -0.968176484
vn 0.737727046 0.00305753853 -0.675092161
vn 0.0940074325 -0.194441497 -0.976399124
vn 0.515177608 -0.0217480604 -0.85680747
vn 0.271736562 -0.057131283 -0.960674405
vn 0.928418815 0.0603861809 -0.366595298
vn 0.528295815 -0.0157924779 -0.848913491
vn 0.684769928 0.0172489807 -0.728555202
vn 0.901650488 0.0587046631 -0.428462535
vn 0.782554448 0.0416855253 -0.621185184
vn 0.684587717 0.0172288995 -0.728726923
vn 0.260322481 0.399179339 -0.879140496
vn 0.181858301 0.350175709 -0.918860495
vn 0.17142418 0.412291646 -0.894778907
vn 0.524279535 0.0318548568 -0.850950181
vn 0.570796072 0.0432500802 -0.819952071
vn 0.067954585 0.368630081 -0.927088976
vn 0.807101786 0.089493148 -0.583590388
vn 0.912046313 0.09616559 -0.398652494
vn 0.344383895 0.0321729109 -0.938277483
vn 0.881219685 0.110049188 -0.459718436
vn 0.767053306 -0.0467502996 -0.639877915
vn 0.767178297 0.151965618 -0.623172581
vn 0.876208901 0.178877994 -0.447505087
vn 0.641351163 0.377815634 -0.667775452
vn 0.394391507 -0.144945502 -0.907439411
vn 0.899705172 0.0125128003 -0.436318696
vn 0.36395219 -0.136600494 -0.921346426
vn 0.578187406 -0.0935438201 -0.810523808
vn 0.24186337 -0.13987118 -0.96017611
vn 0.267600507 -0.101332001 -0.958186805
vn 0.551282048 -0.0613604635 -0.832059503
vn 0.870523095 0.0277647302 -0.491343796
vn 0.544005275 -0.0404425822 -0.838106692
vn 0.808441401 0.0210606996 -0.588199794
vn 0.231324106 -0.0436249897 -0.971898198
vn 0.843101621 0.0432173014 -0.536014974
vn 0.280162036 -0.0276721139 -0.959553897
vn 0.463772804 -0.00375580695 -0.885946214
vn 0.639604449 0.0870628804 -0.763758004
vn 0.738394618 0.114795603 -0.664526403
vn 0.90303731 0.158509597 -0.399247408
vn 0.462098807 0.124594897 -0.878032327
vn 0.545463145 0.141701892 -0.826069295
vn 0.404771149 0.170281217 -0.898423493
vn 0.723538578 0.215860799 -0.655664623
vn 0.613718808 0.191744596 -0.76588732
vn 0.206249207 0.122336902 -0.970821798
vn 0.758970737 0.281439722 -0.58715868
vn 0.216408864 0.204417571 -0.954662561
vn 0.567289174 0.32011351 -0.758755803
vn 0.477721661 0.306695431 -0.823237598
vn 0.74170959 0.331144005 -0.583275795
vn 0.327224404 0.336805105 -0.882885396
vn 0.148540407 0.242911294 -0.958608329
vn 0.41355285 0.36873427 -0.832471609
vn 0.0910504907 0.419356436 -0.903244197
vn 0.0447814986 0.219884396 -0.974497616
vn 0.0307071209 0.184911907 -0.982275307
vn 0.0327046514 0.442480892 -0.896181405
vn 0.014666372 0.320685327 -0.947072327
vn 0.816121221 -0.0311911702 -0.577038527
vn 0.300661206 -0.143240497 -0.942913115
vn 0.481693 -0.104903102 -0.870038629
vn 0.888724089 0.00295680691 -0.458433092
vn 0.722144604 -0.0492123291 -0.689989328
vn 0.864218295 0.0119634178 -0.502974749
vn 0.735379279 -0.0318180285 -0.676908374
vn 0.175032079 0.874731779 -0.451893836
vn 0.0910395831 0.847271383 -0.523300052
vn 0.1160184 0.886698425 -0.447555214
vn 0.0640264153 0.954756618 -0.290414542
vn 0.0903908089 0.982985497 -0.159903318
vn 0.851023316 0.460593611 -0.25221619
vn 0.485609412 0.873947382 0.0199881103
vn 0.318402201 0.945729673 -0.0649273917
vn 0.489633292 0.860093117 -0.143175498
vn 0.3568196 0.92562139 -0.126114696
vn 0.740101874 0.672170877 0.0208692495
vn 0.897179425 0.440286785 0.0348806307
vn 0.671546876 0.623915732 -0.399692565
vn 0.577242017 0.782755971 -0.232561305
vn 0.473179698 0.703315318 -0.53051728
vn 0.543947756 0.757657409 -0.360660583
vn 0.509056747 0.771279693 -0.382084936
vn 0.318548411 0.787856996 -0.527075171
vn 0.406063706 0.838088512 -0.364307702
vn 0.247849569 0.816961706 -0.520715058
vn 0.888368428 0.448034495 -0.100332499
vn 0.135690793 0.990745127 -0.00347608305
vn 0.294317156 0.927076757 -0.232176676
vn 0.208239496 0.947368801 -0.243164107
vn 0.8455562 0.513139665 -0.147385284
vn 0.398172826 0.917053103 -0.0217248686
vn 0.732673466 0.66941452 -0.122775383
vn 0.0207013395 0.967077196 -0.253639907
vn 0.700924397 0.682630181 -0.206690699
vn 0.0219388008 0.853735924 -0.520244002
vn 0.734993517 0.619678378 -0.275287807
vn 0.360022068 0.746367931 -0.559749067
vn 0.0187798701 0.96218431 -0.271751106
vn 0.70935148 0.700084627 -0.0818659589
vn 0.930995405 0.363898307 0.0287347399
vn 0.895377517 0.444778204 0.0217151605
vn 0.794406176 0.606286407 0.0365458094
vn 0.686235785 0.727035284 0.0223648492
vn 0.59506923 0.803577483 0.0124885999
vn 0.846271098 0.53263092 -0.011378279
vn 0.282699645 0.959147394 0.0108320713
vn 0.792798281 0.609401703 -0.0100213196
vn 0.377355963 0.926057398 0.00451785326
vn 0.580643475 0.812839687 -0.0463123284
vn 0.558467269 0.828023493 -0.049916748
vn -0.637212574 0.770687699 0.000857373117
vn 0.927664876 0.373413891 -8.81056053e-07
vn 0.880867779 0.473361403 0.000973907998
vn 0.373063087 0.927805126 0.001297593
vn 0.786939502 0.617030084 -0.000497721019
vn 0.942138195 0.33522436 -0.000469713908
vn 0.381514996 0.924362719 -0.000134818998
vn 0.407247394 0.913317382 0.000951242982
vn 0.504352927 0.863497615 4.17652984e-07
vn 0.595260799 0.803532302 0.000728519983
vn 0.408326209 0.912836075 -0.000202338997
vn 0.781851888 0.623461246 0.00193583872
vn 0.909213901 0.416307002 -0.00431972696
vn 0.755734682 0.654876351 -0.00145965791
vn 0.798238218 0.602341712 -0.000513719977
vn 0.289740801 0.957071483 -0.00803214312
vn 0.737526894 0.675317824 -0.000142513003
vn 0.211246774 0.977432787 5.45066941e-05
vn 0.398019314 0.917377114 -0.000211052989
vn 0.476872832 0.8789711 -0.00146055187
vn 0.935252607 0.353980988 0.000170900996
vn 0.383119494 0.923698425 0.00085823494
vn 0.228207901 0.973612487 -9.65952931e-05
vn 0.651890457 0.758310199 -0.00210851384
vn 0.651182473 0.758920193 0.00130945409
vn 0.781053185 0.624464095 0.000833036029
vn 0.927354693 0.374183536 0.000417906034
vn 0.687174022 0.726492882 -7.68143e-05
vn 0.349768072 0.936836302 0.000397870928
vn 0.754519999 0.656239271 -0.0070506339
vn 0.876170516 0.481990308 0.00326645304
vn 0.506376207 0.862310529 -0.00193250098
vn 0.302352071 0.953196287 0.000319331972
vn 0.325087994 0.94568342 0.000874357938
vn 0.788296998 0.615294814 -0.000343228981
vn 0.584165156 0.811632276 0.00202351785
vn 0.636100233 0.771575391 -0.00693279598
vn 0.269954771 0.962870479 -0.00218605879
vn 0.507640421 0.861568511 -0.000979461009
vn 0.936448395 0.350804269 -0.000865122827
vn 0.759802997 0.650153041 0.000661625934
vn 0.674367249 0.738396049 -0.000272717967
vn 0.522265792 0.852782726 -0.000380534999
vn 0.80177933 0.597620308 -0.000109668988
vn 0.684364498 0.729137421 -0.00201082206
vn 0.886783421 0.462185204 0.000397251977
vn 0.943044126 0.332667202 -0.000687492953
vn 0.549807191 0.835291624 0.000405462983
vn 0.718780875 0.695224881 -0.0040559168
vn 0.853529274 0.521044612 -0.000574281032
vn 0.895956993 0.44411543 0.0047416673
vn 0.858305037 0.513139069 0.00101965608
vn 0.652092874 0.758139074 -0.000262468006
vn 0.420102626 0.907476604 0.000178108981
vn 0.593709826 0.804679275 -0.000181576004
vn 0.611825526 0.790992677 0.000378655997
vn 0.41854465 0.908195376 -0.00121778192
vn 0.467962503 0.883747697 0.00106006803
vn 0.369136304 0.929375112 -0.000520361995
vn 0.526194751 0.850363791 0.000662793929
vn 0.317406982 0.948289275 0.000457341928
vn 0.868741691 0.495030969 -0.0152441822
vn 0.747320294 0.664461792 -0.00170957996
vn 0.864330828 0.502753615 -0.0130830398
vn 0.729586005 0.683778226 -0.0123128798
vn 0.951323509 0.307453185 -0.0213575307
vn 0.571255982 0.820632815 -0.01511377
vn 0.675943017 0.736932814 0.00558441784
vn 0.907901406 0.416881591 0.0438737795
vn 0.690260768 0.723544061 0.0049071894
vn 0.783058286 0.62007606 0.0482232422
vn 0.124829188 0.983588696 0.130272388
vn 0.131336704 0.956036091 0.262194186
vn 0.555951178 0.784376919 0.275083989
vn 0.208332106 0.914185226 0.347653896
vn 0.913581789 0.396809012 0.0889436007
vn 0.738986313 0.609378874 0.287326604
vn 0.231338471 0.85507679 0.464032441
vn 0.427232802 0.774654627 0.466242909
vn 0.0275388304 0.904899418 0.424733788
vn 0.0234923307 0.987106323 0.158333197
vn 0.0563809201 0.893510878 0.445488006
vn 0.0160565916 0.955368519 0.294980317
vn 0.429602593 0.903017223 0.001277923
vn 0.247388795 0.968737423 0.0186207201
vn 0.314391404 0.935440898 0.161580905
vn 0.334029287 0.903674722 0.267948598
vn 0.571401894 0.794971287 0.203765899
vn 0.44018206 0.834277034 0.331996739
vn 0.627699077 0.690114677 0.360188305
vn 0.593538523 0.654792726 0.467930108
vn 0.87155062 0.489809513 0.0220525209
vn 0.501379073 0.864269972 0.0406995416
vn 0.583496869 0.810917795 0.0440903939
vn 0.413100004 0.906166077 0.0906174704
vn 0.782638013 0.61849618 0.0702884197
vn 0.380564004 0.920304716 0.0906104371
vn 0.840996802 0.525756538 0.127689809
vn 0.678397596 0.724724412 0.120628797
vn 0.823880553 0.534538329 0.188386574
vn 0.676419199 0.718230307 0.163102195
vn 0.75268662 0.619760692 0.222170502
vn 0.355234504 0.775188625 0.522389829
vn 0.0684451982 0.959027827 0.274919987
vn 0.140946493 0.820590019 0.553864717
vn 0.0791928023 0.852046788 0.517440557
vn 0.895117939 -0.445827663 0.00131529511
vn 0.930478692 -0.366346091 1.1140899e-05
vn 0.831051111 -0.556196213 0.000131718989
vn 0.727360427 -0.686254501 0.00126349903
vn 0.741704106 -0.670726776 0.000793884974
vn 0.525756717 -0.850634992 -0.000249919947
vn 0.491209239 -0.871041298 0.000704033941
vn 0.286161005 -0.958181083 0.000997851021
vn 0.236052796 -0.971740305 -8.91348973e-05
vn 0.361820698 -0.921962798 0.138096005
vn 0.308154613 -0.943095505 0.1249469
vn 0.827540398 -0.541904867 0.146683186
vn 0.522735536 -0.844845295 0.113948412
vn 0.932731271 -0.343697786 0.109015003
vn 0.918771684 -0.379768044 0.107864983
vn 0.610025227 -0.780888379 0.134471506
vn 0.709295928 -0.696624398 0.1077675
vn 0.794527411 -0.596615076 0.113034099
vn 0.287062496 -0.956433594 0.0531979688
vn 0.333101898 -0.940318406 0.0696027204
vn 0.515673816 -0.854617774 0.0609018803
vn 0.517071724 -0.853747785 0.0612501502
vn 0.845564783 -0.529332817 0.0694758743
vn 0.709398389 -0.70289427 0.0518996082
vn 0.716280937 -0.69559896 0.0555317476
vn 0.895941496 -0.440693349 0.0554830469
vn 0.917746723 -0.392520696 0.0605679117
vn 0.281373024 -0.220060736 0.93402499
vn 0.334928215 -0.207819894 0.919039726
vn 0.446961194 -0.207419097 0.870174229
vn 0.604436219 -0.184204683 0.775064766
vn 0.628761828 -0.1899281 0.754046381
vn 0.8480618 -0.123121999 0.515395105
vn 0.756579995 -0.175357908 0.62994957
vn 0.91271168 -0.116330601 0.391694605
vn 0.2292597 -0.662007272 0.713572919
vn 0.253450602 -0.694868684 0.6729936
vn 0.399283558 -0.676876783 0.61839354
vn 0.30608049 -0.302480787 0.9026739
vn 0.326313883 -0.29396826 0.898388505
vn 0.509690166 -0.270882875 0.816601694
vn 0.490373909 -0.730063617 0.475962907
vn 0.279010892 -0.853433371 0.440232307
vn 0.279436201 -0.853170991 0.440471113
vn 0.53584677 -0.258514166 0.803765297
vn 0.454802513 -0.776174426 0.436701208
vn 0.568978667 -0.680018365 0.462426543
vn 0.696193755 -0.630740166 0.342755169
vn 0.67639035 -0.646762252 0.35241276
vn 0.293757111 -0.885159194 0.360832512
vn 0.575295508 -0.735718787 0.3574256
vn 0.709536076 -0.239591494 0.662687302
vn 0.951142788 -0.25849551 0.1688416
vn 0.358089209 -0.878438115 0.316415399
vn 0.769201875 -0.213442594 0.602304578
vn 0.325706095 -0.347996086 0.879098594
vn 0.801574171 -0.210847765 0.559483767
vn 0.218665466 -0.390372545 0.894312382
vn 0.427771598 -0.348502904 0.834000707
vn 0.51307869 -0.314758897 0.79854691
vn 0.902141392 -0.157986581 0.40147385
vn 0.607443929 -0.316372156 0.728642941
vn 0.225054994 -0.445546001 0.866509676
vn 0.283041865 -0.453895748 0.844905853
vn 0.321281463 -0.486835331 0.812261999
vn 0.919369996 -0.154160678 0.361930072
vn 0.263856769 -0.551492929 0.791350186
vn 0.550197601 -0.386885285 0.740001619
vn 0.33631289 -0.584295988 0.738574207
vn 0.628701508 -0.347124785 0.695872784
vn 0.687644482 -0.335351199 0.643960118
vn 0.532261133 -0.796010494 0.288210571
vn 0.784230292 -0.283053309 0.552144587
vn 0.504400373 -0.452802509 0.735221207
vn 0.345223725 -0.190814227 0.918918192
vn 0.837498426 -0.270394504 0.474850804
vn 0.922745109 -0.192831397 0.333702892
vn 0.907795548 -0.216684625 0.359103322
vn 0.568167269 -0.486560136 0.663660467
vn 0.680042863 -0.437079847 0.588645041
vn 0.698597908 -0.421757698 0.577997804
vn 0.493395895 -0.549056172 0.674609423
vn 0.514928401 -0.581853271 0.629520118
vn 0.795297503 -0.358563572 0.488808751
vn 0.451722056 -0.39094916 0.801938891
vn 0.351661712 -0.697256625 0.624633789
vn 0.848198295 -0.342062205 0.404417008
vn 0.636662424 -0.550646305 0.539860725
vn 0.686029196 -0.501912415 0.52673322
vn 0.914519966 -0.26426357 0.306297183
vn 0.922728896 -0.248178706 0.294921607
vn 0.239457771 -0.803915083 0.544408441
vn 0.336048365 -0.757799208 0.559295833
vn 0.809573293 -0.414294153 0.415874451
vn 0.632095635 -0.597860932 0.492968053
vn 0.622217357 -0.607031465 0.494326144
vn 0.764783561 -0.510704756 0.392793447
vn 0.546029449 -0.239674777 0.80275017
vn 0.819608092 -0.444787294 0.361119002
vn 0.873145998 -0.389107972 0.293617517
vn 0.911996186 -0.324474186 0.250957102
vn 0.183685899 -0.9528777 0.241420195
vn 0.771746993 -0.57459408 0.272485733
vn 0.873295426 -0.433705509 0.221933901
vn 0.302893907 -0.92022723 0.247865304
vn 0.910736084 -0.368484408 0.186491296
vn 0.825115621 -0.511460006 0.239985496
vn 0.377210468 -0.900923729 0.214590132
vn 0.588671386 -0.77221489 0.239061534
vn 0.565529943 -0.795771599 0.216618463
vn 0.725099742 -0.652602255 0.219865277
vn 0.810822904 -0.560834229 0.167425394
vn 0.183293104 -0.973072827 0.139760405
vn 0.315812409 -0.162112907 0.934870005
vn 0.407710612 -0.151695594 0.900422394
vn 0.69096595 -0.113504387 0.713920712
vn 0.607616246 -0.120388784 0.785053492
vn 0.757890403 -0.0965168998 0.645202875
vn 0.209800601 -0.142668307 0.967279494
vn 0.351577193 -0.131938905 0.926814795
vn 0.897950292 0.0296717193 0.439095587
vn 0.870016277 0.0444330499 0.491016805
vn 0.422130048 -0.117164083 0.89893198
vn 0.544773221 -0.106741384 0.831762195
vn 0.576399922 -0.0959486887 0.811515272
vn 0.802853525 -0.0662643313 0.592482388
vn 0.566165209 -0.0839283392 0.82000798
vn 0.372432888 -0.0815100595 0.924472809
vn 0.600224674 -0.0741852522 0.796383679
vn 0.757188678 -0.0579260439 0.650622666
vn 0.865530074 0.0957381129 0.491621912
vn 0.774182916 -0.046030581 0.631286025
vn 0.755539 0.214881107 0.61885941
vn 0.37768355 -0.0593494177 0.92403084
vn 0.547007918 -0.0580686294 0.835111022
vn 0.901545227 -0.0359473787 0.431189209
vn 0.192822501 -0.0229772907 0.980964601
vn 0.114695787 -0.00931191351 0.993357003
vn 0.365757674 -0.0570477135 0.928960085
vn 0.114251398 0.340352088 0.933331192
vn 0.111471683 0.236666664 0.965175092
vn 0.0791752338 0.358185917 0.930287242
vn 0.615923643 0.000310890959 0.787805796
vn 0.372296691 -0.0235994402 0.927813709
vn 0.548105717 0.00520664407 0.836392879
vn 0.404110491 0.417974412 0.813628972
vn 0.43276009 0.293839604 0.852277517
vn 0.280233413 0.241452202 0.929069519
vn 0.2295046 0.143595502 0.962656796
vn 0.932504892 -0.0652120039 0.355220973
vn 0.273333877 -0.175476491 0.94577831
vn 0.848859191 -0.0848425627 0.521766126
vn 0.88682729 -0.0724750683 0.456382304
vn 0.748453617 -0.0880149603 0.657320797
vn 0.913216889 -0.0479895398 0.404637992
vn 0.229487777 -0.136971682 0.963625491
vn 0.749146819 -0.037205331 0.661358297
vn 0.652516603 -0.03133481 0.757126272
vn 0.845467389 -0.109410398 0.522699118
vn 0.162892193 -0.121434502 0.979142427
vn 0.896627009 -0.0544155203 0.439430296
vn 0.287739187 -0.0993357822 0.952543199
vn 0.290551096 -0.0941367075 0.952217579
vn 0.911193728 -0.0303200409 0.410861105
vn 0.156162605 -0.0542761609 0.986239016
vn 0.795910299 0.0196965281 0.605094016
vn 0.703616083 0.0372902118 0.709601223
vn 0.320533156 -0.0150552886 0.947117686
vn 0.720480978 0.0809790418 0.688730419
vn 0.788767576 0.115364097 0.603768885
vn 0.614184976 0.316567302 0.722884476
vn 0.662400424 0.216354102 0.717228413
vn 0.616631389 0.144836694 0.773814023
vn 0.466367692 0.1136555 0.877259195
vn 0.510184526 0.108891197 0.853143871
vn 0.317771763 0.0601177737 0.946259499
vn 0.441390902 0.28941521 0.849360287
vn 0.307511598 0.426888496 0.850413382
vn 0.31026271 0.420246094 0.852719426
vn 0.252952486 0.0604359508 0.965589285
vn 0.255978107 0.287171304 0.923042715
vn 0.194233671 0.480319947 0.855316281
vn 0.0552538596 0.0673668906 0.996197104
vn 0.0705624819 0.498734713 0.863877714
vn 0.0305858795 0.472332299 0.880889714
vn 0.0268129054 0.206030771 0.978178084
vn 0.01680094 0.271768004 0.962216198
vn 0.849748075 -0.106876597 0.516241908
vn 0.616771698 -0.154469207 0.771836817
vn 0.694883823 -0.134615704 0.70641011
vn 0.514801264 -0.157709688 0.842678607
vn 0.486919701 -0.149470896 0.860562503
vn 0.00936043076 0.0435158573 -0.999008894
vn 0.037485946 0.105337784 -0.993729711
vn -0.999435186 -0.0139634581 -0.0305685364
vn -0.908268809 0.14458558 0.392610252
vn -0.121410601 0.520480871 0.845197678
vn -0.435162365 0.460837156 0.773474634
vn -0.205491066 0.533886552 0.820206404
vn -0.809214473 0.273689777 0.519871056
vn -0.545057476 0.441841602 0.712522626
vn -0.962224305 0.115644984 0.246476367
vn -0.786205292 0.281615585 0.550067246
vn -0.427455515 0.464890391 0.775344312
vn -0.063157849 0.634043097 0.770714283
vn -0.220382303 0.128440902 0.966920197
vn -0.219153672 0.127639383 0.967305481
vn -0.423619837 0.589639366 0.687656641
vn -0.206737593 0.594340026 0.77718699
vn -0.670030177 0.0927082822 0.736522079
vn -0.608307838 0.501408756 0.615264833
vn -0.721657872 0.453375399 0.523125827
vn -0.0416805707 0.250228494 0.967289209
vn -0.813038707 0.364959389 0.453621894
vn -0.94450587 0.207145795 0.25494951
vn -0.366054207 0.320376992 0.87370652
vn -0.220386207 0.233986303 0.946932077
vn -0.929785609 0.225089505 0.291262001
vn -0.580172002 0.175049901 0.79546088
vn -0.623903155 0.187498584 0.758675873
vn -0.246031404 0.348401189 0.904480577
vn -0.790621221 0.12994872 0.598357439
vn -0.818155587 0.13026388 0.56004715
vn -0.963567972 0.0701101348 0.25811106
vn -0.60612148 0.267169595 0.749157727
vn -0.350320697 0.348490298 0.869384825
vn -0.663281679 0.279298306 0.694298208
vn -0.131917402 0.385703504 0.913143277
vn -0.442921549 0.35952127 0.821318984
vn -0.861086071 0.191238701 0.471124798
vn -0.921875596 0.0023051498 0.387479037
vn -0.914807677 0.00309377909 0.403877795
vn -0.813948691 0.00101333798 0.580936015
vn -0.739561021 0.00543028116 0.673067629
vn -0.574388742 -0.00159799971 0.818581104
vn -0.219162807 0.00254946901 0.975685
vn -0.239625603 0.000428120984 0.970865309
vn -0.340683758 -0.940177083 -0.00128376391
vn -0.608366251 -0.793642104 -0.00476515153
vn -0.735402524 -0.677611828 -0.00504654599
vn -0.300090194 -0.953909993 -0.00128132105
vn -0.917735398 -0.397076309 -0.00959801581
vn -0.584931552 -0.811080992 -0.00169616926
vn -0.926840484 -0.375445098 0.002789855
vn -0.944096208 -0.329656005 -0.00306755304
vn -0.752197504 -0.658936739 -0.0012080071
vn -0.145418704 -0.98936969 0.000998854986
vn -0.502613127 -0.864509284 0.00191914977
vn -0.693454504 -0.720500171 -0.000652371033
vn -0.297073603 -0.954854071 0.00103801396
vn -0.858258903 -0.513216317 0.000875252998
vn -0.0607800409 -0.998151183 -0.000256663974
vn -0.777386427 -0.629007876 0.00441026594
vn -0.678651273 -0.734451115 -0.00375503302
vn -0.442831188 -0.896600425 0.0028787849
vn -0.304466128 -0.952522218 -0.00142753113
vn -0.778377771 -0.627795875 -0.000615824945
vn -0.444090039 -0.895981789 0.000863334921
vn -0.96753639 -0.252729475 0.00105130591
vn -0.683327615 -0.73010838 0.00228095008
vn -0.50067842 -0.865629077 -0.00274282601
vn -0.108538799 -0.994091213 -0.00145095505
vn -0.467494041 -0.883996189 0.000136517978
vn -0.847086728 -0.531452894 -0.00140148401
vn -0.783214569 -0.621747434 0.00222557667
vn -0.0966808721 -0.995308578 -0.00371021009
vn -0.967132151 -0.254271656 0.00112527586
vn -0.4665263 -0.884506524 -0.00122666301
vn -0.410382062 -0.911867738 0.00916439295
vn -0.893639505 -0.448781848 -0.00179833081
vn -0.5656901 -0.824617207 0.00109964598
vn -0.779221892 -0.626747727 -0.000708455918
vn -0.554956079 -0.831879675 -0.000308526971
vn -0.132664502 -0.708745182 0.692878425
vn -0.0074788332 -0.713167608 0.700953722
vn -0.129133597 -0.704400897 0.697956979
vn -0.193223804 -0.710397601 0.676756918
vn -0.192077637 -0.70777607 0.679823041
vn -0.323877573 -0.715898931 0.618540227
vn -0.038418591 -0.691611528 0.721247196
vn -0.307673603 -0.726429224 0.614522219
vn -0.0652924702 -0.717308819 0.693689406
vn -0.263645411 -0.720277011 0.641632378
vn -0.285176188 -0.704477191 0.649912715
vn -0.336937398 -0.717077315 -0.610142112
vn -0.326795787 -0.706169188 -0.628116012
vn -0.294778526 -0.716329157 -0.632438362
vn -0.290396512 -0.711396873 -0.639987826
vn -0.25188601 -0.705307186 -0.662642598
vn -0.246770397 -0.709294081 -0.660307705
vn -0.194145933 -0.72117734 -0.664989233
vn -0.162183404 -0.692122996 -0.703322411
vn -0.128724307 -0.717417181 -0.684647799
vn -0.0623498559 -0.710956335 -0.700466752
vn -0.0701664537 -0.704118431 -0.706607342
vn -0.00583422137 -0.70730108 -0.706888437
vn -0.00654888107 -0.707838893 -0.706343591
vn 0.0109067503 0.533706009 -0.845599711
vn 0.0492628142 0.604952455 -0.794736207
vn 0.0116728498 0.744834125 -0.667147577
vn 0.0440844148 0.81752497 -0.574203312
vn 0.0095825186 0.893277586 -0.449403286
vn 0.0495396815 0.943460405 -0.327762604
vn 0.00600105477 0.98381108 -0.179108694
vn 0.0249537192 0.267675102 -0.963186026
vn 0.0307727996 0.264866412 -0.963793993
vn 0.0362914801 0.31138429 -0.949590921
vn 0.0292888768 0.314805478 -0.948704183
vn 0.00646793796 -0.376147598 -0.926537216
vn 0.058876276 -0.240449935 -0.968874395
vn 0.0153665477 -0.121931888 -0.992419481
vn 0.0249258801 -0.967673719 -0.250970691
vn 0.0307952706 -0.96995002 -0.241347402
vn 0.00513905194 -0.898789227 -0.438351095
vn 0.0581629723 -0.818237603 -0.571930349
vn 0.0182204805 -0.73767817 -0.674906671
vn 0.0370601974 -0.591669261 -0.805328488
vn 0.0294894464 -0.580171764 -0.813960075
vn 0.0496214591 -0.998768091 -0.000287450006
vn 0.0330636986 -0.999453306 -2.64411992e-05
vn 0.0314797685 -0.899407327 0.435976595
vn 0.0165109001 -0.914260507 0.404790312
vn 0.0456261598 -0.971563995 0.232339606
vn 0.0245402995 -0.988810182 0.147147194
vn 0.0168702025 0.0897901058 0.9958179
vn 0.0393387005 -0.0634716079 0.997207999
vn 0.042240791 -0.0701562688 0.996641278
vn 0.043166507 -0.30578348 0.951121986
vn 0.0269383099 -0.2685453 0.962890327
vn 0.039182175 -0.585888445 0.809443891
vn 0.0175960027 -0.547728539 0.83647114
vn 0.0244000498 -0.752624512 0.657997787
vn 0.0324350484 -0.764728904 0.643535316
vn 0.0422199294 0.305767298 0.951169729
vn 0.0172994696 0.318285406 0.947837174
vn 0.0282225609 0.265375286 0.963732123
vn 0.0491787083 0.252777308 0.966273904
vn 0.0195334498 0.985630274 0.167784199
vn 0.0455019996 0.950422406 0.307615012
vn 0.0353628285 0.942695081 0.331776202
vn 0.0424414203 0.807788074 0.587943316
vn 0.0268140361 0.826857805 0.561771512
vn 0.0495704487 0.553707838 0.831234396
vn 0.00793987513 0.621925712 0.783036113
vn 0.0435609184 0.999050796 -4.00255994e-05
vn 0.042692177 0.999088287 -3.35393952e-06
vn 0.0400141999 0.999199092 -6.89601948e-05
vn 0.048775319 0.998809695 -0.00051343604
vn 0.830001116 -0.557761788 4.03250961e-05
vn 0.500018656 -0.8660146 0.000100604979
vn 0.743464112 -0.668775916 -0.000178033995
vn 0.683178425 -0.730239511 0.0041932459
vn 0.679598808 -0.702823997 -0.210199699
vn 0.533059895 -0.82318002 -0.195504099
vn 0.806318521 -0.588304818 0.0612204
vn 0.816612959 -0.559843421 -0.140422881
vn 0.772650003 -0.587504208 0.240521997
vn 0.678967714 -0.698836505 0.225012198
vn 0.577952981 -0.712682426 -0.397560388
vn 0.618995488 -0.640422463 0.454646856
vn 0.94908762 -0.2498772 -0.191818103
vn 0.586939275 -0.708088219 -0.39257279
vn 0.804606378 -0.489807606 0.335703909
vn 0.735581636 -0.508169472 0.447977155
vn 0.848829806 -0.343762964 -0.401640236
vn 0.0191163402 -0.737682402 -0.674877286
vn 0.972959697 -0.129587099 0.1911982
vn 0.717586517 -0.384113312 0.580970407
vn 0.562695205 -0.507802725 0.652311683
vn 0.725763679 -0.410372287 -0.552142799
vn 0.627926707 -0.4750624 -0.616460681
vn 0.796709478 -0.196578503 0.571498871
vn 0.643364787 -0.185487404 0.742749095
vn 0.806012571 0.0298856366 0.59114337
vn 0.378134489 -0.0787938833 0.922391415
vn 0.759289443 0.0728689507 0.646660566
vn 0.830664694 -0.0644193217 -0.553033829
vn 0.901117623 -0.130467594 -0.413479507
vn 0.691642046 -0.286403984 -0.663026452
vn 0.0898036286 -0.133006498 -0.987038314
vn 0.437099814 -0.312108994 -0.843523502
vn 0.558472931 0.0491580218 -0.828064859
vn 0.711488962 -0.0435405262 -0.701347053
vn 0.784480393 0.167696178 0.597049952
vn 0.572826266 0.244957864 0.782218397
vn 0.730192542 0.217067674 0.647842944
vn 0.63233 0.238953799 -0.736926019
vn 0.725608408 0.219959497 -0.652004898
vn 0.88721633 0.143274903 -0.438542604
vn 0.854748189 0.141522482 -0.499376446
vn 0.719263434 0.176720709 -0.671885371
vn 0.246371195 0.2613222 -0.933280289
vn 0.970241785 0.150938794 -0.189336702
vn 0.57201159 0.452847093 -0.683909595
vn 0.613076091 0.425822705 -0.665441871
vn 0.70200491 0.628695071 -0.334561914
vn 0.569871724 0.745146275 -0.346414894
vn 0.500658691 0.748229504 -0.435308486
vn 0.399987102 0.670730472 -0.624604702
vn 0.798350692 0.492859334 -0.346014172
vn 0.794236779 0.570800304 0.208266705
vn 0.704855084 0.611163735 0.360080838
vn 0.585457325 0.675630391 0.448066205
vn 0.643798351 0.459877253 0.611585259
vn 0.698751926 0.443009794 0.561683297
vn 0.68812722 0.716997206 -0.111337297
vn 0.642745972 0.753855228 -0.136308596
vn 0.737460792 0.665470421 0.115328997
vn 0.64911896 0.754008174 0.100579582
vn 0.554022253 0.832501888 -1.07625983e-05
vn 0.732683599 0.68056941 0.000253906008
vn 0.673902631 0.738819957 0.000590304902
vn 0.66365397 0.748039365 -0.000739837822
vn 0.699122012 0.715002358 -0.000307312963
vn 0.78383559 0.620968342 5.01963914e-05
vn 0.645851076 0.763440311 0.00595074799
vn 0.597003877 0.802234411 0.00252735591
vn -0.0173865501 -3.84669011e-06 -0.999848902
vn -0.0173792187 0 -0.999848962
vn -0.0172272902 -0.000268458971 -0.999851584
vn -0.0173395798 -1.70130988e-05 -0.999849677
vn -0.0175318103 0.000114540002 -0.999846399
vn 0.521983564 -0.852955103 0.000848764845
vn 0.666820288 -0.745218396 -0.000538726978
vn 0.765817404 -0.643057823 0.000725404941
vn 0.962789476 -0.270250887 0.000935272023
vn 0.298779607 -0.549951613 0.779925704
vn 0.40209344 -0.668826163 0.625293851
vn 0.465991914 -0.660163701 0.589097202
vn 0.752398908 -0.488363296 0.442037702
vn 0.795850575 -0.433048904 0.423191011
vn 0.413954794 -0.830145121 0.373497695
vn 0.447248608 -0.811474502 0.376135409
vn 0.980755508 -0.173162207 0.0901861712
vn 0.780186296 -0.569327414 0.259182483
vn 0.775620222 -0.575472414 0.259316206
vn 0.961151004 -0.239354864 0.137469783
vn 0.277411193 -0.941995323 0.1889126
vn 0.968935728 -0.0874859691 0.231322229
vn 0.576223373 -0.211416706 0.789474308
vn 0.293770403 -0.292757899 0.9099406
vn 0.795842588 -0.0742992684 0.60092783
vn 0.879729092 -0.0715156645 0.47006613
vn 0.749188125 -0.207936868 0.62887156
vn 0.314573586 -0.355788499 0.880033016
vn 0.400707185 -0.131670594 0.906695426
vn 0.57178992 -0.143006086 0.80783999
vn 0.900830626 -0.119830698 0.417306691
vn 0.517468274 -0.363396794 0.774706006
vn 0.810858786 -0.261929899 0.523355424
vn 0.731412172 -0.278608412 0.622425675
vn 0.398224652 -0.00259578181 0.917284191
vn 0.255477071 0.00147175672 0.966813982
vn 0.770531178 0.000825358846 0.63740176
vn 0.758518219 0.001530885 0.651650071
vn 0.992414117 0.000356278993 0.122940198
vn 0.984591782 0.0023975959 0.174852401
vn 0.405659109 0.4722085 0.782598078
vn -0.00752025796 0.756262124 0.654225528
vn 0.763897479 0.329288989 0.555004001
vn 0.778020799 0.326102257 0.536973953
vn 0.311982512 0.330799192 0.890639603
vn 0.429481536 0.714254141 0.552617967
vn 0.439666033 0.336936772 0.832566798
vn 0.570180297 0.612285495 0.547723413
vn 0.799254715 0.231036693 0.554809928
vn 0.748744786 0.240941197 0.617518187
vn 0.864508688 0.388504893 0.318886697
vn 0.289890081 0.250333071 0.923740804
vn 0.967382789 0.0803380534 0.240242064
vn 0.891831696 0.340274513 0.298076302
vn 0.73592484 0.170126915 0.655340731
vn 0.380035043 0.214526266 0.899751008
vn 0.812989712 0.121313803 0.569500506
vn 0.283640563 0.150416583 0.947060108
vn 0.927241981 0.0798322409 0.365853876
vn 0.382474661 0.110424817 0.917343795
vn 0.483230203 0.605766892 0.632087827
vn 0.576347709 0.530343413 0.621738911
vn 0.703171968 0.0645232126 0.708086133
vn 0.997677207 0.0412216671 0.0542310327
vn 0.288372397 0.448823512 0.845812619
vn 0.76486659 0.401215792 0.5039891
vn 0.281293958 0.543692768 0.790741384
vn 0.86824739 0.318698198 0.380234092
vn 0.96453321 0.156641707 0.212459907
vn -0.0117530804 -0.999930978 0.000103148996
vn -0.0473626181 -0.998877108 -0.00118791999
vn -0.0343980044 -0.998803794 0.0347537249
vn -0.01288056 -0.999916971 0.000433581998
vn -0.00218552304 -0.99999702 0.00111889804
vn -0.0172861796 0.753094971 0.657684803
vn -0.0445017219 0.720882714 0.691626906
vn 0.0126326596 0.698549211 0.715450525
vn -0.053007111 0.582788646 0.810893059
vn -0.0409616195 0.57945472 0.8139745
vn 0.00627779914 0.458137393 0.888859212
vn -0.0704602003 0.414231509 0.907440126
vn 0.00855910685 0.361288995 0.932414711
vn -0.0422032997 0.268256694 0.962422609
vn -0.03099644 0.261348814 0.964746594
vn -0.0437447391 0.176996499 0.983238876
vn -0.00455820467 0.152919188 0.988228202
vn -0.063980341 0.0719619915 0.995353281
vn 0.0034078951 0.000701179961 0.99999398
vn 0.00520038605 0.000856601982 0.999986112
vn -0.049206309 -0.0796712637 0.995606005
vn 0.0519672595 -0.160092697 0.985733092
vn -0.03656625 -0.225072294 0.973655701
vn 0.0450948402 -0.283625603 0.957874179
vn -0.0535508916 -0.402242899 0.913965583
vn -0.0554007143 -0.402993649 0.913524389
vn 0.0149149802 -0.551657379 0.833937526
vn -0.0795789883 -0.672581017 0.735732317
vn 0.0213462673 -0.765863478 0.642648757
vn -0.0325108096 -0.857304275 0.513782501
vn -0.00163024606 -0.886904478 0.461950094
vn -0.0675248504 -0.936357081 0.344493806
vn 0.0426943786 -0.982734799 0.180026501
vn -0.253717989 -0.894236684 0.368738413
vn -0.497430891 -0.833410323 0.240810797
vn -0.640411019 -0.685414016 0.346527606
vn -0.513858914 -0.817272902 0.260794997
vn -0.898179412 -0.348815501 0.267584592
vn -0.834995985 -0.491584927 0.247236773
vn -0.733224392 -0.510664701 0.449002892
vn -0.540534139 -0.57290554 0.61611855
vn -0.708264589 -0.584083319 0.396494806
vn -0.923277199 -0.0767180845 0.376395643
vn -0.524404705 -0.0855921507 0.847156286
vn -0.631902575 -0.214116707 0.744884729
vn -0.304826677 -0.212759167 0.928339481
vn -0.773534477 -0.266191006 0.575140774
vn -0.618844509 -0.302765995 0.724820197
vn -0.595926762 -0.112936787 0.795057595
vn -0.721731722 -0.00241732504 0.692168772
vn -0.86278069 0.00270450069 0.505571127
vn -0.853639007 0.131513387 0.503988862
vn -0.667709172 0.530530572 0.522208512
vn -0.67903012 0.0683371425 0.730922878
vn -0.841479182 0.403743505 0.359032214
vn -0.895486474 0.337040901 0.290701598
vn -0.713995814 0.205353394 0.669358015
vn -0.452952892 0.365848601 0.813012004
vn -0.672176123 0.119139686 0.730742753
vn -0.868690908 0.265132368 0.418426752
vn -0.629036248 0.457408965 0.628562331
vn -0.0182027183 -8.22107904e-05 0.999834299
vn -0.0203145109 0 -0.999793708
vn -0.0184195004 -0.00646746112 -0.999809504
vn -0.817518115 0.455994099 0.351757795
vn -0.952799618 0.239477202 0.186611101
vn -0.638835907 0.599562407 0.482093006
vn -0.772479296 0.491861105 0.401682109
vn -0.591702819 0.618264019 0.517336905
vn -0.212532178 0.834002197 0.50918597
vn -0.0814450383 0.762116313 0.642297149
vn -0.999352217 0.0238574706 0.0269458797
vn -0.938784599 0.264330089 0.220936701
vn -0.168580681 0.795417607 0.582143843
vn 1 0 1.59634999e-06
vn 1 0 0
vn 0.0174587891 0.999847591 -5.66837934e-06
vn 0.0309994165 0.999514103 0.0032671676
vn 0.0313001797 0.999504328 0.00339436508
vn 0.0174641628 0.999847591 0
vn -0.0174758974 -1.47092978e-05 -0.999847293
vn -0.0174745284 0 -0.999847293
vn -0.0175053384 2.12920968e-05 -0.999846756
vn 0.803442299 -0.319213301 0.502576828
vn 0.604962826 -0.198388696 0.771143317
vn 0.181595296 -0.174213499 0.967818618
vn 0.642870009 -0.178962499 0.744775593
vn 0.670968413 -0.375720799 0.639245927
vn 0.40384239 -0.199952796 0.892709494
vn 0.40354681 -0.2000992 0.892810404
vn 0.210774496 -0.519811213 0.827871025
vn 0.238038003 -0.504836977 0.829745471
vn 0.855792403 -0.308625519 0.415174454
vn 0.0897840112 -0.22104007 0.971123099
vn 0.551455021 -0.495884687 0.670817316
vn 0.195184395 -0.293599397 0.935789824
vn 0.733254611 -0.107233003 0.67144531
vn 0.951436102 -0.0579805225 0.302336961
vn 0.974879622 -0.0859915614 0.205463603
vn 0.730500579 -0.239230499 0.639638722
vn 0.585248351 -0.500038743 0.638314664
vn 0.803798497 -0.207212567 0.557647645
vn 0.795558512 -0.0731494427 0.6014449
vn 0.192965105 -0.679388821 0.707951486
vn 0.221838266 -0.366249472 0.903686404
vn 0.406343907 -0.241305605 0.881281078
vn 0.537235677 0.333305389 -0.774780929
vn 0.140405416 -0.647437632 0.749073386
vn 0.289809704 -0.171551302 0.94158411
vn 0.0281352401 -0.356881797 0.933725774
vn 0.998755813 -0.0264476538 0.0422790051
vn 0.933095992 -0.0860458016 0.349182099
vn 0.8658126 -0.208735466 0.454750448
vn 0.630839467 -0.0704473108 0.772708654
vn 0.942678511 -0.162854403 0.291265696
vn 0.0603154786 -0.0988192484 0.993275821
vn 0.972969294 -0.125166595 0.194072604
vn 0.586261332 -0.364529759 0.723474741
vn 0.363571525 -0.125033721 0.923137307
vn 0.92598033 -0.0905703306 0.366548091
vn 0.876914859 -0.124167688 0.464330345
vn 0.999090493 0.00967150833 0.0415285751
vn 0.998493314 -0.00122994103 0.0548601113
vn 0.999368727 0.000260892004 0.0355268084
vn 0.998375595 -0.00689053582 0.0565578975
vn 0.999947011 0.00359761692 -0.00964897778
vn 0.9989838 0.024579756 0.0377780646
vn 0.999617994 -0.0111927902 0.0252737906
vn 0.999412477 0.0214644596 0.0267200992
vn 0.99456048 -0.0510977507 0.0907662511
vn 0.9995116 0.00995784905 0.0296209995
vn 0.1673778 -0.619291902 0.767112911
vn 0.0996887013 -0.516715109 0.850333929
vn 0.999504089 0.0314657576 -0.00121176185
vn 0.998310506 -0.0581043884 0
vn 0.998437881 -0.0558429211 -0.00181525876
vn 0.989694893 -0.142785013 -0.0107997013
vn 0.998726308 -0.0504558012 -0.000166942002
vn 0.999154985 -0.0411019847 0.000101300982
vn 0.999938905 -0.0110544488 -1.50394976e-06
vn 0.987309396 0.158806995 0.000679566991
vn 0.987191916 0.1595373 0
vn 0.826659024 0.562696576 -0.00274598529
vn 0.816467941 0.577390432 -0.000727504026
vn 0.522741556 0.852474093 0.00541180326
vn 0.411150753 0.911538899 -0.00720018009
vn -0.0174685102 0.999847114 0.000798497
vn -0.0181124192 0.999835789 0.000686813029
vn -0.0177273676 0.999842584 0.00074748788
vn -0.0188618302 0.999819577 -0.00223267009
vn -0.0172740202 0.999850392 0.000933402975
vn -0.0174097978 0.999847591 0.00132208993
vn -0.0177244488 0.999842584 -0.000788529869
vn -0.0188052002 0.999820709 -0.00221771002
vn -0.0174663607 0.999846995 -0.001036703
vn -0.0182927195 0.999832392 -0.000841666013
vn -0.0417981111 0.999058127 0.01165378
vn -0.0194708109 0.999810219 -0.000642347964
vn -0.0235741101 0.999722183 3.30776993e-06
vn -0.0234410707 0.999725282 8.45551028e-07
vn -0.0174674895 -0.999847472 -0
vn -0.0174250603 -0.999848187 3.92388029e-06
vn -0.0171929523 -0.9998523 -3.0870804e-05
vn -0.0212145373 -0.999773085 0.00194519677
vn -0.0174604002 -0.999847591 -1.51403003e-06
vn -0.0216321908 -0.999765992 0.000398990989
vn -0.0198474508 -0.99980247 0.00102448405
vn -0.0175088607 -0.999846578 -0.000589637959
vn -0.0176830199 -0.99984318 -0.000994425965
vn -0.0174281504 -0.999848127 -0.00039387701
vn -0.0177534204 -0.999842286 -0.000619028986
vn -0.0192321502 -0.99973911 -0.0123290997
vn -0.0192991998 -0.999803901 -0.00444018794
vn -0.0223351698 -0.999616921 0.0163499098
vn -0.0247032605 -0.99962908 0.0114727598
vn -0.0198935177 -0.019679958 0.999608397
vn -0.0193493906 -0.118618302 0.99275142
vn -0.017035719 -0.123373486 0.992214084
vn -0.0194355194 -0.00476086093 0.999799788
vn -0.0143090999 -0.0443215296 0.998914897
vn -0.0229726415 -0.06381578 0.997697294
vn -0.0157873575 -0.160326988 0.986937702
vn -0.0184782706 -0.190347701 0.981542885
vn -0.0187221691 -0.152983904 0.988051414
vn -0.0156128397 -0.159150794 0.987130821
vn -0.0193921309 -0.186673805 0.982230604
vn -0.0213830397 -0.0794442222 0.996609986
vn -0.0170526486 -0.198152766 0.980022788
vn -0.0169690792 -0.0874045417 0.996028423
vn -0.0197961293 -0.178303495 0.983776391
vn -0.0172859412 -2.4744204e-05 0.99985069
vn -0.0209578201 -0.181087598 0.983243704
vn -0.125387207 0.61020571 0.782257676
vn -0.69991827 0.433389455 0.567704141
vn -0.795168102 0.335033059 0.505431056
vn -0.83967191 0.33142966 0.430238754
vn -0.79817754 0.357167244 0.485123068
vn -0.838611782 0.331760466 0.432047755
vn -0.817689657 0.30135718 0.490476727
vn -0.884290576 0.237519607 0.402013302
vn -0.929111898 0.246272624 0.275864124
vn -0.901922226 0.241251707 0.358237296
vn -0.913054407 0.161130518 0.374658227
vn -0.924816608 0.247648507 0.288763791
vn -0.948568404 0.267326474 0.169571787
vn -0.992247283 -0.0184622984 0.122900285
vn -0.984436929 -0.0259399991 0.173813403
vn -0.990680099 -0.0213353019 0.134528309
vn -0.981361508 -0.0309582297 0.189660907
vn -0.950688899 0.219042867 0.219569877
vn -0.981402278 -0.0401469991 0.187717706
vn -0.983060598 -0.0372398421 0.179458216
vn -0.988638401 -0.0336945578 0.14648819
vn -0.992059529 -0.0350217186 0.120795198
vn -0.984491408 -0.0571797937 0.165852785
vn -0.983205616 -0.0637729689 0.170996606
vn -0.957134485 0.260508269 0.126605585
vn -0.202156097 0.57429558 0.793295383
vn -0.157266706 0.656077623 0.738125622
vn -0.990886509 -0.0429126546 0.127681091
vn -0.984416902 -0.0774938911 0.157854483
vn -0.160056993 0.649888873 0.742984712
vn -0.930771887 0.212766469 0.297311574
vn -0.970582783 0.221191272 0.0950975269
vn -0.987632513 -0.0881280378 0.129675314
vn -0.970321417 0.176418006 0.165387899
vn -0.987730205 -0.0907425731 0.127101481
vn -0.278525114 0.596156478 0.753008127
vn -0.989327192 -0.101056799 0.104973003
vn -0.962789118 0.1350815 0.234073102
vn -0.963338614 0.1138032 0.242956102
vn -0.184770897 0.6619519 0.726415515
vn -0.986874402 -0.130472496 0.0951629207
vn -0.278160602 0.596559823 0.752823412
vn -0.273667008 0.62565428 0.730522513
vn -0.989674926 -0.131422997 0.0571970902
vn -0.988273203 -0.136597291 0.0682440847
vn -0.98817122 -0.136717603 0.0694688484
vn -0.282791615 0.603045821 0.745898604
vn -0.992357492 -0.0864847377 0.0880181789
vn -0.989864051 -0.115226284 0.08301799
vn -0.986291409 -0.161399305 0.0343465805
vn -0.981400728 0.1573928 0.109910302
vn -0.36638552 0.623511434 0.690648437
vn -0.410387486 0.569468021 0.712241709
vn -0.976539075 0.0565413199 0.207785204
vn -0.982427418 0.0864415094 0.165421307
vn -0.985671997 0.108060487 0.129513279
vn -0.973675728 0.0371864438 0.224884331
vn -0.457762897 0.580062926 0.673780501
vn -0.465911299 0.560097992 0.684994102
vn -0.978375912 0.205733001 0.0213212892
vn -0.988952219 0.125723794 0.0785306022
vn -0.0183027294 0.718012393 0.695789695
vn -0.0161612593 0.572768688 0.819557786
vn -0.0332263708 0.661463618 0.749240875
vn -0.546314061 0.515661716 0.660025656
vn -0.626567483 0.543738306 0.558356524
vn -0.673080921 0.463306904 0.576462328
vn -0.0440454371 0.623207867 0.780814886
vn -0.0157571379 0.792103291 0.610183656
vn -0.991334915 0.0417014286 0.124563403
vn -0.0456669852 0.646768451 0.761317968
vn -0.0342607982 0.73714298 0.674867809
vn -0.991466284 0.0929002687 0.0914558694
vn -0.81197381 0.416771561 0.408656567
vn -0.977020085 -0.0142862201 0.212668002
vn -0.808760822 0.417199403 0.414548814
vn -0.994904101 0.0206934791 0.0986794233
vn -0.0484544598 0.724503219 0.687566221
vn -0.0674899742 0.667714655 0.741351664
vn -0.992610991 0.117693096 0.0295256302
vn -0.983482718 0.180669293 -0.0109768501
vn -0.0840938017 0.579080522 0.810921729
vn -0.984005809 0.178083703 -0.00434571505
vn -0.883519292 0.354817629 0.305774838
vn -0.407638788 0.548763275 0.729855776
vn -0.121135883 0.630729735 0.766489506
vn -0.893293262 0.355544478 0.274982274
vn -0.390921712 0.557938695 0.732041478
vn -0.0676379725 0.694500506 0.716305971
vn -0.478157848 0.521080136 0.706994057
vn -0.523385108 0.507605374 0.684401095
vn -0.623726904 0.453797609 0.63642168
vn -0.691181064 0.481611043 0.538813055
vn -0.656929135 0.41617626 0.628682375
vn -0.996672988 0.000203998963 0.0815039128
vn -0.952455699 0.108160697 0.284832507
vn -0.997438908 -0.000909485854 0.0715178102
vn -0.990746975 0.0217393599 0.133969501
vn -0.952542722 0.0948994085 0.289234191
vn -0.99990201 -0.0139983185 -5.9162292e-05
vn -0.999861598 -0.0156719573 0.00558072235
vn -0.997793198 0.00493347552 0.0662151426
vn -0.998651803 0.00366288354 0.0517798513
vn -0.999663472 -0.0128192902 0.0225531403
vn -0.996537626 0.002143919 0.0831162333
vn -0.999872208 -0.0129119698 -0.00942569878
vn -0.99812609 0.0205870774 0.0576237924
vn -0.999882281 -0.0153483097 -0.000102548001
vn -0.984710395 0.0729315877 0.15819782
vn -0.907737792 0.194974825 0.37147963
vn -0.987655699 0.0660134554 0.142051116
vn -0.894259989 0.209550872 0.395458728
vn -0.999935091 0.000540729961 -0.0113797104
vn -0.995879471 0.0114226295 0.0899642035
vn -0.999206424 0.0113448501 0.0381830893
vn -0.999542415 -0.00805908442 0.0291560795
vn -0.903216481 0.173943385 0.392356426
vn -0.913995624 0.164680004 0.370799989
vn -0.898240209 0.167499095 0.406335592
vn -0.999463797 -0.0137676522 0.0297111832
vn -0.999919116 -0.00257909205 -0.0124542098
vn -0.886246443 0.214138627 0.41074577
vn -0.881514013 0.221761107 0.416839391
vn -0.989367425 0.0265278798 0.142997906
vn -0.999900401 -0.0138614103 0.00268435408
vn -0.904890001 0.155783892 0.396112829
vn -0.886319399 0.198266506 0.418483287
vn -0.999850512 -0.0172929708 -2.25246004e-05
vn -0.953998983 0.0933313295 0.284912914
vn -0.999862492 -0.0161896888 -0.00360405352
vn -0.931418598 0.166684583 0.323536277
vn -0.91451019 0.190102473 0.357116461
vn -0.965501606 0.116282798 0.232991695
vn -0.998674393 -0.0467194244 0.0216037575
vn -0.999833703 -0.0182383005 0.000140502001
vn -0.999708712 -0.00767201092 0.0228838902
vn -0.968875706 0.0847368091 0.23259297
vn -0.901111603 0.174916506 0.396739393
vn -0.956400573 0.134033695 0.25948599
vn -0.987577856 -0.157129079 0.000613578886
vn -0.986832619 -0.161740094 0.001266837
vn -0.979005694 0.178473085 0.0984644666
vn -0.90377897 0.40766561 0.130355
vn -0.985501409 0.0960594416 0.139855996
vn -0.8500247 0.345599115 0.3975164
vn -0.806460679 0.469054401 0.3600128
vn -0.817144275 0.554192603 0.158574104
vn -0.832269371 0.388626605 0.395344287
vn -0.844786704 0.481009096 0.234447703
vn -0.999947608 -0.00416463614 -0.00936001539
vn -0.783068299 0.598319173 0.169759497
vn -0.824998498 0.501748443 0.26004988
vn -0.821436703 0.4832201 0.302886307
vn -0.999805272 -0.00616812706 -0.0187442806
vn -0.833346128 0.441093713 0.333122492
vn -0.68036145 0.731689513 0.0416985676
vn -0.727794647 0.664742351 0.168619588
vn -0.961630881 0.264462978 0.0729751438
vn -0.814339399 0.453441828 0.362273157
vn -0.998772204 0.0443216451 -0.0221306589
vn -0.998406589 0.0564255118 -0.000647370005
vn -0.969027698 0.154884204 0.192344293
vn -0.94139421 0.266905904 0.206247807
vn -0.886231005 0.450684041 0.107137784
vn -0.933492303 0.1676732 0.316982597
vn -0.886104286 0.385949939 0.256635457
vn -0.856651723 0.515833139 0.00801336765
vn -0.939336002 0.0695163608 0.33588019
vn -0.885214448 0.383121759 0.263843417
vn -0.999948025 -0.00154060102 -0.01008421
vn -0.846204579 0.395008206 0.357639998
vn -0.842824817 0.537907422 0.0173770692
vn -0.850791693 0.495529771 0.174939618
vn -0.79515183 0.593196809 0.125901401
vn -0.735234201 0.677273512 0.02704411
vn -0.797433972 0.598941863 0.073264055
vn -0.827529013 0.350827098 0.438310593
vn -0.801426411 0.100636899 0.589565992
vn -0.81616801 0.410931855 0.406208068
vn -0.773187518 0.533544481 0.342799306
vn -0.788856208 0.557445765 0.258766383
vn -0.939787924 -0.02776598 0.340628505
vn -0.989393473 -0.0136887999 0.144613907
vn -0.740802407 0.664647102 0.0972425267
vn -0.697624981 0.711721003 0.0822965503
vn -0.728223503 0.471368611 0.49749589
vn -0.670283973 0.443497211 0.595003903
vn -0.714840114 0.589789093 0.37570259
vn -0.614264667 0.473183155 0.631487668
vn -0.766613901 0.642104328 -0.00228846003
vn -0.522554874 -0.0848016664 0.848378003
vn -0.626359582 0.609460175 0.486036986
vn -0.630218685 0.488686204 0.603332579
vn -0.65042001 0.706134915 0.279870301
vn -0.99974817 -0.02201581 -0.00435262918
vn -0.769226313 0.6389696 0.00296443701
vn -0.686031818 0.727568924 -0.0019890659
vn -0.429505497 0.137794107 0.892489672
vn -0.627660871 0.704089522 0.33211419
vn -0.597971082 0.784923375 0.162252501
vn -0.611486614 0.688886583 0.389254987
vn -0.764881611 0.644165695 -0.00258827209
vn -0.999687493 -0.00315922406 -0.02479803
vn -0.999601901 0.024947457 -0.0131790582
vn -0.813979387 0.580882013 -0.00369220902
vn -0.745209455 0.657153964 0.113188185
vn -0.66407001 0.747191906 -0.0267444197
vn -0.881777704 0.354333103 0.311313808
vn -0.902064025 0.291021407 0.318727404
vn -0.617070496 0.785733879 -0.0429685712
vn -0.999188721 0.0182591602 -0.0358982608
vn -0.99955529 0.0127589079 -0.0269529764
vn -0.864106894 0.333998412 0.376516104
vn -0.756683588 0.605575919 0.246389806
vn -0.999257624 0.00577092078 -0.0380922481
vn -0.998675406 0.01444369 -0.049385719
vn -0.998743415 0.0501165316 0.000179875991
vn -0.802953482 0.292499572 0.519335747
vn -0.834574878 0.550890625 -0.00207775808
vn -0.700551987 0.632540107 0.330333203
vn -0.999094784 0.0296808966 -0.0304746572
vn -0.581960499 0.574846208 0.575216472
vn -0.780704618 0.539017916 0.316164702
vn -0.861298203 0.290361792 0.416959792
vn -0.998327017 0.0578160807 -0.000704013975
vn -0.590176046 0.803286195 0.0801467746
vn -0.591145456 0.803112984 0.0745420307
vn -0.998463511 0.0554144308 -0.000226370001
vn -0.998871386 0.0474975035 2.04214975e-05
vn -0.990290701 0.13900359 0.00150751974
vn -0.968291879 0.248450696 0.0261373501
vn -0.970303297 0.230587065 0.073082909
vn -0.915651202 0.398707211 0.0511430502
vn -0.966686189 0.0715519637 0.245760277
vn -0.97289741 0.118234001 0.198724493
vn -0.973668396 0.0269184057 0.226374075
vn -0.909095883 0.0485653728 0.413746327
vn -0.915747404 0.16836448 0.364774168
vn -0.967442393 0.0096146455 0.252908468
vn -0.96865952 0.243276 0.0501556285
vn -0.885801435 0.0976483375 0.453674853
vn -0.805712163 0.590082467 0.0512881726
vn -0.9991256 0.032134708 0.0267463867
vn -0.934783816 -0.0239602309 0.354408294
vn -0.989526689 0.122232303 0.0767866895
vn -0.963199914 0.259424001 0.0703228116
vn -0.665216327 0.203770906 0.71830678
vn -0.862704575 -0.0546325929 0.502748549
vn -0.840939105 -0.0365747772 0.539892256
vn -0.739516497 0.646071792 0.188961804
vn -0.737367868 0.643913746 0.204116866
vn -0.772508383 -0.0673523471 0.631422579
vn -0.668369472 0.736444771 0.104553297
vn -0.634551167 -0.0461926945 0.771499157
vn -0.696465611 0.0325586684 0.716851175
vn -0.701723874 0.682479978 0.2044622
vn -0.794598877 0.114780799 0.59618628
vn -0.673407555 -0.108195886 0.731311142
vn -0.674328566 0.387533247 0.628568947
vn -0.636246026 0.766372204 0.0886833593
vn -0.999759018 0.0106159402 -0.0192173701
vn -0.656848192 0.694298506 0.294109106
vn -0.704027712 0.220274299 0.675147593
vn -0.662127018 0.729627788 0.1709712
vn -0.5669958 0.3004601 0.766967714
vn -0.483892113 0.0816011429 0.871315002
vn -0.599560022 0.800299287 0.0069916239
vn -0.559277177 0.0141416099 0.828860104
vn -0.508405745 0.341081083 0.790687799
vn -0.639611125 0.338496506 0.690157771
vn -0.640576065 0.178072184 0.746962249
vn -0.960539401 0.278143972 0.000250186946
vn -0.950327575 0.311251491 -0.000370411988
vn -0.670787871 0.74071312 0.0372540914
vn -0.570263505 0.241358206 0.785204291
vn -0.585801005 0.775914073 0.234082595
vn -0.668799818 0.743218184 -0.0182678606
vn -0.696855009 0.717202485 -0.00372123695
vn -0.894593298 0.446881264 -0.000395910058
vn -0.707271814 0.706867278 -0.01026564
vn -0.521448374 0.116350703 0.845313072
vn -0.626136005 0.779503882 -0.0180950109
vn -0.63477093 0.766439497 0.0981657654
vn -0.792864919 0.609363794 -0.00640147878
vn -0.426179111 -0.138472304 0.893978119
vn -0.999180317 0.0110567799 -0.038942989
vn -0.999429882 0.0145475799 -0.0304706004
vn -0.969820499 0.183310181 0.160765588
vn -0.825586796 0.55285573 0.112947412
vn -0.528408051 0.36497727 0.766535401
vn -0.716104686 0.697832227 -0.0149779897
vn -0.900668323 0.381893307 0.207253605
vn -0.879153192 0.413576961 0.236735925
vn -0.736610472 0.675406277 0.0350927152
vn -0.950226724 0.2327355 0.207131401
vn -0.678365111 0.734190524 -0.0280196592
vn -0.587542832 0.580005586 0.564257979
vn -0.943493009 0.213008493 0.253867
vn -0.999467909 0.0312772915 -0.00925719738
vn -0.788426399 0.574676871 0.219386324
vn -0.640369177 0.767011225 -0.0402646586
vn -0.61958015 0.784722209 -0.018208798
vn -0.721851528 0.681231499 0.121877097
vn -0.901306391 0.258273065 0.347766876
vn -0.849752724 0.404157192 0.3384929
vn -0.579385042 0.814512253 0.029710466
vn -0.779924214 0.553648829 0.291875392
vn -0.580319047 0.813572407 -0.0364646874
vn -0.588699639 0.807812095 -0.0295379739
vn -0.876482904 0.30306989 0.374067307
vn -0.765711784 0.589821815 0.256506771
vn -0.803018808 0.595947921 -0.00265032006
vn -0.9180305 0.383918852 0.0991276875
vn -0.992221475 0.0063721519 0.124321789
vn -0.637041032 -0.0106233293 0.770756662
vn -0.91781199 -0.00574707892 0.396973789
vn -0.990474105 0.0013909929 0.137692288
vn -0.834381878 -0.0555916317 0.548376143
vn -0.690674543 -0.0264792964 0.722680867
vn -0.967100501 -0.00898021273 0.254236072
vn -0.526841998 -0.00451552821 0.849951327
vn -0.49851054 -0.0113302395 0.866809607
vn -0.931518495 0.000424120924 0.363693774
vn -0.751351893 -0.0246345941 0.659441888
vn -0.651686013 -0.0100077903 0.758422911
vn -0.841059506 -0.000887542847 0.540941954
vn -0.839126289 -0.000192522974 0.543936551
vn -0.723811805 0.000708582986 0.689997077
vn -0.706606627 -0.00412547495 0.707594573
vn -0.558825314 0.00527173141 0.829268575
vn -0.859089971 -0.0535933301 0.509010971
vn -0.485944301 -0.00574451592 0.873970985
vn -0.405136645 0.00839531329 0.914217591
vn -0.939345598 -0.0924029276 0.330290288
vn -0.949787617 -0.09134119 0.299266487
vn -0.371252209 -0.00287812902 0.928527594
vn -0.362506092 -0.00871306565 0.931940675
vn -0.983822703 -0.116878584 0.135765284
vn -0.999954104 -0.00835287478 0.00470662117
vn -0.986115813 0.0783709809 -0.146402106
vn -0.975864112 0.0661331415 -0.208124101
vn -0.984089673 0.0699144006 -0.163339004
vn -0.986374378 0.0697018504 -0.149020806
vn -0.982971072 0.0680087805 -0.170712203
vn -0.987402081 0.0653189346 -0.144120187
vn -0.982325196 0.0582262278 -0.177896217
vn -0.988733292 0.0483766086 -0.141655207
vn -0.988415122 0.0493507311 -0.143527597
vn -0.989836097 0.0402185246 -0.136407182
vn -0.984130919 0.0490002595 -0.170543998
vn -0.990779698 0.0269341357 -0.132778883
vn -0.990811288 0.0258321054 -0.132761791
vn -0.968400478 0.249388501 0.00244796206
vn -0.978034496 0.206507832 0.0283390842
vn -0.943342507 0.312793404 -0.110748403
vn -0.0135970702 0.802368402 -0.596674204
vn -0.95758009 0.275551707 -0.0843305513
vn -0.861833811 0.431772798 -0.266110688
vn -0.90811801 0.357185185 -0.218495771
vn -0.684223711 0.531318128 -0.499538809
vn -0.661725521 0.533189297 -0.527094483
vn -0.544446528 0.583302379 -0.602773905
vn -0.486461669 0.579024732 -0.654282451
vn -0.118789017 0.696944535 -0.70721817
vn -0.362616271 0.630054355 -0.686688364
vn -0.373544306 0.620287776 -0.689715683
vn -0.183752984 0.666915953 -0.722120464
vn -0.218228504 0.674522221 -0.705263197
vn -0.0458999164 0.700021148 -0.712645531
vn -0.0744475722 0.684706211 -0.725006878
vn -0.2008591 0.631985128 -0.748498797
vn -0.30450049 0.597671688 -0.741665721
vn -0.9772138 0.2099424 -0.0312638804
vn -0.513101637 0.536545813 -0.669959128
vn -0.61802876 0.483875751 -0.619600534
vn -0.0303190891 0.659927011 -0.750717819
vn -0.0407518707 0.604541123 -0.795530915
vn -0.170369178 0.598782241 -0.782581687
vn -0.0862895697 0.607815921 -0.789375603
vn -0.114603601 0.583656371 -0.803872705
vn -0.348609298 0.556954503 -0.753839076
vn -0.995821297 -0.00120604003 -0.0913157985
vn -0.42413494 0.536752939 -0.729387343
vn -0.99607271 -0.000384788931 -0.088538453
vn -0.994030595 0.00744408322 -0.108847402
vn -0.993908882 0.00744873099 -0.109953284
vn -0.227740496 0.567023873 -0.791592181
vn -0.992539108 0.01666563 -0.120782398
vn -0.325219214 0.554727793 -0.7658391
vn -0.992132127 0.0176379606 -0.123946503
vn -0.460125297 0.5167647 -0.72196883
vn -0.0288424995 0.734396815 -0.678107202
vn -0.922388911 0.251098901 -0.293509901
vn -0.980966687 0.156348899 -0.115149401
vn -0.981802821 0.155440003 -0.109095201
vn -0.870854974 0.294654101 -0.393434405
vn -0.890483081 0.27069369 -0.365738809
vn -0.981148183 0.156394407 -0.113530599
vn -0.954161823 0.192679495 -0.229019195
vn -0.950408816 0.167265221 -0.262193918
vn -0.988307774 0.1287487 -0.0816791579
vn -0.964315593 0.121332802 -0.2353165
vn -0.970486104 0.114926182 -0.212010965
vn -0.973724306 0.0676610917 -0.217446566
vn -0.0979676172 0.655107915 -0.749156892
vn -0.1644921 0.622439682 -0.765187025
vn -0.959059894 0.270027667 -0.0853770822
vn -0.944822609 0.262912869 -0.195414871
vn -0.672083616 0.474686205 -0.56831038
vn -0.770725727 0.414519697 -0.483895987
vn -0.897295356 0.337248683 -0.284823269
vn -0.963089824 0.219059229 -0.156432912
vn -0.947986901 0.251632005 -0.194941595
vn -0.0301489756 0.577999413 -0.815479994
vn -0.981530726 0.181375816 -0.0608312488
vn -0.982485592 0.179905385 -0.0485400409
vn -0.849351883 0.339153171 -0.404445827
vn -0.778998911 0.394202799 -0.487611502
vn -0.972252429 0.178883404 -0.150751695
vn -0.644669294 0.458384991 -0.611788213
vn -0.982900918 0.181800693 0.0292305909
vn -0.979788899 0.194061875 0.0485157222
vn -0.896548092 0.338821381 -0.285309583
vn -0.83524698 0.410592705 -0.365754396
vn -0.825205207 0.416966408 -0.381018996
vn -0.793473184 0.381265134 -0.474380851
vn -0.877568603 0.321090102 -0.356054187
vn -0.917529285 0.273374707 -0.288801402
vn -0.619432747 0.475952238 -0.624317646
vn -0.986339688 0.0896259472 -0.138207704
vn -0.976689517 0.0819107816 -0.198414505
vn -0.972655118 0.0757964775 -0.219538197
vn -0.985662997 0.0879072472 -0.144016907
vn -0.0164141003 -0.99523741 -0.0960891172
vn -0.0170220081 -0.677724063 -0.735119343
vn -0.0188270807 -0.996979117 -0.0753543302
vn -0.0183471404 -0.895459473 -0.444764912
vn -0.0168795493 -0.469534993 -0.882752478
vn -0.0163201001 -0.682197928 -0.730985403
vn -0.0186481401 -0.453918397 -0.8908481
vn -0.0183731299 -0.540471315 -0.841161907
vn -0.0188482888 -0.612730443 -0.790067196
vn -0.0169880297 -0.776077926 -0.630408287
vn -0.0188285727 -0.947590292 -0.318933129
vn -0.0189922396 -0.760087907 -0.64954263
vn -0.0160958692 -0.389548808 -0.920865178
vn -0.0150910001 -0.571021318 -0.820796609
vn -0.0197067801 -0.822446406 -0.568501174
vn -0.0176024418 -0.950402498 -0.310524434
vn -0.0174273793 -0.899266779 -0.437053293
vn -0.0163733307 -0.843633592 -0.536669612
vn -0.0153952185 -0.244393975 -0.969553769
vn -0.0188929401 -0.36362651 -0.931353211
vn -0.0174613502 -0.315911591 -0.948628008
vn -0.0190927293 -0.300747007 -0.953512907
vn -0.0162233077 -0.977494955 -0.210333973
vn -0.0200394299 -0.983652472 -0.178958699
vn -0.0140111996 -0.0259606205 -0.999564826
vn -0.0201089308 -0.1010928 -0.994673789
vn -0.0155596696 -0.143997699 -0.9894557
vn -0.0206422806 -0.131101206 -0.991154075
vn -0.0205252692 -0.0652763173 -0.997656107
vn -0.0164405704 -0.1850833 -0.982585311
vn -0.0145202205 -0.0884099007 -0.995978415
vn -0.0206688605 -0.200505897 -0.979474485
vn -0.0205612108 -0.0256836396 -0.999458671
vn -0.0168006402 -0.0091769686 -0.999816775
vn -0.0155874398 -0.0436954387 -0.998923302
vn -0.0200525504 -0.165676102 -0.985976398
vn -0.982235789 0.187651098 0.000374494994
vn -0.982476592 0.186386183 -8.58759886e-05
vn -0.981780589 0.190018103 5.99298e-05
vn -0.997518003 -0.00373959495 -0.0703125
vn -0.997512817 -0.00336766196 -0.0704051182
vn -0.997977078 0.00863402989 -0.0629853606
vn -0.0191737395 -0.799237728 0.6007092
vn -0.0233309809 -0.814659476 0.579470098
vn -0.0254295394 -0.308493912 0.950886428
vn -0.0152194398 -0.256812096 0.966341496
vn -0.0163513981 -0.724115551 0.689484835
vn -0.0255805198 -0.964881003 0.261439204
vn -0.0216564499 -0.748379886 0.66291672
vn -0.0263376199 -0.228081107 0.973285913
vn -0.0162361804 -0.94657588 0.322072208
vn -0.0221112911 -0.652046859 0.757856309
vn -0.0212900583 -0.936617196 0.349706858
vn -0.01719933 -0.620968997 0.783646405
vn -0.0178925283 -0.998429596 0.0530865043
vn -0.0183266904 -0.998487175 0.0518417917
vn -0.0238867439 -0.578908384 0.815042734
vn -0.0224329792 -0.89721477 0.441024303
vn -0.0142698782 -0.502280414 0.864587009
vn -0.0144449398 -0.878808975 0.476955205
vn -0.0233134013 -0.467765957 0.883544922
vn -0.0242705308 -0.991779387 0.125636503
vn -0.01248556 -0.985188901 0.171017706
vn -0.0181200504 -0.372087806 0.928020716
vn -0.0163829308 -0.36619541 0.930393815
vn -0.999962807 -0.00863444805 3.43076999e-06
vn -0.999999821 -0.000262343005 0.000627347967
vn -0.999999702 -0.000414064969 0.00071930798
vn -0.999988973 -0.00463634683 -0.000780790986
vn -0.999999821 -0.000586871989 3.11759977e-05
vn -0.999999702 -0.000403606973 0.00073142699
vn -0.999935091 0.00946801901 0.00634568883
vn -0.999999702 -0.000516521977 0.000651852984
vn -0.999977291 0.000363539992 0.00674301293
vn -0.999999881 -0.000160694006 0.000604584988
vn -1 -0.000420961995 7.3019095e-05
vn -1 -0.000318529987 0.000108422995
vn -1 -0.00025589799 0.000138827003
vn -1 -0.000218607995 0.000164390993
vn -1 -0.000194713997 0.00018541899
vn -0.999999106 0.000683952007 0.00120949699
vn -0.999498308 -0.0165842101 0.0269841496
vn 0.570085704 -0.000315401994 0.821585178
vn 0.558650613 9.77380987e-05 0.829403102
vn 0.553889632 -0.000158589013 0.832590222
vn 0.547407389 4.9607901e-05 0.836866319
vn 0.571226478 5.08671983e-05 0.820792496
vn 0.528442919 -0.00155079295 0.848967373
vn 0.494800746 0.000225099953 0.869006395
vn 0.509947658 -0.000967121101 0.860204995
vn -0.513438582 0.00327128102 -0.858120203
vn 0.48369959 0.00269162608 0.875230014
vn 0.0441946909 -0.999017715 -0.00324731995
vn 0.0568172298 -0.998384595 -6.08966002e-05
vn 0.0229457002 0.00223106099 -0.999734223
vn 0.46759823 -0.00202816678 -0.883938789
vn 0.502036989 0.000312020973 -0.86484611
vn 0.521625936 -0.000274573948 -0.85317421
vn 0.528347611 -5.85650996e-05 -0.84902823
vn 0.108115986 0.00835418608 -0.994103193
vn 0.521532953 -0.00026866296 -0.853231072
vn 0.113113083 -0.00739473011 -0.993554592
vn 0.198804304 -0.00617039204 -0.980019808
vn 0.549225628 -0.000159757998 -0.835674107
vn 0.203420907 0.00802916195 -0.979058504
vn 0.558755159 0.0004731589 -0.829332471
vn 0.496352941 0.00108230091 -0.868120193
vn 0.297384977 0.00396788074 -0.954749405
vn 0.30800721 -0.0284096505 -0.950959802
vn 0.365369409 0.0233709794 -0.930569172
vn 0.397704095 -0.0293342993 -0.917044699
vn 0.4866741 -0.000960717967 -0.873583078
vn 0.44697535 0.0059727421 -0.894526303
vn 0.439740986 0.0174183194 -0.897955775
vn 0.455806553 0.000425004924 -0.890078783
vn 0.492983907 -0.000459306 -0.87003839
vn 0.492036194 0.00214654207 -0.870572209
vn -0.448723197 -0.739544213 0.501718879
vn -0.237220094 -0.938975513 0.249101907
vn -0.475406289 -0.718097627 0.508256614
vn -0.394432932 -0.821133494 0.412507445
vn -0.4963651 -0.760130405 0.419313103
vn -0.804083228 -0.364460498 0.469700694
vn -0.708597958 -0.572259068 0.412805647
vn -0.708112836 -0.575385034 0.409277767
vn -0.985092103 -0.171693906 -0.0107181603
vn -0.782562912 -0.554953575 0.282173514
vn -0.783130169 -0.553334951 0.283773661
vn -0.606715202 -0.742773712 0.283167601
vn -0.795813382 -0.132437497 0.590881884
vn -0.79543668 -0.161150202 0.584218502
vn -0.855316401 -0.518046319 0.00787109137
vn -0.880550802 -0.229095101 0.414904594
vn -0.861872971 -0.243284807 0.444958001
vn -0.965954602 -0.218997493 0.137738094
vn -0.722370923 -0.297464997 0.624255419
vn -0.779961288 -0.382324755 0.495467544
vn -0.738724589 -0.359917909 0.569864213
vn -0.950305998 -0.221302867 0.218959972
vn -0.679094613 -0.3023386 0.668896079
vn -0.795858026 -0.523787618 0.303737909
vn -0.854532003 -0.516434252 0.0554141812
vn -0.755976021 -0.524779975 0.391288012
vn -0.816176295 -0.573414803 0.0710766315
vn -0.571082115 -0.513975501 0.640073895
vn -0.672822297 -0.737113178 0.0630420372
vn -0.434380889 -0.521636128 0.7343086
vn -0.614265919 -0.788190603 0.0378529355
vn -0.727995336 -0.662368238 0.176893011
vn -0.380107313 -0.189156294 0.905394077
vn -0.529200077 -0.846271574 0.06141489
vn -0.460360855 -0.840827584 0.284739763
vn -0.721026003 -0.66174978 0.205447599
vn -0.360474706 -0.363189995 0.859157205
vn -0.64147234 -0.729907334 0.236111537
vn -0.401247531 -0.915349603 0.0336976573
vn -0.524271607 -0.843687415 0.1154598
vn -0.413655102 -0.846738815 0.334548891
vn -0.343033701 -0.757734418 0.555127501
vn -0.430958956 -0.886060596 0.170795918
vn -0.359315604 -0.294018388 0.885689318
vn -0.270940006 -0.91197592 0.308044702
vn -0.288854271 -0.952648103 0.0949991718
vn -0.298558235 -0.949614406 0.0953710154
vn -0.205069602 -0.959811628 0.191594005
vn -0.955167711 -0.279093504 0.0988002419
vn -0.897995472 -0.429908991 0.0937144086
vn -0.406206012 -0.479048997 0.778144479
vn -0.195820495 -0.8944695 0.401968509
vn -0.906666398 -0.308752894 0.287450612
vn -0.0904835984 -0.985292375 0.144954205
vn -0.873764098 -0.408904105 0.263313204
vn -0.530508459 -0.200591072 0.823604286
vn -0.703042626 -0.380606711 0.60072428
vn -0.696029723 -0.339983702 0.63241899
vn -0.868386507 -0.184832484 0.460154146
vn -0.212495893 -0.966658294 0.142888993
vn -0.803666294 -0.375487745 0.46165967
vn -0.241488501 -0.958535671 0.1513035
vn -0.259695798 -0.944542825 0.200990304
vn -0.393944651 -0.8997522 0.187759727
vn -0.887571812 -0.303978503 0.346140593
vn -0.889722824 -0.340607136 0.30394122
vn -0.591374636 -0.386521339 0.707726836
vn -0.656155527 -0.629020929 0.416884601
vn -0.572429657 -0.638813853 0.514043868
vn -0.611791074 -0.739860177 0.279854715
vn -0.466168702 -0.566758275 0.679317176
vn -0.614539504 -0.133661106 0.777480483
vn -0.438932687 -0.7488572 0.496539205
vn -0.323927701 -0.571564078 0.753913403
vn -0.481708854 -0.125277892 0.867330372
vn -0.333763957 -0.464741439 0.820132256
vn -0.225946605 -0.887439311 0.401745886
vn -0.47424525 -0.285132676 0.832940996
vn -0.515452504 -0.336654514 0.788018107
vn -0.534212589 -0.354845136 0.767269194
vn -0.606556475 -0.132888094 0.783855915
vn -0.550551653 -0.416701645 0.723362029
vn -0.459149569 -0.403308421 0.791532636
vn -0.752135694 -0.182591394 0.633207977
vn -0.734049022 -0.128064305 0.666912079
vn -0.603238642 -0.59122026 0.53531462
vn -0.142099902 -0.972543895 0.184298605
vn -0.321914792 -0.871065497 0.370966196
vn -0.638692558 -0.559141338 0.528614044
vn -0.468218505 -0.815697908 0.339718103
vn -0.67180717 -0.635354459 0.380788445
vn -0.327614009 -0.908482015 0.259479403
vn -0.446430206 -0.841566622 0.304082006
vn -0.612159193 -0.745113909 0.26470089
vn -0.562482595 -0.52932328 0.635161579
vn -0.284081101 -0.664732873 0.690961778
vn -0.379931241 -0.740476966 0.554388046
vn -0.274917305 -0.729753911 0.626003027
vn -0.462061703 -0.26059109 0.847697675
vn -0.228645265 -0.804152787 0.548689067
vn -0.412237495 -0.643369377 0.64508611
vn -0.629391491 -0.236781493 0.740135729
vn -0.411350995 -0.608601809 0.6785236
vn -0.342827141 -0.72416997 0.598370731
vn -0.121925816 -0.955964148 0.266958535
vn -0.275095195 -0.865345895 0.41892609
vn -0.548136115 -0.529331505 0.647576272
vn -0.972132325 -0.224941 -0.0660333633
vn -0.952515721 -0.297159404 -0.0664084479
vn -0.909792304 -0.410364211 -0.0622838698
vn -0.852266073 -0.519625664 -0.0602632016
vn -0.778910995 -0.624889016 -0.0530229807
vn -0.626348376 -0.778441012 -0.0414421484
vn -0.688437283 -0.723726094 -0.0476939008
vn -0.509380758 -0.859802186 -0.0356578156
vn -0.326863676 -0.944833696 -0.0211996976
vn -0.336162299 -0.941556096 -0.0216106698
vn -0.126242101 -0.991967976 -0.00791078806
vn -0.170257807 -0.985352814 -0.00960564613
vn -0.967036128 -0.227494806 -0.114399903
vn -0.150601193 -0.970116198 -0.190246895
vn -0.950141907 -0.297384083 -0.0937718526
vn -0.855380416 -0.505782008 -0.111843303
vn -0.868659675 -0.485174507 -0.100180201
vn -0.693891883 -0.0936162993 -0.713967919
vn -0.923967302 -0.0105858389 -0.382324934
vn -0.571542919 -0.123202197 -0.811270595
vn -0.63077867 -0.417164594 -0.654287398
vn -0.663549721 -0.531664014 -0.526341379
vn -0.900501072 -0.040633671 -0.432951212
vn -0.310482293 -0.194293395 -0.930511117
vn -0.662719607 -0.610780597 -0.43330121
vn -0.252340078 -0.206581175 -0.945329905
vn -0.701116681 -0.131854922 -0.700749457
vn -0.840135992 -0.0716838092 -0.537617862
vn -0.648561835 -0.677219868 -0.347477943
vn -0.660693586 -0.686328113 -0.304035902
vn -0.540019274 -0.177178994 -0.822792113
vn -0.562179446 -0.178137183 -0.807602286
vn -0.743485272 -0.132626697 -0.65546912
vn -0.689265072 -0.718019605 -0.0967553779
vn -0.428487003 -0.209261194 -0.87898159
vn -0.694586813 -0.2752496 -0.664670527
vn -0.674232125 -0.288224787 -0.679954112
vn -0.556211829 -0.314553857 -0.7692101
vn -0.767091572 -0.244650066 -0.593057156
vn -0.716536283 -0.179849699 -0.673965812
vn -0.727925777 -0.183813497 -0.660557926
vn -0.433832914 -0.405248106 -0.804713011
vn -0.172740787 -0.275210857 -0.9457376
vn -0.255123407 -0.468136609 -0.846026123
vn -0.418224007 -0.486327708 -0.767185807
vn -0.356488705 -0.270892203 -0.894166291
vn -0.264912128 -0.526745856 -0.807688415
vn -0.898740411 -0.0906211734 -0.429014713
vn -0.558570266 -0.247272968 -0.791741908
vn -0.55610472 -0.247459501 -0.793417573
vn -0.956777394 -0.0324591845 -0.289004266
vn -0.868375719 -0.130927905 -0.478311092
vn -0.266986907 -0.291628808 -0.918515503
vn -0.535310268 -0.620285034 -0.573314548
vn -0.72197032 -0.508755684 -0.468963295
vn -0.442806512 -0.28255251 -0.850932717
vn -0.207269102 -0.344489604 -0.915623605
vn -0.516658604 -0.707773626 -0.481788814
vn -0.712786317 -0.592447102 -0.375422686
vn -0.362791002 -0.343234509 -0.866356015
vn -0.843685091 -0.178231597 -0.506388307
vn -0.719260395 -0.657549202 -0.224262506
vn -0.25798741 -0.365061104 -0.894523919
vn -0.563875079 -0.792662323 -0.231800497
vn -0.774062574 -0.605385303 -0.185299203
vn -0.749723136 -0.642110944 -0.160027608
vn -0.764053702 -0.633764982 -0.120681912
vn -0.590049446 -0.793804109 -0.147365987
vn -0.590160906 -0.798141897 -0.121160001
vn -0.875016093 -0.192366406 -0.444231898
vn -0.949795485 -0.0902121514 -0.299583465
vn -0.457231432 -0.367768973 -0.809744
vn -0.573762953 -0.387716353 -0.721437633
vn -0.48546946 -0.418817163 -0.767405927
vn -0.912615597 -0.162752181 -0.375025839
vn -0.452017605 -0.704649508 -0.546945393
vn -0.421972901 -0.807881176 -0.411420703
vn -0.981101811 -0.0300453305 -0.191145703
vn -0.758636713 -0.325911105 -0.56413871
vn -0.222190306 -0.504663587 -0.83423388
vn -0.518246531 -0.83457613 -0.18682462
vn -0.441352457 -0.879909396 -0.175976008
vn -0.732659698 -0.359754711 -0.577742517
vn -0.89775002 -0.221723899 -0.380635589
vn -0.499591589 -0.860823572 -0.096907489
vn -0.395575643 -0.912076294 -0.107873783
vn -0.534693778 -0.49572891 -0.684364974
vn -0.835679889 -0.319762707 -0.44653219
vn -0.45974341 -0.512067318 -0.725550294
vn -0.946461797 -0.162889287 -0.278706074
vn -0.759857297 -0.380852789 -0.526847303
vn -0.348560601 -0.74792558 -0.564900815
vn -0.421609104 -0.783646286 -0.456228405
vn -0.405366391 -0.819789171 -0.404504389
vn -0.265675575 -0.602454543 -0.752638698
vn -0.538061857 -0.532231748 -0.653619766
vn -0.681013465 -0.475070328 -0.557251155
vn -0.361702025 -0.923983693 -0.124200813
vn -0.25319311 -0.641733885 -0.723927379
vn -0.165097222 -0.434764951 -0.885281026
vn -0.432387501 -0.622256815 -0.65256232
vn -0.218196496 -0.584985614 -0.781141579
vn -0.273050696 -0.714624107 -0.644015372
vn -0.823351204 -0.400296509 -0.402312696
vn -0.297069281 -0.751570582 -0.588974953
vn -0.292751074 -0.807951987 -0.511380851
vn -0.366998285 -0.647338152 -0.668031156
vn -0.235868901 -0.887500823 -0.395863891
vn -0.165726706 -0.929606915 -0.329189509
vn -0.144136921 -0.682709634 -0.716332436
vn -0.241672531 -0.943740726 -0.225716725
vn -0.262433559 -0.956899881 -0.124383584
vn -0.868047774 -0.357430488 -0.344581693
vn -0.912401497 -0.279766172 -0.298754662
vn -0.547390521 -0.120014898 -0.828227103
vn -0.123927198 -0.731234074 -0.670774817
vn -0.944262207 -0.233849794 -0.231696293
vn -0.112539984 -0.990694106 -0.0765499324
vn -0.802104473 -0.494524002 -0.334775299
vn -0.0879072472 -0.822219372 -0.562341213
vn -0.184800103 -0.839879274 -0.510344684
vn -0.935104609 -0.283314109 -0.2128672
vn -0.867383182 -0.432461709 -0.246218294
vn -0.863221705 -0.438851029 -0.249515668
vn -0.967677176 -0.199055001 -0.154848799
vn -0.095836632 -0.885838807 -0.453987986
vn -0.719817698 -0.63924861 -0.270598888
vn -0.531050205 -0.800562024 -0.277644008
vn -0.958494306 -0.249523833 -0.137937322
vn -0.419495702 -0.854427814 -0.306556106
vn -0.274302036 -0.916675091 -0.290629327
vn -0.862752616 -0.47556591 -0.171741098
vn -0.869019926 -0.465693206 -0.167135701
vn -0.715210915 -0.0328487083 -0.69813633
vn -0.874014795 0.0187873226 -0.485536158
vn -0.492174804 -0.0798792168 -0.866823673
vn -0.304300994 -0.104907699 -0.946781576
vn -0.29767397 -0.0828382224 -0.951066792
vn -0.285860509 0.0147156101 -0.958158314
vn -0.550737977 -0.0403486416 -0.833702385
vn -0.715586305 -0.00571125699 -0.69850111
vn -0.0853267834 -0.00184011378 -0.996351302
vn -0.0582731292 0.120319597 -0.991023421
vn -0.239603475 -0.0722810552 -0.968176484
vn -0.737727046 0.00305753853 -0.675092161
vn -0.0940074325 -0.194441497 -0.976399124
vn -0.515177608 -0.0217480604 -0.85680747
vn -0.271736562 -0.057131283 -0.960674405
vn -0.928418815 0.0603861809 -0.366595298
vn -0.528295815 -0.0157924779 -0.848913491
vn -0.684769928 0.0172489807 -0.728555202
vn -0.901650488 0.0587046631 -0.428462535
vn -0.782554448 0.0416855253 -0.621185184
vn -0.684587717 0.0172288995 -0.728726923
vn -0.260322481 0.399179339 -0.879140496
vn -0.181858301 0.350175709 -0.918860495
vn -0.17142418 0.412291646 -0.894778907
vn -0.524279535 0.0318548568 -0.850950181
vn -0.570796072 0.0432500802 -0.819952071
vn -0.067954585 0.368630081 -0.927088976
vn -0.807101786 0.089493148 -0.583590388
vn -0.912046313 0.09616559 -0.398652494
vn -0.344383895 0.0321729109 -0.938277483
vn -0.881219685 0.110049188 -0.459718436
vn -0.767053306 -0.0467502996 -0.639877915
vn -0.767178297 0.151965618 -0.623172581
vn -0.876208901 0.178877994 -0.447505087
vn -0.641351163 0.377815634 -0.667775452
vn -0.394391507 -0.144945502 -0.907439411
vn -0.899705172 0.0125128003 -0.436318696
vn -0.36395219 -0.136600494 -0.921346426
vn -0.578187406 -0.0935438201 -0.810523808
vn -0.24186337 -0.13987118 -0.96017611
vn -0.267600507 -0.101332001 -0.958186805
vn -0.551282048 -0.0613604635 -0.832059503
vn -0.870523095 0.0277647302 -0.491343796
vn -0.544005275 -0.0404425822 -0.838106692
vn -0.808441401 0.0210606996 -0.588199794
vn -0.231324106 -0.0436249897 -0.971898198
vn -0.843101621 0.0432173014 -0.536014974
vn -0.280162036 -0.0276721139 -0.959553897
vn -0.463772804 -0.00375580695 -0.885946214
vn -0.639604449 0.0870628804 -0.763758004
vn -0.738394618 0.114795603 -0.664526403
vn -0.90303731 0.158509597 -0.399247408
vn -0.462098807 0.124594897 -0.878032327
vn -0.545463145 0.141701892 -0.826069295
vn -0.404771149 0.170281217 -0.898423493
vn -0.723538578 0.215860799 -0.655664623
vn -0.613718808 0.191744596 -0.76588732
vn -0.206249207 0.122336902 -0.970821798
vn -0.758970737 0.281439722 -0.58715868
vn -0.216408864 0.204417571 -0.954662561
vn -0.567289174 0.32011351 -0.758755803
vn -0.477721661 0.306695431 -0.823237598
vn -0.74170959 0.331144005 -0.583275795
vn -0.327224404 0.336805105 -0.882885396
vn -0.148540407 0.242911294 -0.958608329
vn -0.41355285 0.36873427 -0.832471609
vn -0.0910504907 0.419356436 -0.903244197
vn -0.0447814986 0.219884396 -0.974497616
vn -0.0307071209 0.184911907 -0.982275307
vn -0.0327046514 0.442480892 -0.896181405
vn -0.014666372 0.320685327 -0.947072327
vn -0.816121221 -0.0311911702 -0.577038527
vn -0.300661206 -0.143240497 -0.942913115
vn -0.481693 -0.104903102 -0.870038629
vn -0.888724089 0.00295680691 -0.458433092
vn -0.722144604 -0.0492123291 -0.689989328
vn -0.864218295 0.0119634178 -0.502974749
vn -0.735379279 -0.0318180285 -0.676908374
vn -0.175032079 0.874731779 -0.451893836
vn -0.0910395831 0.847271383 -0.523300052
vn -0.1160184 0.886698425 -0.447555214
vn -0.0640264153 0.954756618 -0.290414542
vn -0.0903908089 0.982985497 -0.159903318
vn -0.851023316 0.460593611 -0.25221619
vn -0.485609412 0.873947382 0.0199881103
vn -0.318402201 0.945729673 -0.0649273917
vn -0.489633292 0.860093117 -0.143175498
vn -0.3568196 0.92562139 -0.126114696
vn -0.740101874 0.672170877 0.0208692495
vn -0.897179425 0.440286785 0.0348806307
vn -0.671546876 0.623915732 -0.399692565
vn -0.577242017 0.782755971 -0.232561305
vn -0.473179698 0.703315318 -0.53051728
vn -0.543947756 0.757657409 -0.360660583
vn -0.509056747 0.771279693 -0.382084936
vn -0.318548411 0.787856996 -0.527075171
vn -0.406063706 0.838088512 -0.364307702
vn -0.247849569 0.816961706 -0.520715058
vn -0.888368428 0.448034495 -0.100332499
vn -0.135690793 0.990745127 -0.00347608305
vn -0.294317156 0.927076757 -0.232176676
vn -0.208239496 0.947368801 -0.243164107
vn -0.8455562 0.513139665 -0.147385284
vn -0.398172826 0.917053103 -0.0217248686
vn -0.732673466 0.66941452 -0.122775383
vn -0.0207013395 0.967077196 -0.253639907
vn -0.700924397 0.682630181 -0.206690699
vn -0.0219388008 0.853735924 -0.520244002
vn -0.734993517 0.619678378 -0.275287807
vn -0.360022068 0.746367931 -0.559749067
vn -0.0187798701 0.96218431 -0.271751106
vn -0.70935148 0.700084627 -0.0818659589
vn -0.930995405 0.363898307 0.0287347399
vn -0.895377517 0.444778204 0.0217151605
vn -0.794406176 0.606286407 0.0365458094
vn -0.686235785 0.727035284 0.0223648492
vn -0.59506923 0.803577483 0.0124885999
vn -0.846271098 0.53263092 -0.011378279
vn -0.282699645 0.959147394 0.0108320713
vn -0.792798281 0.609401703 -0.0100213196
vn -0.377355963 0.926057398 0.00451785326
vn -0.580643475 0.812839687 -0.0463123284
vn -0.558467269 0.828023493 -0.049916748
vn 0.637212574 0.770687699 0.000857373117
vn -0.927664876 0.373413891 -8.81056053e-07
vn -0.880867779 0.473361403 0.000973907998
vn -0.373063087 0.927805126 0.001297593
vn -0.786939502 0.617030084 -0.000497721019
vn -0.942138195 0.33522436 -0.000469713908
vn -0.381514996 0.924362719 -0.000134818998
vn -0.407247394 0.913317382 0.000951242982
vn -0.504352927 0.863497615 4.17652984e-07
vn -0.595260799 0.803532302 0.000728519983
vn -0.408326209 0.912836075 -0.000202338997
vn -0.781851888 0.623461246 0.00193583872
vn -0.909213901 0.416307002 -0.00431972696
vn -0.755734682 0.654876351 -0.00145965791
vn -0.798238218 0.602341712 -0.000513719977
vn -0.289740801 0.957071483 -0.00803214312
vn -0.737526894 0.675317824 -0.000142513003
vn -0.211246774 0.977432787 5.45066941e-05
vn -0.398019314 0.917377114 -0.000211052989
vn -0.476872832 0.8789711 -0.00146055187
vn -0.935252607 0.353980988 0.000170900996
vn -0.383119494 0.923698425 0.00085823494
vn -0.228207901 0.973612487 -9.65952931e-05
vn -0.651890457 0.758310199 -0.00210851384
vn -0.651182473 0.758920193 0.00130945409
vn -0.781053185 0.624464095 0.000833036029
vn -0.927354693 0.374183536 0.000417906034
vn -0.687174022 0.726492882 -7.68143e-05
vn -0.349768072 0.936836302 0.000397870928
vn -0.754519999 0.656239271 -0.0070506339
vn -0.876170516 0.481990308 0.00326645304
vn -0.506376207 0.862310529 -0.00193250098
vn -0.302352071 0.953196287 0.000319331972
vn -0.325087994 0.94568342 0.000874357938
vn -0.788296998 0.615294814 -0.000343228981
vn -0.584165156 0.811632276 0.00202351785
vn -0.636100233 0.771575391 -0.00693279598
vn -0.269954771 0.962870479 -0.00218605879
vn -0.507640421 0.861568511 -0.000979461009
vn -0.936448395 0.350804269 -0.000865122827
vn -0.759802997 0.650153041 0.000661625934
vn -0.674367249 0.738396049 -0.000272717967
vn -0.522265792 0.852782726 -0.000380534999
vn -0.80177933 0.597620308 -0.000109668988
vn -0.684364498 0.729137421 -0.00201082206
vn -0.886783421 0.462185204 0.000397251977
vn -0.943044126 0.332667202 -0.000687492953
vn -0.549807191 0.835291624 0.000405462983
vn -0.718780875 0.695224881 -0.0040559168
vn -0.853529274 0.521044612 -0.000574281032
vn -0.895956993 0.44411543 0.0047416673
vn -0.858305037 0.513139069 0.00101965608
vn -0.652092874 0.758139074 -0.000262468006
vn -0.420102626 0.907476604 0.000178108981
vn -0.593709826 0.804679275 -0.000181576004
vn -0.611825526 0.790992677 0.000378655997
vn -0.41854465 0.908195376 -0.00121778192
vn -0.467962503 0.883747697 0.00106006803
vn -0.369136304 0.929375112 -0.000520361995
vn -0.526194751 0.850363791 0.000662793929
vn -0.317406982 0.948289275 0.000457341928
vn -0.868741691 0.495030969 -0.0152441822
vn -0.747320294 0.664461792 -0.00170957996
vn -0.864330828 0.502753615 -0.0130830398
vn -0.729586005 0.683778226 -0.0123128798
vn -0.951323509 0.307453185 -0.0213575307
vn -0.571255982 0.820632815 -0.01511377
vn -0.675943017 0.736932814 0.00558441784
vn -0.907901406 0.416881591 0.0438737795
vn -0.690260768 0.723544061 0.0049071894
vn -0.783058286 0.62007606 0.0482232422
vn -0.124829188 0.983588696 0.130272388
vn -0.131336704 0.956036091 0.262194186
vn -0.555951178 0.784376919 0.275083989
vn -0.208332106 0.914185226 0.347653896
vn -0.913581789 0.396809012 0.0889436007
vn -0.738986313 0.609378874 0.287326604
vn -0.231338471 0.85507679 0.464032441
vn -0.427232802 0.774654627 0.466242909
vn -0.0275388304 0.904899418 0.424733788
vn -0.0234923307 0.987106323 0.158333197
vn -0.0563809201 0.893510878 0.445488006
vn -0.0160565916 0.955368519 0.294980317
vn -0.429602593 0.903017223 0.001277923
vn -0.247388795 0.968737423 0.0186207201
vn -0.314391404 0.935440898 0.161580905
vn -0.334029287 0.903674722 0.267948598
vn -0.571401894 0.794971287 0.203765899
vn -0.44018206 0.834277034 0.331996739
vn -0.627699077 0.690114677 0.360188305
vn -0.593538523 0.654792726 0.467930108
vn -0.87155062 0.489809513 0.0220525209
vn -0.501379073 0.864269972 0.0406995416
vn -0.583496869 0.810917795 0.0440903939
vn -0.413100004 0.906166077 0.0906174704
vn -0.782638013 0.61849618 0.0702884197
vn -0.380564004 0.920304716 0.0906104371
vn -0.840996802 0.525756538 0.127689809
vn -0.678397596 0.724724412 0.120628797
vn -0.823880553 0.534538329 0.188386574
vn -0.676419199 0.718230307 0.163102195
vn -0.75268662 0.619760692 0.222170502
vn -0.355234504 0.775188625 0.522389829
vn -0.0684451982 0.959027827 0.274919987
vn -0.140946493 0.820590019 0.553864717
vn -0.0791928023 0.852046788 0.517440557
vn -0.895117939 -0.445827663 0.00131529511
vn -0.930478692 -0.366346091 1.1140899e-05
vn -0.831051111 -0.556196213 0.000131718989
vn -0.727360427 -0.686254501 0.00126349903
vn -0.741704106 -0.670726776 0.000793884974
vn -0.525756717 -0.850634992 -0.000249919947
vn -0.491209239 -0.871041298 0.000704033941
vn -0.286161005 -0.958181083 0.000997851021
vn -0.236052796 -0.971740305 -8.91348973e-05
vn -0.361820698 -0.921962798 0.138096005
vn -0.308154613 -0.943095505 0.1249469
vn -0.827540398 -0.541904867 0.146683186
vn -0.522735536 -0.844845295 0.113948412
vn -0.932731271 -0.343697786 0.109015003
vn -0.918771684 -0.379768044 0.107864983
vn -0.610025227 -0.780888379 0.134471506
vn -0.709295928 -0.696624398 0.1077675
vn -0.794527411 -0.596615076 0.113034099
vn -0.287062496 -0.956433594 0.0531979688
vn -0.333101898 -0.940318406 0.0696027204
vn -0.515673816 -0.854617774 0.0609018803
vn -0.517071724 -0.853747785 0.0612501502
vn -0.845564783 -0.529332817 0.0694758743
vn -0.709398389 -0.70289427 0.0518996082
vn -0.716280937 -0.69559896 0.0555317476
vn -0.895941496 -0.440693349 0.0554830469
vn -0.917746723 -0.392520696 0.0605679117
vn -0.281373024 -0.220060736 0.93402499
vn -0.334928215 -0.207819894 0.919039726
vn -0.446961194 -0.207419097 0.870174229
vn -0.604436219 -0.184204683 0.775064766
vn -0.628761828 -0.1899281 0.754046381
vn -0.8480618 -0.123121999 0.515395105
vn -0.756579995 -0.175357908 0.62994957
vn -0.91271168 -0.116330601 0.391694605
vn -0.2292597 -0.662007272 0.713572919
vn -0.253450602 -0.694868684 0.6729936
vn -0.399283558 -0.676876783 0.61839354
vn -0.30608049 -0.302480787 0.9026739
vn -0.326313883 -0.29396826 0.898388505
vn -0.509690166 -0.270882875 0.816601694
vn -0.490373909 -0.730063617 0.475962907
vn -0.279010892 -0.853433371 0.440232307
vn -0.279436201 -0.853170991 0.440471113
vn -0.53584677 -0.258514166 0.803765297
vn -0.454802513 -0.776174426 0.436701208
vn -0.568978667 -0.680018365 0.462426543
vn -0.696193755 -0.630740166 0.342755169
vn -0.67639035 -0.646762252 0.35241276
vn -0.293757111 -0.885159194 0.360832512
vn -0.575295508 -0.735718787 0.3574256
vn -0.709536076 -0.239591494 0.662687302
vn -0.951142788 -0.25849551 0.1688416
vn -0.358089209 -0.878438115 0.316415399
vn -0.769201875 -0.213442594 0.602304578
vn -0.325706095 -0.347996086 0.879098594
vn -0.801574171 -0.210847765 0.559483767
vn -0.218665466 -0.390372545 0.894312382
vn -0.427771598 -0.348502904 0.834000707
vn -0.51307869 -0.314758897 0.79854691
vn -0.902141392 -0.157986581 0.40147385
vn -0.607443929 -0.316372156 0.728642941
vn -0.225054994 -0.445546001 0.866509676
vn -0.283041865 -0.453895748 0.844905853
vn -0.321281463 -0.486835331 0.812261999
vn -0.919369996 -0.154160678 0.361930072
vn -0.263856769 -0.551492929 0.791350186
vn -0.550197601 -0.386885285 0.740001619
vn -0.33631289 -0.584295988 0.738574207
vn -0.628701508 -0.347124785 0.695872784
vn -0.687644482 -0.335351199 0.643960118
vn -0.532261133 -0.796010494 0.288210571
vn -0.784230292 -0.283053309 0.552144587
vn -0.504400373 -0.452802509 0.735221207
vn -0.345223725 -0.190814227 0.918918192
vn -0.837498426 -0.270394504 0.474850804
vn -0.922745109 -0.192831397 0.333702892
vn -0.907795548 -0.216684625 0.359103322
vn -0.568167269 -0.486560136 0.663660467
vn -0.680042863 -0.437079847 0.588645041
vn -0.698597908 -0.421757698 0.577997804
vn -0.493395895 -0.549056172 0.674609423
vn -0.514928401 -0.581853271 0.629520118
vn -0.795297503 -0.358563572 0.488808751
vn -0.451722056 -0.39094916 0.801938891
vn -0.351661712 -0.697256625 0.624633789
vn -0.848198295 -0.342062205 0.404417008
vn -0.636662424 -0.550646305 0.539860725
vn -0.686029196 -0.501912415 0.52673322
vn -0.914519966 -0.26426357 0.306297183
vn -0.922728896 -0.248178706 0.294921607
vn -0.239457771 -0.803915083 0.544408441
vn -0.336048365 -0.757799208 0.559295833
vn -0.809573293 -0.414294153 0.415874451
vn -0.632095635 -0.597860932 0.492968053
vn -0.622217357 -0.607031465 0.494326144
vn -0.764783561 -0.510704756 0.392793447
vn -0.546029449 -0.239674777 0.80275017
vn -0.819608092 -0.444787294 0.361119002
vn -0.873145998 -0.389107972 0.293617517
vn -0.911996186 -0.324474186 0.250957102
vn -0.183685899 -0.9528777 0.241420195
vn -0.771746993 -0.57459408 0.272485733
vn -0.873295426 -0.433705509 0.221933901
vn -0.302893907 -0.92022723 0.247865304
vn -0.910736084 -0.368484408 0.186491296
vn -0.825115621 -0.511460006 0.239985496
vn -0.377210468 -0.900923729 0.214590132
vn -0.588671386 -0.77221489 0.239061534
vn -0.565529943 -0.795771599 0.216618463
vn -0.725099742 -0.652602255 0.219865277
vn -0.810822904 -0.560834229 0.167425394
vn -0.183293104 -0.973072827 0.139760405
vn -0.315812409 -0.162112907 0.934870005
vn -0.407710612 -0.151695594 0.900422394
vn -0.69096595 -0.113504387 0.713920712
vn -0.607616246 -0.120388784 0.785053492
vn -0.757890403 -0.0965168998 0.645202875
vn -0.209800601 -0.142668307 0.967279494
vn -0.351577193 -0.131938905 0.926814795
vn -0.897950292 0.0296717193 0.439095587
vn -0.870016277 0.0444330499 0.491016805
vn -0.422130048 -0.117164083 0.89893198
vn -0.544773221 -0.106741384 0.831762195
vn -0.576399922 -0.0959486887 0.811515272
vn -0.802853525 -0.0662643313 0.592482388
vn -0.566165209 -0.0839283392 0.82000798
vn -0.372432888 -0.0815100595 0.924472809
vn -0.600224674 -0.0741852522 0.796383679
vn -0.757188678 -0.0579260439 0.650622666
vn -0.865530074 0.0957381129 0.491621912
vn -0.774182916 -0.046030581 0.631286025
vn -0.755539 0.214881107 0.61885941
vn -0.37768355 -0.0593494177 0.92403084
vn -0.547007918 -0.0580686294 0.835111022
vn -0.901545227 -0.0359473787 0.431189209
vn -0.192822501 -0.0229772907 0.980964601
vn -0.114695787 -0.00931191351 0.993357003
vn -0.365757674 -0.0570477135 0.928960085
vn -0.114251398 0.340352088 0.933331192
vn -0.111471683 0.236666664 0.965175092
vn -0.0791752338 0.358185917 0.930287242
vn -0.615923643 0.000310890959 0.787805796
vn -0.372296691 -0.0235994402 0.927813709
vn -0.548105717 0.00520664407 0.836392879
vn -0.404110491 0.417974412 0.813628972
vn -0.43276009 0.293839604 0.852277517
vn -0.280233413 0.241452202 0.929069519
vn -0.2295046 0.143595502 0.962656796
vn -0.932504892 -0.0652120039 0.355220973
vn -0.273333877 -0.175476491 0.94577831
vn -0.848859191 -0.0848425627 0.521766126
vn -0.88682729 -0.0724750683 0.456382304
vn -0.748453617 -0.0880149603 0.657320797
vn -0.913216889 -0.0479895398 0.404637992
vn -0.229487777 -0.136971682 0.963625491
vn -0.749146819 -0.037205331 0.661358297
vn -0.652516603 -0.03133481 0.757126272
vn -0.845467389 -0.109410398 0.522699118
vn -0.162892193 -0.121434502 0.979142427
vn -0.896627009 -0.0544155203 0.439430296
vn -0.287739187 -0.0993357822 0.952543199
vn -0.290551096 -0.0941367075 0.952217579
vn -0.911193728 -0.0303200409 0.410861105
vn -0.156162605 -0.0542761609 0.986239016
vn -0.795910299 0.0196965281 0.605094016
vn -0.703616083 0.0372902118 0.709601223
vn -0.320533156 -0.0150552886 0.947117686
vn -0.720480978 0.0809790418 0.688730419
vn -0.788767576 0.115364097 0.603768885
vn -0.614184976 0.316567302 0.722884476
vn -0.662400424 0.216354102 0.717228413
vn -0.616631389 0.144836694 0.773814023
vn -0.466367692 0.1136555 0.877259195
vn -0.510184526 0.108891197 0.853143871
vn -0.317771763 0.0601177737 0.946259499
vn -0.441390902 0.28941521 0.849360287
vn -0.307511598 0.426888496 0.850413382
vn -0.31026271 0.420246094 0.852719426
vn -0.252952486 0.0604359508 0.965589285
vn -0.255978107 0.287171304 0.923042715
vn -0.194233671 0.480319947 0.855316281
vn -0.0552538596 0.0673668906 0.996197104
vn -0.0705624819 0.498734713 0.863877714
vn -0.0305858795 0.472332299 0.880889714
vn -0.0268129054 0.206030771 0.978178084
vn -0.01680094 0.271768004 0.962216198
vn -0.849748075 -0.106876597 0.516241908
vn -0.616771698 -0.154469207 0.771836817
vn -0.694883823 -0.134615704 0.70641011
vn -0.514801264 -0.157709688 0.842678607
vn -0.486919701 -0.149470896 0.860562503
vn -0.00936043076 0.0435158573 -0.999008894
vn -0.037485946 0.105337784 -0.993729711
vn 0.999435186 -0.0139634581 -0.0305685364
vn 0.908268809 0.14458558 0.392610252
vn 0.121410601 0.520480871 0.845197678
vn 0.435162365 0.460837156 0.773474634
vn 0.205491066 0.533886552 0.820206404
vn 0.809214473 0.273689777 0.519871056
vn 0.545057476 0.441841602 0.712522626
vn 0.962224305 0.115644984 0.246476367
vn 0.786205292 0.281615585 0.550067246
vn 0.427455515 0.464890391 0.775344312
vn 0.063157849 0.634043097 0.770714283
vn 0.220382303 0.128440902 0.966920197
vn 0.219153672 0.127639383 0.967305481
vn 0.423619837 0.589639366 0.687656641
vn 0.206737593 0.594340026 0.77718699
vn 0.670030177 0.0927082822 0.736522079
vn 0.608307838 0.501408756 0.615264833
vn 0.721657872 0.453375399 0.523125827
vn 0.0416805707 0.250228494 0.967289209
vn 0.813038707 0.364959389 0.453621894
vn 0.94450587 0.207145795 0.25494951
vn 0.366054207 0.320376992 0.87370652
vn 0.220386207 0.233986303 0.946932077
vn 0.929785609 0.225089505 0.291262001
vn 0.580172002 0.175049901 0.79546088
vn 0.623903155 0.187498584 0.758675873
vn 0.246031404 0.348401189 0.904480577
vn 0.790621221 0.12994872 0.598357439
vn 0.818155587 0.13026388 0.56004715
vn 0.963567972 0.0701101348 0.25811106
vn 0.60612148 0.267169595 0.749157727
vn 0.350320697 0.348490298 0.869384825
vn 0.663281679 0.279298306 0.694298208
vn 0.131917402 0.385703504 0.913143277
vn 0.442921549 0.35952127 0.821318984
vn 0.861086071 0.191238701 0.471124798
vn 0.921875596 0.0023051498 0.387479037
vn 0.914807677 0.00309377909 0.403877795
vn 0.813948691 0.00101333798 0.580936015
vn 0.739561021 0.00543028116 0.673067629
vn 0.574388742 -0.00159799971 0.818581104
vn 0.219162807 0.00254946901 0.975685
vn 0.239625603 0.000428120984 0.970865309
vn 0.340683758 -0.940177083 -0.00128376391
vn 0.608366251 -0.793642104 -0.00476515153
vn 0.735402524 -0.677611828 -0.00504654599
vn 0.300090194 -0.953909993 -0.00128132105
vn 0.917735398 -0.397076309 -0.00959801581
vn 0.584931552 -0.811080992 -0.00169616926
vn 0.926840484 -0.375445098 0.002789855
vn 0.944096208 -0.329656005 -0.00306755304
vn 0.752197504 -0.658936739 -0.0012080071
vn 0.145418704 -0.98936969 0.000998854986
vn 0.502613127 -0.864509284 0.00191914977
vn 0.693454504 -0.720500171 -0.000652371033
vn 0.297073603 -0.954854071 0.00103801396
vn 0.858258903 -0.513216317 0.000875252998
vn 0.0607800409 -0.998151183 -0.000256663974
vn 0.777386427 -0.629007876 0.00441026594
vn 0.678651273 -0.734451115 -0.00375503302
vn 0.442831188 -0.896600425 0.0028787849
vn 0.304466128 -0.952522218 -0.00142753113
vn 0.778377771 -0.627795875 -0.000615824945
vn 0.444090039 -0.895981789 0.000863334921
vn 0.96753639 -0.252729475 0.00105130591
vn 0.683327615 -0.73010838 0.00228095008
vn 0.50067842 -0.865629077 -0.00274282601
vn 0.108538799 -0.994091213 -0.00145095505
vn 0.467494041 -0.883996189 0.000136517978
vn 0.847086728 -0.531452894 -0.00140148401
vn 0.783214569 -0.621747434 0.00222557667
vn 0.0966808721 -0.995308578 -0.00371021009
vn 0.967132151 -0.254271656 0.00112527586
vn 0.4665263 -0.884506524 -0.00122666301
vn 0.410382062 -0.911867738 0.00916439295
vn 0.893639505 -0.448781848 -0.00179833081
vn 0.5656901 -0.824617207 0.00109964598
vn 0.779221892 -0.626747727 -0.000708455918
vn 0.554956079 -0.831879675 -0.000308526971
vn 0.132664502 -0.708745182 0.692878425
vn 0.0074788332 -0.713167608 0.700953722
vn 0.129133597 -0.704400897 0.697956979
vn 0.193223804 -0.710397601 0.676756918
vn 0.192077637 -0.70777607 0.679823041
vn 0.323877573 -0.715898931 0.618540227
vn 0.038418591 -0.691611528 0.721247196
vn 0.307673603 -0.726429224 0.614522219
vn 0.0652924702 -0.717308819 0.693689406
vn 0.263645411 -0.720277011 0.641632378
vn 0.285176188 -0.704477191 0.649912715
vn 0.336937398 -0.717077315 -0.610142112
vn 0.326795787 -0.706169188 -0.628116012
vn 0.294778526 -0.716329157 -0.632438362
vn 0.290396512 -0.711396873 -0.639987826
vn 0.25188601 -0.705307186 -0.662642598
vn 0.246770397 -0.709294081 -0.660307705
vn 0.194145933 -0.72117734 -0.664989233
vn 0.162183404 -0.692122996 -0.703322411
vn 0.128724307 -0.717417181 -0.684647799
vn 0.0623498559 -0.710956335 -0.700466752
vn 0.0701664537 -0.704118431 -0.706607342
vn 0.00583422137 -0.70730108 -0.706888437
vn 0.00654888107 -0.707838893 -0.706343591
vn -0.0109067503 0.533706009 -0.845599711
vn -0.0492628142 0.604952455 -0.794736207
vn -0.0116728498 0.744834125 -0.667147577
vn -0.0440844148 0.81752497 -0.574203312
vn -0.0095825186 0.893277586 -0.449403286
vn -0.0495396815 0.943460405 -0.327762604
vn -0.00600105477 0.98381108 -0.179108694
vn -0.0249537192 0.267675102 -0.963186026
vn -0.0307727996 0.264866412 -0.963793993
vn -0.0362914801 0.31138429 -0.949590921
vn -0.0292888768 0.314805478 -0.948704183
vn -0.00646793796 -0.376147598 -0.926537216
vn -0.058876276 -0.240449935 -0.968874395
vn -0.0153665477 -0.121931888 -0.992419481
vn -0.0249258801 -0.967673719 -0.250970691
vn -0.0307952706 -0.96995002 -0.241347402
vn -0.00513905194 -0.898789227 -0.438351095
vn -0.0581629723 -0.818237603 -0.571930349
vn -0.0182204805 -0.73767817 -0.674906671
vn -0.0370601974 -0.591669261 -0.805328488
vn -0.0294894464 -0.580171764 -0.813960075
vn -0.0496214591 -0.998768091 -0.000287450006
vn -0.0330636986 -0.999453306 -2.64411992e-05
vn -0.0314797685 -0.899407327 0.435976595
vn -0.0165109001 -0.914260507 0.404790312
vn -0.0456261598 -0.971563995 0.232339606
vn -0.0245402995 -0.988810182 0.147147194
vn -0.0168702025 0.0897901058 0.9958179
vn -0.0393387005 -0.0634716079 0.997207999
vn -0.042240791 -0.0701562688 0.996641278
vn -0.043166507 -0.30578348 0.951121986
vn -0.0269383099 -0.2685453 0.962890327
vn -0.039182175 -0.585888445 0.809443891
vn -0.0175960027 -0.547728539 0.83647114
vn -0.0244000498 -0.752624512 0.657997787
vn -0.0324350484 -0.764728904 0.643535316
vn -0.0422199294 0.305767298 0.951169729
vn -0.0172994696 0.318285406 0.947837174
vn -0.0282225609 0.265375286 0.963732123
vn -0.0491787083 0.252777308 0.966273904
vn -0.0195334498 0.985630274 0.167784199
vn -0.0455019996 0.950422406 0.307615012
vn -0.0353628285 0.942695081 0.331776202
vn -0.0424414203 0.807788074 0.587943316
vn -0.0268140361 0.826857805 0.561771512
vn -0.0495704487 0.553707838 0.831234396
vn -0.00793987513 0.621925712 0.783036113
vn -0.0435609184 0.999050796 -4.00255994e-05
vn -0.042692177 0.999088287 -3.35393952e-06
vn -0.0400141999 0.999199092 -6.89601948e-05
vn -0.048775319 0.998809695 -0.00051343604
vn -0.830001116 -0.557761788 4.03250961e-05
vn -0.500018656 -0.8660146 0.000100604979
vn -0.743464112 -0.668775916 -0.000178033995
vn -0.683178425 -0.730239511 0.0041932459
vn -0.679598808 -0.702823997 -0.210199699
vn -0.533059895 -0.82318002 -0.195504099
vn -0.806318521 -0.588304818 0.0612204
vn -0.816612959 -0.559843421 -0.140422881
vn -0.772650003 -0.587504208 0.240521997
vn -0.678967714 -0.698836505 0.225012198
vn -0.577952981 -0.712682426 -0.397560388
vn -0.618995488 -0.640422463 0.454646856
vn -0.94908762 -0.2498772 -0.191818103
vn -0.586939275 -0.708088219 -0.39257279
vn -0.804606378 -0.489807606 0.335703909
vn -0.735581636 -0.508169472 0.447977155
vn -0.848829806 -0.343762964 -0.401640236
vn -0.0191163402 -0.737682402 -0.674877286
vn -0.972959697 -0.129587099 0.1911982
vn -0.717586517 -0.384113312 0.580970407
vn -0.562695205 -0.507802725 0.652311683
vn -0.725763679 -0.410372287 -0.552142799
vn -0.627926707 -0.4750624 -0.616460681
vn -0.796709478 -0.196578503 0.571498871
vn -0.643364787 -0.185487404 0.742749095
vn -0.806012571 0.0298856366 0.59114337
vn -0.378134489 -0.0787938833 0.922391415
vn -0.759289443 0.0728689507 0.646660566
vn -0.830664694 -0.0644193217 -0.553033829
vn -0.901117623 -0.130467594 -0.413479507
vn -0.691642046 -0.286403984 -0.663026452
vn -0.0898036286 -0.133006498 -0.987038314
vn -0.437099814 -0.312108994 -0.843523502
vn -0.558472931 0.0491580218 -0.828064859
vn -0.711488962 -0.0435405262 -0.701347053
vn -0.784480393 0.167696178 0.597049952
vn -0.572826266 0.244957864 0.782218397
vn -0.730192542 0.217067674 0.647842944
vn -0.63233 0.238953799 -0.736926019
vn -0.725608408 0.219959497 -0.652004898
vn -0.88721633 0.143274903 -0.438542604
vn -0.854748189 0.141522482 -0.499376446
vn -0.719263434 0.176720709 -0.671885371
vn -0.246371195 0.2613222 -0.933280289
vn -0.970241785 0.150938794 -0.189336702
vn -0.57201159 0.452847093 -0.683909595
vn -0.613076091 0.425822705 -0.665441871
vn -0.70200491 0.628695071 -0.334561914
vn -0.569871724 0.745146275 -0.346414894
vn -0.500658691 0.748229504 -0.435308486
vn -0.399987102 0.670730472 -0.624604702
vn -0.798350692 0.492859334 -0.346014172
vn -0.794236779 0.570800304 0.208266705
vn -0.704855084 0.611163735 0.360080838
vn -0.585457325 0.675630391 0.448066205
vn -0.643798351 0.459877253 0.611585259
vn -0.698751926 0.443009794 0.561683297
vn -0.68812722 0.716997206 -0.111337297
vn -0.642745972 0.753855228 -0.136308596
vn -0.737460792 0.665470421 0.115328997
vn -0.64911896 0.754008174 0.100579582
vn -0.554022253 0.832501888 -1.07625983e-05
vn -0.732683599 0.68056941 0.000253906008
vn -0.673902631 0.738819957 0.000590304902
vn -0.66365397 0.748039365 -0.000739837822
vn -0.699122012 0.715002358 -0.000307312963
vn -0.78383559 0.620968342 5.01963914e-05
vn -0.645851076 0.763440311 0.00595074799
vn -0.597003877 0.802234411 0.00252735591
vn 0.0173865501 -3.84669011e-06 -0.999848902
vn 0.0173792187 0 -0.999848962
vn 0.0172272902 -0.000268458971 -0.999851584
vn 0.0173395798 -1.70130988e-05 -0.999849677
vn 0.0175318103 0.000114540002 -0.999846399
vn -0.521983564 -0.852955103 0.000848764845
vn -0.666820288 -0.745218396 -0.000538726978
vn -0.765817404 -0.643057823 0.000725404941
vn -0.962789476 -0.270250887 0.000935272023
vn -0.298779607 -0.549951613 0.779925704
vn -0.40209344 -0.668826163 0.625293851
vn -0.465991914 -0.660163701 0.589097202
vn -0.752398908 -0.488363296 0.442037702
vn -0.795850575 -0.433048904 0.423191011
vn -0.413954794 -0.830145121 0.373497695
vn -0.447248608 -0.811474502 0.376135409
vn -0.980755508 -0.173162207 0.0901861712
vn -0.780186296 -0.569327414 0.259182483
vn -0.775620222 -0.575472414 0.259316206
vn -0.961151004 -0.239354864 0.137469783
vn -0.277411193 -0.941995323 0.1889126
vn -0.968935728 -0.0874859691 0.231322229
vn -0.576223373 -0.211416706 0.789474308
vn -0.293770403 -0.292757899 0.9099406
vn -0.795842588 -0.0742992684 0.60092783
vn -0.879729092 -0.0715156645 0.47006613
vn -0.749188125 -0.207936868 0.62887156
vn -0.314573586 -0.355788499 0.880033016
vn -0.400707185 -0.131670594 0.906695426
vn -0.57178992 -0.143006086 0.80783999
vn -0.900830626 -0.119830698 0.417306691
vn -0.517468274 -0.363396794 0.774706006
vn -0.810858786 -0.261929899 0.523355424
vn -0.731412172 -0.278608412 0.622425675
vn -0.398224652 -0.00259578181 0.917284191
vn -0.255477071 0.00147175672 0.966813982
vn -0.770531178 0.000825358846 0.63740176
vn -0.758518219 0.001530885 0.651650071
vn -0.992414117 0.000356278993 0.122940198
vn -0.984591782 0.0023975959 0.174852401
vn -0.405659109 0.4722085 0.782598078
vn 0.00752025796 0.756262124 0.654225528
vn -0.763897479 0.329288989 0.555004001
vn -0.778020799 0.326102257 0.536973953
vn -0.311982512 0.330799192 0.890639603
vn -0.429481536 0.714254141 0.552617967
vn -0.439666033 0.336936772 0.832566798
vn -0.570180297 0.612285495 0.547723413
vn -0.799254715 0.231036693 0.554809928
vn -0.748744786 0.240941197 0.617518187
vn -0.864508688 0.388504893 0.318886697
vn -0.289890081 0.250333071 0.923740804
vn -0.967382789 0.0803380534 0.240242064
vn -0.891831696 0.340274513 0.298076302
vn -0.73592484 0.170126915 0.655340731
vn -0.380035043 0.214526266 0.899751008
vn -0.812989712 0.121313803 0.569500506
vn -0.283640563 0.150416583 0.947060108
vn -0.927241981 0.0798322409 0.365853876
vn -0.382474661 0.110424817 0.917343795
vn -0.483230203 0.605766892 0.632087827
vn -0.576347709 0.530343413 0.621738911
vn -0.703171968 0.0645232126 0.708086133
vn -0.997677207 0.0412216671 0.0542310327
vn -0.288372397 0.448823512 0.845812619
vn -0.76486659 0.401215792 0.5039891
vn -0.281293958 0.543692768 0.790741384
vn -0.86824739 0.318698198 0.380234092
vn -0.96453321 0.156641707 0.212459907
vn 0.0117530804 -0.999930978 0.000103148996
vn 0.0473626181 -0.998877108 -0.00118791999
vn 0.0343980044 -0.998803794 0.0347537249
vn 0.01288056 -0.999916971 0.000433581998
vn 0.00218552304 -0.99999702 0.00111889804
vn 0.0172861796 0.753094971 0.657684803
vn 0.0445017219 0.720882714 0.691626906
vn -0.0126326596 0.698549211 0.715450525
vn 0.053007111 0.582788646 0.810893059
vn 0.0409616195 0.57945472 0.8139745
vn -0.00627779914 0.458137393 0.888859212
vn 0.0704602003 0.414231509 0.907440126
vn -0.00855910685 0.361288995 0.932414711
vn 0.0422032997 0.268256694 0.962422609
vn 0.03099644 0.261348814 0.964746594
vn 0.0437447391 0.176996499 0.983238876
vn 0.00455820467 0.152919188 0.988228202
vn 0.063980341 0.0719619915 0.995353281
vn -0.0034078951 0.000701179961 0.99999398
vn -0.00520038605 0.000856601982 0.999986112
vn 0.049206309 -0.0796712637 0.995606005
vn -0.0519672595 -0.160092697 0.985733092
vn 0.03656625 -0.225072294 0.973655701
vn -0.0450948402 -0.283625603 0.957874179
vn 0.0535508916 -0.402242899 0.913965583
vn 0.0554007143 -0.402993649 0.913524389
vn -0.0149149802 -0.551657379 0.833937526
vn 0.0795789883 -0.672581017 0.735732317
vn -0.0213462673 -0.765863478 0.642648757
vn 0.0325108096 -0.857304275 0.513782501
vn 0.00163024606 -0.886904478 0.461950094
vn 0.0675248504 -0.936357081 0.344493806
vn -0.0426943786 -0.982734799 0.180026501
vn 0.253717989 -0.894236684 0.368738413
vn 0.497430891 -0.833410323 0.240810797
vn 0.640411019 -0.685414016 0.346527606
vn 0.513858914 -0.817272902 0.260794997
vn 0.898179412 -0.348815501 0.267584592
vn 0.834995985 -0.491584927 0.247236773
vn 0.733224392 -0.510664701 0.449002892
vn 0.540534139 -0.57290554 0.61611855
vn 0.708264589 -0.584083319 0.396494806
vn 0.923277199 -0.0767180845 0.376395643
vn 0.524404705 -0.0855921507 0.847156286
vn 0.631902575 -0.214116707 0.744884729
vn 0.304826677 -0.212759167 0.928339481
vn 0.773534477 -0.266191006 0.575140774
vn 0.618844509 -0.302765995 0.724820197
vn 0.595926762 -0.112936787 0.795057595
vn 0.721731722 -0.00241732504 0.692168772
vn 0.86278069 0.00270450069 0.505571127
vn 0.853639007 0.131513387 0.503988862
vn 0.667709172 0.530530572 0.522208512
vn 0.67903012 0.0683371425 0.730922878
vn 0.841606617 0.403575093 0.358922809
vn 0.895486474 0.337040901 0.290701598
vn 0.713995814 0.205353394 0.669358015
vn 0.452952892 0.365848601 0.813012004
vn 0.672176123 0.119139686 0.730742753
vn 0.868690908 0.265132368 0.418426752
vn 0.629036248 0.457408965 0.628562331
vn 0.0180237796 -8.32091027e-05 0.999837577
vn 0.0203145109 0 -0.999793708
vn 0.0184195004 -0.00646746112 -0.999809504
vn 0.817443073 0.456121415 0.351767093
vn 0.952799618 0.239477202 0.186611101
vn 0.638837814 0.599559307 0.482094407
vn 0.772479296 0.491861105 0.401682109
vn 0.591702819 0.618264019 0.517336905
vn 0.3950634 0.709893227 0.583075106
vn 0.0814450383 0.762116313 0.642297149
vn 0.999357224 0.02380055 0.0268073007
vn 0.938773692 0.264358729 0.220949426
vn 0.168580681 0.795417607 0.582143843
vn -0.841606617 0.403575093 0.358922809
vn -0.817443073 0.456121415 0.351767093
vn -0.638863266 0.59953326 0.482092947
vn -0.3950634 0.709893227 0.583075106
vn -0.999357224 0.02380055 0.0268073007
vn -0.938773692 0.264358729 0.220949426
vn 0.841479182 0.403743505 0.359032214
vn 0.817518115 0.455994099 0.351757795
vn 0.638863564 0.599533439 0.48209247
vn 0.212532178 0.834002197 0.50918597
vn 0.999352217 0.0238574706 0.0269458797
vn 0.938784599 0.264330089 0.220936701
vn 0.782244921 0 -0.622970998
vn 0 1 -5.89904039e-06
vn -0.94392103 0 0.330171496
vn 0.0242506191 -6.77216008e-07 0.999705911
vn 0.34414947 0 -0.938914895
vn -0.34414658 0 -0.938915908
vn 0.0181935988 0 -0.999834478
vn 1 0 -0.000287699979
vn -0.0242506806 0 0.999705911
vn 0.644204676 0 0.764853179
vn 0.943919301 0 0.330176383
vn -0.644203782 0 0.764853895
vn -0.0181936026 6.99034103e-07 -0.999834597
vn -0.782243907 0 -0.62297225
vn -1 0 -0.000287695002
vn 0.782243907 0 -0.62297225
vn 0.0174382906 0.999848008 0.000112487993
vn -0.0175754409 0.999845624 -7.2452699e-06
vn -0.0175461099 0.999846101 0.000234882988
vn 0.0174560491 0.99984771 0.000123083999
vn 0.0175461099 0.999846101 0.000234882988
vn 0.0175756793 0.999845624 -7.22190998e-06
vn -0.0174382906 0.999848008 0.000112483998
vn -0.0174559895 0.99984771 0.000123081001
vn 0 0.986130714 -0.165970504
vn 0 0.990685105 0.136173204
vn -0.943919301 0 0.330176383
vn 0.0242506806 0 0.999705911
vn 0.34414658 0 -0.938915908
vn -0.34414947 0 -0.938914895
vn 0.0181936026 -6.99034103e-07 -0.999834597
vn 1 0 -0.000287695002
vn -0.0242506191 6.77216008e-07 0.999705911
vn 0.644203782 0 0.764853895
vn 0.94392103 0 0.330171496
vn -0.644204676 0 0.764853179
vn -0.0181935988 0 -0.999834478
vn -0.782244921 0 -0.622970998
vn -1 0 -0.000287699979
vn -0.110253803 0.413136512 -0.903970301
vn -0.731101573 3.11173011e-07 -0.682268679
vn 0 0.326120555 -0.945328176
vn 0.185043588 0.451378137 -0.872935593
vn 0.110251889 0.413138241 -0.903969705
vn 0.731063366 4.91106948e-06 -0.682309568
vn -0.185015887 0.451384336 -0.872938275
vn 0 0.32619679 -0.94530189
vn 0.480458409 0.00365716196 0.877009928
vn -0.185043693 0.451378405 -0.872935474
vn 0.200252503 -0.003499805 0.979738116
vn -0.0273459498 0.00154858804 0.999624908
vn 0.290118009 0.00579422712 0.956973314
vn -0.395228088 0.00515431119 0.918568611
vn 0.204681501 -0.00163483596 0.978827298
vn -0.19807747 -0.00441807462 0.980176389
vn -0.480437964 0.00300204754 0.877023697
vn -0.327175111 -0.00699251797 0.944937885
vn 0.420632094 -0.00177091302 0.907229602
vn -0.239027694 -0.00817203522 0.970978379
vn 1.29393993e-06 -0.0471022613 0.998890102
vn -0.34310329 -0.0157142803 0.939166307
vn 2.42764963e-05 0.326405674 -0.945229769
vn 0.45985803 0.000711528934 0.887992203
vn 0.0864494964 -0.00348770595 0.996250212
vn 0.0273227599 0.00155919697 0.999625504
vn 0.113527097 0.00438260986 0.993525326
vn -0.0179226287 -6.69955916e-05 0.999839365
vn -0.459863096 0.000711250992 0.887989581
vn -0.204710603 -0.00163376296 0.978821218
vn 0.327174574 -0.00699257711 0.944938064
vn 0.0179228093 -6.63159954e-05 0.999839425
vn 0.185027406 0.451339006 -0.872959375
vn -0.0864455029 -0.00348651363 0.99625051
vn 0.110308789 0.413182139 -0.903942704
vn 0.395215362 0.00515580131 0.918574095
vn -0.290119469 0.0057951794 0.956972897
vn -0.110275701 0.41311869 -0.903975785
vn 3.84575003e-07 0.326198012 -0.945301473
vn 0 0.32621631 -0.945295215
vn -0.420633405 -0.00177204597 0.907229006
vn -0.0180237796 -8.32177975e-05 0.999837577
vn -0.489659637 0.00763219409 0.871880293
vn 0.483705789 0.00269281794 0.875226617
vn 0.483684212 0.00270026899 0.875238478
vn 0.0181035902 -8.2511302e-05 0.999836206
vn -0.110251904 0.413139105 -0.903969407
vn -0.73111707 0 -0.682252049
vn -0.731100678 -1.61415005e-06 -0.682269573
vn -0.731099546 1.87863975e-06 -0.682270825
vn 0.185045317 0.451379448 -0.872934699
vn 0.110252596 0.413139403 -0.903969228
vn 0.731113374 -1.97936993e-06 -0.682256103
vn 0.731101632 -3.11248016e-07 -0.682268679
vn 0.731102407 4.2347699e-07 -0.682267725
vn 0.731093407 0 -0.682277501
vn -2.16305989e-06 0.326196015 -0.945302188
vn 0.480447948 0.00365477754 0.877015591
vn -0.185042202 0.451380104 -0.872934997
vn 0.200255737 -0.00349992537 0.97973752
vn -0.0273227599 0.00155901897 0.999625504
vn 0.290119469 0.0057951794 0.956972897
vn -0.395234436 0.00515150931 0.91856581
vn 0.204682305 -0.00163352396 0.978827119
vn -0.495662838 0.00585627463 0.868495286
vn -0.327169418 -0.00699228095 0.944939911
vn -0.32717371 -0.00699198199 0.944938421
vn 0.420655161 -0.00177097321 0.907218993
vn 0.420634747 -0.00177246274 0.90722841
vn -0.113527097 0.00438314583 0.993525326
vn 0.430232197 -0.0404741094 0.901810527
vn 0.000900898885 -0.0470679812 0.998891294
vn -0.000146958992 -0.0469641015 0.998896599
vn -2.16355988e-06 -0.0470989905 0.998890221
vn 0 -0.0470998809 0.998890221
vn 0.00941079669 -0.385505855 0.922657371
vn -0.262634486 -0.0353031717 0.964249372
vn -0.060968101 -0.226677805 0.972059727
vn -0.452347994 -0.0228694007 0.891548276
vn -0.262639463 -0.0353052579 0.964247882
vn 0.0864463896 -0.0034878836 0.996250391
vn 0.0273760501 0.00155168702 0.999624074
vn 0.113566183 0.00437146332 0.993520796
vn -0.204681367 -0.00163411978 0.978827298
vn -0.0864459202 -0.00348681211 0.99625051
vn 0.395227909 0.00515442993 0.918568671
vn -0.290112883 0.00578999473 0.956974983
vn 0 0.326195806 -0.945302308
vn 1 -3.48764988e-05 1.75812011e-06
vn -1 -3.48764988e-05 1.75524997e-06
vn 1 0.000124213999 -0.000233581988
vn 1 -2.56819021e-07 5.19849018e-05
vn 0.999999881 0.000263251975 0.000444365956
vn 1 1.30220997e-05 -0.000126159997
vn 1 0.000151057 -0.000377994002
vn 0.999999583 -0.000697876967 0.000555859937
vn 1 -3.93353985e-05 2.25514009e-06
vn 0.999996901 0.001769959 0.00179189397
vn 0.999999583 -0.000575806946 -0.000669779954
vn 1 -5.70550983e-05 4.45340011e-05
vn 1 5.18603993e-05 -0.000165015008
vn 1 7.26387007e-05 8.52863013e-05
vn 1 3.54802978e-06 -1.23759992e-05
vn 0.999999702 0.000475585926 -0.000610681949
vn 1 -6.63785977e-05 -0.000283881993
vn 1 -4.54621986e-05 2.80578988e-05
vn 1 -7.71428022e-05 -0.000300390006
vn 1 -2.33198989e-05 -0.000116374002
vn 1 -0.000225065989 0.000189526996
vn -0.999999583 -0.000697873882 0.00055585691
vn -1 0.000151057 -0.000377251999
vn -1 1.30220997e-05 -0.000121653997
vn -0.999999881 0.000263251946 0.000444364967
vn -1 -2.56820016e-07 4.8927297e-05
vn -1 0.000199353002 -0.00025453401
vn -1 5.18603993e-05 -0.000165015008
vn -1 -5.30141006e-05 -1.84655e-05
vn -0.999996901 0.001769959 0.00179189397
vn -0.999999583 -0.000575807993 -0.000668680994
vn -0.999999702 0.000475585926 -0.000613383949
vn -1 3.54804001e-06 -1.23759992e-05
vn -1 7.26385988e-05 8.52863959e-05
vn -1 -4.54621986e-05 2.80578988e-05
vn -1 -0.000225066993 0.000190327002
vn -1 -6.63785977e-05 -0.000283881993
vn -1 -2.33198989e-05 -0.000116374002
vn -1 -3.93354967e-05 2.25894996e-06
vn -1 -7.71428022e-05 -0.000300390006
vn -0.322030008 0.777818382 0.539717793
vn 0.531746745 -0.17270878 0.829106152
vn 0.623502374 -0.201819494 0.755323589
vn 0.827697396 -0.0947118923 0.553124607
vn 0.697775126 0.117568403 0.706602871
vn 0.575134158 0.230099171 0.785031855
vn 0.510664463 0.208867863 0.834023952
vn 0.676281929 0.0262441002 0.736175299
vn 0.655559301 0.363407403 0.661949515
vn 0.236701503 0.191568196 0.952509403
vn 0.614222348 0.506103933 0.605466545
vn 0.360613436 0.472480863 0.804189026
vn 0.432541043 0.523578346 0.734012246
vn 0.266506314 -0.368072301 0.890784681
vn 0.39929086 -0.0401334129 0.91594559
vn 0.553169549 -0.682532728 0.477653146
vn 0.196020275 0.465898842 0.862852395
vn 0.427768648 -0.405569047 0.807791889
vn 0.183900207 0.552010596 0.81330502
vn 0.5803864 -0.53256762 0.616054773
vn 0.653125584 -0.522355676 0.548244119
vn 0.0699019432 0.644513607 0.761390805
vn 0.314237982 -0.177438691 0.932614565
vn 0.0525802299 0.635039091 0.770688415
vn 0.765060186 -0.399055243 0.505408645
vn -0.0630280897 0.3053765 0.950143516
vn -0.142626092 0.798313498 0.585109651
vn 0.138603017 0.0108094206 0.990289092
vn -0.209692374 0.544258356 0.812288105
vn -0.232110128 0.67975986 0.695738137
vn 0.56771028 0.815629005 -0.111599401
vn 0.446165204 0.888412893 0.1079778
vn 0.568678558 0.812903285 -0.12567018
vn -0.914441705 0.389440536 0.110147186
vn 0.425354868 0.903129995 0.0585637093
vn -0.916643202 0.314565599 0.246604696
vn -0.901050389 0.382043928 0.205306172
vn -0.931270897 0.295619577 -0.212940365
vn -0.851978898 0.506607234 -0.132216319
vn 0.448950529 0.886988401 0.108143084
vn -0.787555873 0.615777194 -0.0239634495
vn 0.445414007 0.885025978 -0.135408506
vn -0.915158391 0.401842356 0.031750083
vn -0.930676877 0.330135107 0.157643303
vn 0.33967489 0.893196404 0.294654399
vn -0.915398419 0.401722699 -0.0257806107
vn 0.402412742 0.915390074 0.0111773591
vn 0.384111941 0.922301888 0.0426290557
vn -0.87829119 0.462657243 -0.120635182
vn 0.449819535 0.888420165 -0.0914982408
vn 0.413663089 0.909769475 -0.0346764289
vn -0.931502461 0.360002279 0.0519757122
vn 0.416510791 0.898013592 -0.141740307
vn 0.429245651 0.902038693 -0.045545686
vn -0.938368082 0.2097141 0.27474609
vn 0.296106398 0.940710127 0.165485606
vn 0.305181295 0.940685987 0.148237407
vn 0.432555497 0.891753018 -0.132937402
vn 0.385034293 0.922577918 -0.0244662706
vn 0.29204157 0.943347275 0.157504186
vn 0.240198299 0.940182626 0.241581306
vn -0.960748494 0.228641763 0.157115579
vn 0.303468585 0.951016307 0.058947973
vn -0.956476629 0.141806602 0.255035907
vn -0.93916142 0.337959111 -0.0613146983
vn -0.926070809 0.361204088 -0.109200098
vn -0.976202309 0.213189006 0.0397447906
vn 0.137812704 0.955970109 0.259092301
vn 0.252606511 0.966406226 -0.0474238284
vn -0.957512915 0.0709377527 0.279529899
vn -0.97146529 0.126951292 0.200346172
vn -0.938108981 0.318419605 -0.1362371
vn 0.2962372 0.945305824 -0.136530101
vn -0.978174925 0.202965707 -0.0444843099
vn -0.985571384 0.169180006 -0.00521665812
vn -0.989123583 0.115502186 0.0910704657
vn -0.988523066 0.117248088 0.0952628627
vn 0.255561084 0.959462404 -0.118829086
vn 0.0558404885 0.997092187 0.0518555604
vn 0.0297270361 0.974195302 0.223740563
vn 0.198109895 0.979660928 -0.031890329
vn 0.154630005 0.987482309 0.0311177894
vn 0.100312203 0.984511614 0.143786296
vn 0.118382998 0.983208895 0.138873607
vn -0.980360627 0.143588096 -0.135187507
vn -0.979401588 0.119555183 -0.162723988
vn -0.989724517 0.0284310542 0.140133217
vn -0.984516323 0.0281615797 0.173015907
vn -0.988417506 0.119850516 -0.0930958986
vn -0.992695272 -0.0186655503 0.119196698
vn -0.984059989 -0.1438528 0.104558297
vn 0.0946461931 0.986345887 -0.13477318
vn -0.0519455597 0.973983884 0.220583394
vn 0.0295291506 0.997108579 -0.0700181723
vn -0.0065557952 0.990981877 0.133835599
vn 0.167580783 0.971777499 -0.166027486
vn -0.975622296 -0.111154698 0.189224407
vn -0.0979719087 0.985189021 0.140727207
vn -0.95992732 -0.1324929 0.246952102
vn -0.942068696 -0.195334375 0.272673965
vn -0.0926173925 0.992273808 0.0825516507
vn -0.996992707 -0.0614210814 0.0472551435
vn -0.987269402 -0.118423901 0.106183901
vn -0.986129105 -0.125964895 0.108084902
vn -0.973385572 -0.16747278 0.156439483
vn -0.996245921 -0.0489009582 -0.0714346692
vn -0.993887722 -0.0279551093 -0.106797896
vn -0.996780515 -0.0759087801 0.0258174501
vn -0.993737996 -0.111552514 0.00639778376
vn -0.1543753 0.954321802 0.255809009
vn -0.118001498 0.983927071 0.134026796
vn -0.0430727005 0.990394711 -0.131389305
vn -0.0415130816 0.99180758 -0.120807096
vn -0.0950614065 0.993743002 0.0586363524
vn -0.990305781 -0.0460346267 -0.131054178
vn -0.0769039914 0.994948804 -0.064519763
vn -0.0626296923 0.997674227 -0.0269027296
vn -0.140227586 0.989915788 0.0200760886
vn -0.98037529 -0.118185885 -0.157785684
vn -0.0906570479 0.99331218 -0.0715010688
vn -0.151817292 0.988112092 0.0242078267
vn -0.972545326 -0.191482306 -0.132250398
vn -0.986276686 -0.164793 -0.0100808097
vn -0.295679897 0.926301777 0.233534798
vn -0.129185379 0.973786473 -0.187219188
vn -0.981570125 -0.187289596 -0.0379837118
vn -0.909319103 -0.342725992 0.235961497
vn -0.983331084 -0.175647601 -0.0469889604
vn -0.954702199 -0.292199999 0.0562397204
vn -0.166542709 0.985753596 0.0235277433
vn -0.936134398 -0.308824331 0.168166921
vn -0.233867466 0.962795794 0.135389388
vn -0.331909209 0.940220714 0.0762975812
vn -0.346008986 0.915687501 0.204436406
vn -0.274963409 0.960461199 -0.0436974093
vn -0.877101123 -0.409882396 0.25037989
vn -0.225584626 0.970926523 -0.0800841451
vn -0.948098719 -0.315497309 -0.0396280214
vn -0.254082501 0.959997475 -0.117673002
vn -0.945439875 -0.287347704 -0.153540596
vn -0.930659473 -0.359432608 0.0684197471
vn -0.939383209 -0.337980509 0.0576921105
vn -0.363505989 0.909332514 0.202429801
vn -0.430143267 0.895440996 0.114727415
vn -0.300244778 0.95058769 0.0789686888
vn -0.90919292 -0.397868514 0.122755401
vn -0.912938595 -0.389173567 0.122830518
vn -0.415636539 0.908954501 0.0323724076
vn -0.921138108 -0.38902393 0.012840678
vn -0.917293012 -0.378597885 -0.123439401
vn -0.930327535 -0.364250422 -0.0425733924
vn -0.892470002 -0.439855605 -0.1001219
vn -0.917843223 -0.388347805 -0.0821580216
vn -0.962970853 -0.172799483 -0.206947863
vn -0.886264682 -0.441064507 -0.1414112
vn -0.452899486 0.879364073 0.146972403
vn -0.369400889 0.928522527 -0.0372703597
vn -0.389102101 0.920220017 -0.0423642918
vn -0.344593883 0.928639054 -0.137420982
vn -0.438621014 0.895018876 -0.0809495375
vn -0.529854417 0.83699888 0.136701405
vn -0.390752405 0.912197828 -0.123320103
vn -0.552605927 0.796617091 0.245005906
vn -0.514148176 0.846728921 0.136755213
vn 0.833420217 0.535416722 0.136893302
vn 0.840203404 0.525010824 0.135727897
vn 0.793571711 0.568585396 0.216690496
vn -0.569250345 0.821265101 0.0384398066
vn -0.569334567 0.819627464 0.0637887642
vn -0.603677809 0.791873574 0.0922469422
vn -0.604627371 0.791582525 0.0884470269
vn -0.625980914 0.752328992 0.205302104
vn -0.622229576 0.761848211 -0.180049002
vn -0.519823968 0.842187881 -0.143187284
vn 0.850090861 0.507250726 -0.141570479
vn 0.833782852 0.538122535 -0.123410784
vn -0.607956827 0.789458692 0.0845188349
vn 0.809283495 0.583714962 0.0658566803
vn 0.832921982 0.544163048 -0.100636087
vn 0.803130686 0.595395148 0.022039108
vn 0.817728221 0.563427091 -0.117773101
vn 0.813774526 0.580838084 -0.0199556295
vn 0.787730098 0.608682811 0.0947966948
vn 0.839467525 0.541441977 -0.0462058708
vn 0.712369204 0.659406006 0.240237206
vn 0.724123597 0.650633812 0.228737101
vn -0.667523921 0.718041003 0.197050899
vn -0.579871297 0.811008096 -0.0775581524
vn -0.694088101 0.69888258 0.172641203
vn 0.780924499 0.624601066 -0.00551783945
vn -0.594116569 0.795583367 -0.118627682
vn -0.591679037 0.8049438 -0.0445122644
vn -0.641350567 0.766985595 -0.0200611874
vn 0.782228291 0.61026758 -0.125270113
vn 0.728133321 0.677363575 0.104883596
vn 0.764185309 0.644916177 -0.0101949498
vn -0.77146709 0.580886304 0.259633899
vn -0.651931167 0.745758533 -0.137222514
vn 0.567628682 0.774888277 0.278111488
vn -0.739061117 0.671735585 0.0505967103
vn 0.741014063 0.662161052 -0.111538887
vn -0.748300195 0.662935317 0.0237424299
vn -0.722364426 0.691358626 -0.01459294
vn 0.708058178 0.702975214 -0.0669296905
vn -0.788507521 0.598395824 0.1420504
vn 0.658690631 0.733356357 0.168271318
vn 0.633010328 0.77137208 0.0654463097
vn -0.787947893 0.598926187 0.142918199
vn -0.792402506 0.593476176 0.141012102
vn -0.755595207 0.645116925 -0.113578901
vn 0.576151073 0.800691128 0.164145395
vn -0.780793607 0.618037105 0.0916053578
vn 0.513835132 0.822511196 0.24382107
vn -0.754326284 0.654768229 -0.0476477034
vn 0.514209688 0.831659675 0.209596306
vn 0.645295441 0.761504292 -0.0608693361
vn 0.625326574 0.778844893 0.0486552082
vn 0.590318203 0.802053511 0.0907447934
vn -0.756548107 0.643902481 -0.114125997
vn 0.639428675 0.768433213 0.0253277998
vn 0.557699621 0.818217516 0.139611498
vn 0.702414513 0.682736874 0.201206997
vn 0.630342841 0.755454361 -0.178763881
vn -0.84305203 0.495703995 0.208664402
vn 0.600206792 0.799761176 -0.0115751
vn 0.615666091 0.786925673 -0.0412706099
vn -0.80297339 0.584536672 -0.116407499
vn -0.877315462 0.467492431 0.108481884
vn 0.0693160221 0.0968593881 -0.992881477
vn 0.224132627 0.0315506421 -0.974047899
vn 0.129417002 -0.0986614227 -0.986669779
vn 0.999682724 -0.0241925102 -0.00702047301
vn 0.748477817 -0.662105799 0.0373755582
vn -0.545997977 -0.823092997 0.156218812
vn 0.780697107 -0.624203205 -0.0297074895
vn 0.750667512 -0.650205374 -0.117180496
vn -0.45143491 -0.886073411 0.1052645
vn 0.863284588 -0.480591804 0.154179201
vn -0.471052408 -0.870371103 0.143401295
vn -0.567590415 -0.8133955 -0.127393097
vn -0.816483796 -0.544983983 -0.190648198
vn 0.877855122 -0.408457607 0.250065506
vn 0.869120717 -0.439208895 0.227430999
vn -0.352145314 -0.908758104 0.223947197
vn -0.400559634 -0.91229701 0.085241124
vn 0.876781583 -0.470600814 0.0989398882
vn 0.815994024 -0.563520789 -0.128833994
vn 0.773540378 -0.618071198 -0.140083298
vn -0.424990892 -0.902984798 0.0632550716
vn 0.887471497 -0.423756808 0.1811755
vn 0.923698664 -0.376085341 0.0730791539
vn -0.476371139 -0.870639861 -0.122705683
vn -0.461601049 -0.883342564 -0.081426844
vn 0.904940009 -0.422437847 0.0512818508
vn 0.419315994 -0.907256484 -0.0325567089
vn 0.890548229 -0.454878569 0.0031021235
vn -0.354997307 -0.917088926 0.181452006
vn -0.455222487 -0.88842082 -0.058999829
vn -0.385102004 -0.922682405 -0.0188054405
vn -0.427572012 -0.895264924 -0.125231907
vn -0.407205939 -0.903646708 -0.132687181
vn 0.883632481 -0.456844002 -0.102407403
vn 0.89911598 -0.433264285 -0.0622297488
vn -0.320164263 -0.942921996 0.091613099
vn 0.893764496 -0.426179558 -0.139843509
vn 0.888360381 -0.439918727 -0.131480992
vn 0.920787096 -0.387405902 -0.0454729684
vn 0.941062391 -0.302617699 0.151076496
vn -0.368538201 -0.929477513 -0.0158536993
vn -0.186233401 -0.950373113 0.249215305
vn 0.925113797 -0.372497112 0.0735559389
vn -0.240227893 -0.961961925 0.130076706
vn -0.369698972 -0.928992093 -0.0172143485
vn 0.945692718 -0.298609912 0.128442496
vn -0.133084506 -0.951843619 0.276192486
vn -0.294194192 -0.948560417 -0.116974697
vn 0.9569543 -0.163413987 0.239863172
vn -0.27351898 -0.959822893 -0.0626685545
vn -0.260313511 -0.96525377 0.0228503905
vn 0.976529121 -0.212920099 0.0324958488
vn 0.984858096 -0.149418384 0.0879125446
vn -0.153463304 -0.978904009 0.134892598
vn 0.966931522 -0.162583306 0.196494907
vn -0.158690497 -0.978296816 0.133239195
vn 0.962256908 -0.26774767 -0.0487111136
vn 0.980645776 -0.195669398 0.00688123703
vn -0.1352534 -0.979908824 0.146578401
vn 0.954464912 -0.103922904 0.2796368
vn 0.972474992 -0.230270877 -0.0356047079
vn -0.183316201 -0.983052015 0.0019971719
vn 0.960129201 -0.248903766 -0.127274483
vn -0.139615819 -0.990086794 0.0153526021
vn -0.0953558609 -0.993913472 0.0551671311
vn -0.207568794 -0.965588272 -0.156698793
vn 0.984707296 -0.0646013618 0.161797196
vn -0.13223289 -0.990635991 -0.0339822061
vn -0.148950607 -0.987699926 -0.0475681983
vn 0.00977593567 -0.977213502 0.212033898
vn 0.99007988 -0.101635598 0.0970161483
vn 0.963884771 -0.228156507 -0.137370795
vn -0.00534600019 -0.985391676 0.170219794
vn -0.0986676216 -0.992223501 -0.075876832
vn -0.0891853496 -0.990470171 -0.104951598
vn -0.0994774103 -0.987616777 -0.121315099
vn 0.0190895107 0.995864093 -0.0888280794
vn 0.983179688 -0.124800898 -0.133351102
vn 0.994432092 -0.0672881007 -0.08109992
vn 0.0695488304 -0.991493702 0.110014282
vn 0.983400702 -0.116388097 -0.139201403
vn 0.076669991 -0.986837029 0.142388806
vn 0.966952622 0.0941872522 0.236920893
vn -0.990439892 -0.0712836832 -0.118099682
vn 0.178759903 -0.965283215 -0.190455496
vn 0.984912515 0.0573171899 0.163285494
vn 0.115348101 -0.991257191 0.0640624687
vn 0.988584399 0.0880690292 0.122249514
vn 0.101842299 -0.994794488 0.00346720195
vn 0.114698283 -0.991444409 0.0623079427
vn 0.985089123 0.105314396 0.136045307
vn 0.0832678676 -0.995744526 -0.0394905843
vn 0.039549578 -0.98844099 -0.146356687
vn 0.999197304 0.00363206794 0.0398965999
vn 0.94686377 0.185164198 0.262989193
vn 0.996783197 0.0709354877 -0.037304163
vn 0.997273088 0.054190509 -0.0500982404
vn 0.990122378 0.0656499192 -0.123886198
vn 0.988598406 0.0480601117 -0.142700806
vn 0.0370553099 -0.988818705 -0.144445598
vn 0.1966957 -0.952424884 0.232803896
vn 0.234617993 -0.936339915 0.261193514
vn 0.996710718 0.0689233467 0.0426307283
vn 0.98898989 0.0983768702 -0.110549301
vn 0.0878892392 -0.995241284 -0.0420752652
vn 0.13616772 -0.990187824 0.0314112343
vn 0.230045393 -0.958764315 0.166883707
vn 0.933198094 0.26172334 0.246256635
vn 0.984360099 0.176110998 0.00449377205
vn 0.258759111 -0.952651501 0.159683898
vn 0.970961809 0.199569196 0.131928995
vn 0.220684305 -0.972501695 -0.0744236112
vn 0.295649201 -0.947624922 0.120824903
vn 0.987002611 0.160650298 0.0041761389
vn 0.224768296 -0.966219604 -0.126090705
vn 0.936634779 0.308891207 0.165231794
vn 0.949483216 0.307195395 0.064129822
vn 0.380785495 -0.894703805 0.233468398
vn 0.423434943 -0.867771208 0.260146171
vn 0.416974247 -0.887352824 0.196818829
vn 0.9533571 0.297389388 -0.0516708381
vn 0.949780226 0.307755113 0.0566061698
vn 0.257413894 -0.955570281 -0.143609494
vn 0.873328328 0.41438815 0.256086528
vn 0.84852159 0.455168158 0.269876242
vn 0.372265309 -0.923116207 0.096307449
vn 0.917740405 0.364006013 0.158909902
vn 0.432589799 -0.894779027 0.110619903
vn 0.95037061 0.27814427 -0.139396787
vn 0.965286791 0.233306602 -0.1174284
vn 0.90197742 0.409449697 0.137068495
vn 0.904044926 0.40879029 0.124873601
vn 0.380346268 -0.920856297 0.0857931972
vn 0.349921376 -0.936600506 0.0182899777
vn 0.374990135 -0.92631042 0.0364915729
vn -0.708129227 -0.687011719 0.162996501
vn 0.377946109 -0.925523102 -0.0237426106
vn 0.367300928 -0.919283926 -0.141447112
vn 0.917099595 0.375218302 -0.134683296
vn 0.3730115 -0.927209318 -0.03384405
vn 0.911129594 0.411556691 0.0215418302
vn -0.806697309 -0.551168323 0.213196993
vn 0.363918602 -0.93043083 -0.0431471393
vn 0.484464496 -0.861833513 0.150123999
vn 0.917912126 0.373666197 -0.133457497
vn 0.928056896 0.369782597 -0.0443987213
vn 0.584450185 -0.801204383 0.1284118
vn 0.932083189 0.358732373 -0.0503185838
vn 0.406336904 -0.910941303 -0.0712485909
vn 0.908065796 0.409488827 -0.0879508704
vn -0.842523694 -0.534349144 0.0680057332
vn 0.416913897 -0.903444886 -0.099851191
vn -0.814157724 -0.563888371 0.1384819
vn 0.398191661 -0.908365548 -0.127732709
vn 0.569012403 -0.7786116 0.264554292
vn 0.566985071 -0.813423514 0.129885107
vn -0.803533077 -0.580514014 0.131674394
vn 0.519506633 -0.852548003 0.0572273768
vn 0.522186816 -0.85120368 0.0526622497
vn -0.812907398 -0.582037508 0.0203438904
vn 0.622047603 -0.763127327 -0.175195798
vn -0.714542031 -0.651981831 0.253671944
vn -0.811467886 -0.581302822 -0.0600574613
vn -0.826357126 -0.552395165 -0.109515913
vn 0.579886198 -0.814574301 0.0141680203
vn 0.518335342 -0.843610406 -0.140177891
vn 0.558172226 -0.826264024 -0.0757078528
vn -0.81986618 -0.558902502 -0.124288201
vn -0.745630383 -0.655110419 0.121925399
vn 0.601904929 -0.787208974 0.134210706
vn -0.780302703 -0.624013722 -0.0416505896
vn 0.558183968 -0.820139766 -0.125703588
vn -0.8086707 -0.572876275 -0.13365832
vn -0.666985273 -0.707667708 0.233103096
vn 0.676654279 -0.709418893 0.197139204
vn 0.695254385 -0.713801205 0.0843158886
vn -0.735912979 -0.676922917 0.0144042298
vn -0.767430484 -0.641121864 0.00362396147
vn 0.630313337 -0.775189519 -0.042266544
vn 0.63633579 -0.771409571 0.00203406811
vn 0.656190395 -0.75454551 0.00867390633
vn -0.654408216 -0.744169414 0.134021595
vn 0.734413624 -0.649480522 0.197006896
vn 0.646557331 -0.748515785 -0.147267908
vn -0.631204844 -0.761243761 0.148621291
vn 0.777553797 -0.58592701 0.228253603
vn 0.757350504 -0.65300715 0.00137179985
vn -0.660551786 -0.750680625 0.0122464802
vn -0.681121111 -0.719610453 -0.135036379
vn 0.795939982 -0.587985098 0.144059405
vn 0.734920502 -0.671865106 -0.0921370909
vn -0.615662277 -0.787263811 0.0342881009
vn -0.61396122 -0.786260426 0.069614701
vn -0.655360401 -0.746906579 -0.112398297
vn -0.511057615 -0.8244403 0.243142575
vn 0.793525696 -0.597555161 0.115087114
vn -0.555449486 -0.816257775 0.158742696
vn -0.665312111 -0.74134022 -0.088173978
vn 0.767836511 -0.635238647 0.0830609277
vn 0.775087893 -0.625720441 0.0878222585
vn 0.739164293 -0.664489985 -0.109951504
vn -0.463759989 -0.845849693 0.263562202
vn -0.627625704 -0.777752876 -0.0344473086
vn 0.792054892 -0.609525502 0.0335826203
vn -0.856241882 -0.516459525 0.0109333303
vn 0.766183615 -0.64261502 -0.00294280006
vn 0.672765672 -0.739847302 0.00351035502
vn 0.915544629 -0.402207285 0.00272977306
vn 0.903046906 -0.429537535 0.00196134974
vn 0.999932766 0.0105515691 0.00480431272
vn 0.902394176 -0.430869907 0.00598895503
vn 0.606686831 -0.794939697 0.00139731087
vn 0.974440396 -0.224645063 0.000694648887
vn 0.984033287 -0.177959681 0.00296383956
vn 0.990856111 0.134827495 -0.00508487178
vn 0.950220406 0.311526775 -0.00567394355
vn 0.624674439 -0.780885398 4.03494996e-05
vn -0.594398141 0.160964012 0.787896991
vn -0.670173407 0.209421203 0.712046683
vn 0.358294696 -0.663828373 0.6564731
vn -0.700572908 -0.120701604 0.703298509
vn -0.564523458 -0.157957584 0.810162067
vn -0.536650777 -0.290545911 0.792205215
vn -0.70020628 -0.0243233405 0.713526189
vn 0.243250296 -0.512284875 0.823646486
vn -0.662650645 -0.406329751 0.629118741
vn -0.289342999 -0.230484501 0.929062784
vn -0.534074068 0.0683901832 0.842666984
vn -0.667227983 -0.598980904 0.442751408
vn -0.290643305 -0.409244001 0.864896476
vn -0.223992899 -0.000904618995 0.974590421
vn -0.289764494 0.340339214 0.894542217
vn -0.33991769 0.470525414 0.814286113
vn -0.489416391 0.620326102 0.612917006
vn -0.097791791 -0.260301709 0.960562229
vn -0.416404188 -0.61589402 0.668791592
vn -0.498660296 0.729673326 0.467883408
vn -0.409206599 -0.743092299 0.529493928
vn -0.318367004 0.186275005 0.929485917
vn -0.0852447599 -0.549428463 0.831180871
vn -0.371193111 0.254851788 0.892897725
vn -0.683085322 0.514304876 0.518541276
vn -0.649636269 0.403750241 0.644172728
vn -0.165037319 -0.757586896 0.631525874
vn -0.121191785 -0.915699005 0.383155048
vn -0.66544956 0.386422843 0.638634741
vn -0.0589795038 0.0121981483 0.998184681
vn 0.089545846 -0.570750237 0.816226602
vn 0.122974202 -0.470379114 0.873854101
vn 0.105341896 -0.813905478 0.571367621
vn -0.179550305 -0.328939289 -0.927124977
vn -0.134857193 -0.116821997 -0.98395443
vn -0.121722512 -0.0505201891 -0.991277695
vn -0.167278782 0.112866282 -0.979427874
vn -0.681892753 -0.731441259 -0.00399947073
vn 0.58450675 -0.811385393 0.00237089279
vn 0.693109512 -0.720832288 -0.000281331973
vn 0.672798514 -0.739825189 0.000969985966
vn -0.998370707 0.0563225113 0.00915241241
vn 0.00215274002 -0.000528240984 0.999997616
vn 0.000508701953 0.00170052005 0.99999851
vn 0.000379127945 0.00290214969 0.999995708
vn 0.00228917506 -0.00352883292 0.999991179
vn 0.00167042005 -0.00378602697 0.999991477
vn 0.00129675784 0.00219762279 0.999996781
vn 0.000375593925 0.000734265835 0.999999702
vn 0.0169141199 -0.0392730199 0.999085426
vn -0.0222193003 0.0607259795 0.997907221
vn 0.00118148304 0.055414021 -0.998462796
vn 0.00674086809 0.0194166303 -0.999788821
vn 0.0101739708 0.0445774123 -0.998954237
vn 0.0238069799 0.0286393091 -0.999306321
vn -0.00523149921 0.0327333212 -0.999450505
vn 0.0217732694 0.0252104905 -0.999445021
vn 0.02287817 0.0251249596 -0.999422491
vn -0.00578933861 0.0303550866 -0.999522388
vn -0.0196936708 0.0428091809 -0.998889208
vn 0.0293753706 0.00592851592 -0.999550879
vn -0.0207410976 0.0426540859 -0.998874605
vn 0.0323791467 0.0142249381 -0.99937439
vn 0.00986772683 0.0165609699 -0.999814212
vn -0.0222356301 0.0224516299 -0.999500692
vn 0.0355714522 0.00141721917 -0.999366224
vn -0.0221055076 0.0220744573 -0.999511898
vn -0.0454568192 0.0273096506 -0.998592973
vn 0.0355682895 0.00142335799 -0.999366224
vn 0.02988654 0.00943922903 -0.999508798
vn -0.0455036089 0.0299052503 -0.9985165
vn 0.0239800196 -0.00792270806 -0.999681115
vn 0.0437585674 -0.023610346 -0.998763084
vn -0.0211297777 0.0046196566 -0.999766052
vn 0.0407107435 -0.0177053828 -0.999014199
vn -0.0467205569 -0.00172519579 -0.998906493
vn 0.0265750755 -0.0228086673 -0.999386609
vn 0.0336329304 -0.0244590603 -0.999134898
vn -0.043155428 0.00388377858 -0.99906081
vn 0.0273804609 -0.0307905003 -0.999150813
vn -0.0193885528 -0.010584591 -0.999756098
vn -0.0311700702 -0.01147174 -0.999448299
vn 0.0211148802 -0.0369267389 -0.999094903
vn 0.0114457589 -0.0326107666 -0.999402583
vn 0.0115444604 -0.0239294693 -0.999647081
vn 0.00931537058 -0.036602851 -0.999286473
vn -0.0282120109 -0.0226748493 -0.999344826
vn -0.0187665205 -0.0188567005 -0.999646127
vn 0.00475156307 -0.0428699218 -0.999069393
vn -0.0163449608 -0.0350352488 -0.999252498
vn -0.00749617815 -0.0281800609 -0.99957478
vn -0.00810003188 -0.0290753804 -0.999544501
vn -0.705153763 -0.708576322 0.026034886
vn -0.570464551 0.82095021 -0.0247180965
vn -0.506411612 -0.861802161 -0.0290548168
vn -0.707303405 0.706033587 0.0351925418
vn -0.821649492 0.569614708 -0.0207656603
vn -0.224815398 -0.974352777 0.00973176863
vn -0.257173508 -0.966049314 0.0247124992
vn -0.976864994 0.213640302 0.00962901115
vn -0.979118526 0.203258604 0.00359636499
vn 0.0999465361 -0.994442105 -0.0330992863
vn 0.330976725 -0.943157196 0.0301501732
vn 0.456866056 -0.889256299 -0.0222901721
vn -0.97692591 -0.211708501 -0.0282022301
vn -0.938221574 -0.345161498 0.0245763604
vn -0.814231038 -0.580167174 -0.0208347421
vn -0.53965342 0.338195503 0.770972073
vn -0.770820975 0.623424709 -0.131059706
vn -0.770765185 0.623664796 -0.130242899
vn 0.398129493 -0.866021097 -0.302490205
vn -0.351008207 -0.523061097 -0.776659727
vn 0.327940166 -0.557755768 -0.762472093
vn -0.471713901 0.381924003 -0.794745326
vn -0.0925937817 -0.165806994 -0.981801629
vn -0.540349364 -0.256859273 0.801277697
vn -0.305095226 -0.922777116 0.23537083
vn -0.816396475 -0.330674112 -0.473446399
vn -0.423609406 0.142305702 0.894597292
vn -0.915190101 0.35446471 -0.191786304
vn -0.474507004 -0.197232798 0.857870877
vn -0.128401905 -0.987925887 -0.0866919085
vn -0.908602476 0.4169752 0.0239428803
vn -0.133787587 -0.56996876 -0.810701191
vn -0.0462906882 -0.48270151 0.874560714
vn -0.568822026 -0.123191185 -0.813182294
vn -0.543408096 0.102342002 0.833207011
vn -0.174576595 -0.928522587 0.327671796
vn -0.901709378 -0.381399542 -0.203603774
vn -0.157240599 -0.601265609 -0.783425272
vn -0.257616997 -0.126424 -0.957940817
vn -0.941538215 -0.323661 0.0935379788
vn -0.431017429 0.250497162 -0.866876602
vn -0.0424363017 -0.189196497 0.981021821
vn 0.1775866 -0.353604198 -0.918382883
vn -0.940741181 0.200078771 0.273814559
vn 0.0357165299 -0.0576290414 0.997699022
vn -0.125631779 -0.989291489 -0.0742897242
vn -0.456570715 0.660589874 0.595956624
vn -0.358443528 0.569966078 0.739362538
vn -0.650632322 0.136454403 -0.747032702
vn 0.0486714803 -0.365873486 0.929391026
vn -0.00205236627 -0.486650348 -0.873594522
vn -0.80289048 -0.513945401 0.302038193
vn -0.530675113 0.845388591 -0.0608450696
vn -0.475508213 -0.444668204 0.759053528
vn -0.421236604 -0.298534811 -0.856409192
vn -0.500804663 0.0676856562 0.862909794
vn -0.511521697 -0.492810696 -0.703905702
vn -0.297335625 0.466350168 -0.833132207
vn -0.411223114 -0.33570841 0.847464204
vn -0.699344635 -0.673342884 -0.23984693
vn -0.558004022 0.804643571 -0.202929601
vn 0.184077904 -0.916420579 -0.355371296
vn -0.990242898 0.0257834699 0.136946097
vn -0.803682387 0.242339402 -0.543476105
vn 0.0701453537 -0.84038949 0.537424564
vn -0.997774303 0.0642024204 -0.0180163905
vn -0.306895763 -0.519572556 0.797407985
vn 0.0628003404 -0.57408458 -0.816384077
vn -0.497625411 -0.0787259936 -0.863812029
vn 0.0533094406 -0.299032986 0.95275259
vn -0.578742266 -0.0403526351 0.814511597
vn -0.629169405 -0.0689375401 0.774205029
vn 0.308057368 -0.947145998 0.089526765
vn -0.209069669 -0.437275141 0.874688685
vn 0.0597580001 -0.586195111 -0.807963073
vn -0.416413903 0.331564397 0.846560478
vn -0.514395237 -0.849516094 0.117133215
vn -0.92169708 -0.177737206 -0.344795793
vn -0.352926493 0.243649304 -0.903370321
vn -0.664642513 -0.746906221 -0.0195332095
vn -0.477175087 -0.874746323 -0.0843974873
vn 0.422964901 -0.788716018 0.446125388
vn 0.216495201 -0.975798011 -0.0307930708
vn -0.999058127 -0.0167719107 0.0400218293
vn -0.99745822 -0.0687712431 -0.0186461806
vn 0.439705402 -0.895361423 0.0706191584
vn -0.939023614 -0.343848795 0.00164836599
vn -0.922448575 -0.384546191 0.0348265693
vn -0.777737796 -0.627512813 0.0367637165
vn -0.749566972 -0.661928475 -0.000258444983
vn -0.655387223 0.754582882 0.0327449962
vn -0.709030807 0.705019474 -0.0149301197
vn -0.50960952 -0.859247029 0.0446410701
vn -0.50270921 -0.863621771 0.037959151
vn -0.844717979 0.531784415 0.0604731403
vn -0.90744251 0.419687897 -0.0202544294
vn -0.216487765 -0.976176202 0.0145974681
vn -0.187132508 -0.981575429 0.0386176743
vn 0.113947816 -0.992251992 0.0495182276
vn -0.980507195 0.181665495 0.074855797
vn -0.920713782 -0.209021166 -0.329539478
vn 0.475095063 -0.879627049 0.023260951
vn -0.140566707 -0.280515492 0.949500978
vn 0.139255106 -0.453341991 -0.880391419
vn -0.457709342 0.421308845 -0.782943785
vn -0.247865394 0.0749640986 0.965889812
vn -0.528003573 -0.0567014813 -0.8473472
vn -0.824666977 0.434497595 0.362127393
vn -0.413376004 -0.910559595 0.00122165598
vn -0.302060097 -0.790731072 0.532450974
vn -0.391831487 -0.203173399 0.897323072
vn -0.270002514 -0.703608274 -0.657293022
vn -0.902610779 -0.360661 0.2349841
vn -0.336682409 0.122289002 0.933643579
vn -0.0566436015 -0.486860603 0.871641219
vn -0.0939108729 -0.151377499 -0.984004974
vn -0.197625771 -0.850380182 -0.487644851
vn -0.441619247 -0.540121853 0.716408253
vn 0.00174856081 0.0202044789 0.999794304
vn -0.0502468832 -0.595641255 0.801677406
vn -0.463856906 -0.231007293 -0.855261624
vn -0.975577474 0.200914994 -0.0887801573
vn -0.907773912 0.283176005 0.309447914
vn -0.605928481 -0.22473073 -0.763116598
vn -0.587443411 0.248363107 -0.770211697
vn -0.117296197 -0.885141909 0.450294912
vn -0.0399845801 -0.99150908 0.123737603
vn -0.230667502 -0.214036405 0.949200213
vn -0.099837102 -0.450381041 -0.887236953
vn -0.824065208 -0.517182827 -0.231167465
vn -0.216091007 0.375164211 0.901419222
vn -0.543470323 0.243251696 -0.80341059
vn -0.481140167 0.845359147 0.232104123
vn 0.0370959044 -0.305899024 0.951341093
vn -0.323518515 -0.0171453301 0.946066499
vn 0.0059440122 -0.906963587 -0.421167046
vn -0.276303113 0.496004611 -0.823186517
vn 0.0322814547 -0.958246291 -0.284116328
vn 0.106409587 -0.9815377 0.158936188
vn 0.00196891977 -0.259782881 -0.965665102
vn -0.985544503 0.166368186 0.0319950469
vn -0.70093137 -0.704058707 0.114002503
vn -0.354113609 -0.0123279002 0.935121179
vn -0.920460999 -0.00159174181 0.390831143
vn -0.459333539 0.0436956175 -0.887188494
vn -0.993898392 -0.108487897 -0.0199086592
vn -0.461660206 -0.406006902 -0.788687706
vn -0.380242795 -0.365799308 -0.849474192
vn -0.938760281 0.0732590482 -0.336693108
vn 0.123486802 -0.366014093 0.922379971
vn -0.112635583 -0.162166089 0.980313897
vn -0.64295876 -0.00550097134 -0.765881062
vn -0.414030701 -0.532772303 0.738059878
vn -0.487593502 0.489467412 -0.722962201
vn -0.455904603 -0.882671297 -0.114203699
vn -0.699244797 0.644548178 0.309215903
vn 0.304021508 -0.816528678 0.490766704
vn 0.14400579 -0.635514259 -0.75854069
vn -0.282973707 0.208487496 0.936193883
vn -0.556130767 -0.754985094 -0.34744218
vn -0.46937269 -0.212245107 0.857112229
vn -0.987832785 -0.122416183 0.0959199443
vn 0.120375 -0.843887389 -0.522842228
vn 0.106271297 -0.152228102 0.982615411
vn -0.202860698 0.167110801 0.964842796
vn 0.402865648 -0.877662778 0.25962916
vn -0.762265801 0.62951225 0.150549486
vn -0.963306785 -0.263859212 0.0491770506
vn -0.90629679 -0.402789712 0.128010496
vn -0.818792403 -0.571976125 0.0492181703
vn -0.715370476 -0.687139988 0.126821905
vn -0.567447901 0.821560204 0.0551528893
vn -0.533306122 0.840921581 0.0918458104
vn -0.583147824 -0.810853124 0.0495580994
vn -0.371246308 -0.925416529 0.0760297105
vn -0.448555142 -0.887511969 0.105454989
vn -0.782697797 0.612666905 0.1096517
vn -0.8226704 0.564977825 0.0633518025
vn -0.22906363 -0.96602869 0.119660415
vn -0.929794788 0.362103313 0.0660524294
vn -0.0596601218 -0.996842384 0.052402541
vn -0.948026597 0.29782784 0.112001412
vn 0.0637508035 -0.991274774 0.1153697
vn -0.996475101 0.0636420175 0.0546542406
vn 0.314073741 -0.946716726 0.0713113546
vn 0.315744489 -0.946290016 0.0695743486
vn -0.991082788 -0.0524296686 0.122499399
vn 0.365033984 -0.924829781 0.106958583
vn -0.376149446 -0.592024565 -0.71275425
vn -0.154130906 0.0733408928 0.9853248
vn -0.582886875 -0.724888384 -0.367123604
vn -0.339889616 -0.460519046 -0.819998443
vn 0.0112164002 -0.0282385908 0.999538302
vn -0.530676007 0.369167209 0.762953818
vn -0.520450711 0.365976483 -0.771486998
vn 0.171642914 -0.958721697 -0.226696834
vn -0.441413611 -0.897171617 0.0154020702
vn 0.114667512 -0.331018925 -0.936631203
vn -0.343969107 0.220739007 0.912666202
vn -0.931641281 -0.204553306 0.300337404
vn -0.824762702 0.554458082 -0.1110982
vn -0.822058976 0.565191925 -0.0691164061
vn 0.39431271 -0.893356502 0.215480193
vn -0.934477508 0.354899228 0.0282580834
vn 0.260251403 -0.468815088 -0.844086289
vn -0.954710305 -0.263360292 0.138454393
vn -0.498932093 0.335424304 -0.799097896
vn -0.605171025 -0.167821601 -0.778205574
vn -0.328216314 -0.661545277 0.674264014
vn -0.274477005 -0.174824104 0.945568025
vn -0.687103748 -0.161622509 -0.70835495
vn -0.231531799 -0.417478293 -0.878695011
vn -0.117533684 -0.502007127 0.856839895
vn -0.624841511 0.0471445285 0.779326975
vn -0.820726395 -0.413627774 0.394107252
vn -0.240982801 -0.928790808 -0.281558186
vn -0.591280818 0.219348863 -0.776062489
vn -0.106576286 -0.111820787 0.987996757
vn -0.941829979 0.322619408 -0.0941968486
vn -0.934438884 0.354851872 0.030067917
vn -0.55191654 -0.285058022 -0.783664644
vn -0.764733791 -0.554216146 0.328674167
vn -0.341617912 0.0671443865 0.937437415
vn -0.218650103 -0.561268091 -0.798229516
vn -0.560298681 0.1919218 -0.805748999
vn -0.1690602 -0.985595703 0.00445789006
vn -0.791944146 -0.609550536 0.0356774926
vn -0.599376023 -0.418635696 -0.682270229
vn -0.0874608681 -0.633568823 -0.768727005
vn -0.0328495987 -0.194925696 0.980267823
vn -0.0274776164 -0.44222495 -0.896483183
vn 0.0534541011 -0.81147182 0.581941724
vn -0.620677114 0.682614088 0.385743409
vn 0.0143714501 -0.0199063402 0.999698579
vn -0.740047574 -0.639792919 0.207351595
vn -0.160899192 0.20346497 0.9657709
vn -0.436124951 0.503679037 0.74572283
vn -0.193635866 -0.241264567 0.950945079
vn -0.81646347 0.152772501 0.556819618
vn -0.535722613 0.634800971 0.556802511
vn -0.621766448 0.046384085 -0.781827986
vn -0.441485614 0.789650381 -0.426078409
vn 0.0340434909 -0.881110191 0.471684188
vn -0.988951504 0.0315141007 -0.144851297
vn -0.324995488 0.464670002 -0.823686719
vn -0.468613029 -0.404684335 -0.785259485
vn -0.325434893 -0.42485851 0.844741106
vn -0.300869793 -0.0611978099 0.951699674
vn -0.237019077 -0.0359769352 0.970838606
vn -0.616749108 0.786726475 0.0261182096
vn 0.160453603 -0.942756474 -0.292344004
vn -0.608536899 0.0412949882 -0.792450428
vn -0.586616635 -0.799921215 -0.126519307
vn -0.985726297 -0.161211684 -0.0485227033
vn -0.428838342 0.403358728 -0.808331192
vn 0.115455918 -0.354249537 0.927996397
vn 0.0485681817 -0.202877402 0.977998912
vn -0.987410963 -0.157434389 -0.0152956182
vn 0.226111725 -0.764627934 0.603504539
vn -0.70036298 0.69624579 0.157269105
vn -0.148416296 -0.977775514 0.148080394
vn -0.107817799 -0.980148315 0.166387007
vn 0.2347119 -0.95754832 0.167366505
vn -0.964561582 -0.201233998 0.170663401
vn -0.0726714656 0.99328959 0.0899700448
vn -0.984254181 -0.133604392 0.115730688
vn -0.185974106 0.967144072 0.173337802
vn -0.383886546 0.918226004 0.0974275246
vn -0.910973907 -0.39703095 0.111772388
vn -0.498134196 0.853441119 0.153299496
vn 0.849916577 0.505900621 0.147330895
vn -0.626839995 0.771400511 0.109603398
vn 0.756633401 0.645021021 0.107022703
vn -0.809511721 0.578010917 0.102928698
vn -0.872019112 0.465026498 0.152751997
vn 0.520399749 0.847560406 0.104045287
vn 0.462470412 0.875307202 0.141274795
vn -0.930770099 0.351015896 0.102249503
vn 0.261153311 0.958372176 0.115419701
vn 0.199044764 0.967060566 0.158666283
vn -0.971837997 0.17713739 0.155413181
vn -0.986724377 0.114856601 0.114816897
vn -0.866685808 -0.0145288678 -0.498642832
vn -0.996815383 0.0423976108 -0.0675396323
vn 0.0321364366 -0.993050694 0.113214985
vn -0.0139251295 -0.358713001 0.933344126
vn -0.420785546 0.316642135 0.850104392
vn -0.198428899 -0.266773909 -0.943110704
vn -0.238987863 0.00356686045 -0.97101599
vn -0.758040607 0.518310606 0.395889699
vn -0.769353271 -0.117080897 0.628002882
vn -0.183290601 -0.249096602 0.950976014
vn -0.533566952 -0.840164185 0.0971101373
vn -0.204149097 -0.350668401 0.913977504
vn -0.454343945 0.325327784 -0.829296887
vn -0.769479811 0.558731198 0.309386909
vn -0.522431672 -0.0774487779 -0.849156618
vn 0.055437319 -0.985103905 -0.162779301
vn -0.6246894 0.379996091 -0.682177484
vn 0.0097976923 -0.218894094 -0.975699425
vn 0.083564803 -0.567053914 -0.819430709
vn -0.784674883 -0.125478193 -0.607075512
vn -0.209473595 -0.101833202 0.972497225
vn -0.546455741 -0.799963117 0.247881636
vn 0.119083486 -0.320332557 0.939790487
vn 0.076720953 -0.246967897 0.965981781
vn -0.192448005 0.0292781498 0.980870306
vn -0.382771105 -0.610750377 -0.69315958
vn 0.219632298 -0.875513792 0.430392087
vn -0.686667919 0.331909388 0.646779299
vn -0.1369479 0.0346534215 0.989971995
vn -0.133564904 -0.294809103 0.946175516
vn 0.287034899 -0.925962627 0.245365605
vn -0.516368866 -0.199350074 0.832840085
vn -0.214742005 -0.351218402 -0.911335111
vn -0.927451193 0.372264862 0.0353988372
vn 0.179269299 -0.774826288 -0.606223404
vn -0.88030231 -0.381914198 0.281441808
vn 0.381163329 -0.754986405 0.533582151
vn -0.135402322 -0.351146638 0.926478505
vn -0.35761553 -0.932436943 0.0516979657
vn -0.917312324 -0.367456704 0.153342202
vn -0.249209806 0.0947149917 -0.963806808
vn -0.343465388 -0.141697899 -0.928414404
vn 0.420286149 -0.812623262 -0.403736144
vn 0.425560087 -0.815933824 -0.391344696
vn -0.379104912 -0.879329503 -0.288199991
vn -0.144413993 0.211576194 0.966633379
vn 0.105695084 -0.209965676 -0.971978903
vn -0.128243104 0.195176303 0.972347617
vn 0.147522196 -0.389622599 -0.90908277
vn -0.893316329 0.360800803 -0.267971814
vn -0.819473028 -0.3643758 -0.442373604
vn -0.616019607 -0.347949892 -0.706718326
vn -0.51128149 0.791855693 0.333999902
vn -0.179750904 -0.196094602 0.963969171
vn -0.122098804 -0.334239513 -0.934545815
vn -0.108458899 -0.233770996 -0.966223478
vn -0.926848292 0.263967872 0.266970456
vn -0.249694377 0.0950183645 -0.963651478
vn -0.646328509 0.159838706 0.746130824
vn -0.72759819 0.2070131 -0.65402329
vn -0.245497569 -0.930593908 0.271525264
vn -0.382145107 -0.296442211 0.875264108
vn -0.950835407 0.0735574886 -0.300834388
vn -0.0694411919 -0.358330995 0.931008518
vn -0.0844613388 -0.0756019354 -0.993554592
vn -0.1122007 -0.640182376 -0.759985209
vn -0.0703673214 -0.0101399394 0.997469604
vn 0.0602893718 -0.00242495467 0.998178005
vn -0.944724619 0.0308110695 0.326414108
vn -0.501711011 0.624809206 0.598247111
vn -0.137281597 -0.990527809 0.00291973306
vn -0.235560402 0.288913995 -0.927922428
vn -0.0467057154 -0.331667662 -0.942239404
vn -0.706982315 0.0345631801 0.706386209
vn -0.380774111 0.044692751 -0.923587382
vn -0.609413981 0.686591506 -0.396493196
vn -0.633048832 0.692527771 -0.345911235
vn -0.113659188 -0.486105949 -0.866477072
vn -0.186457306 0.198550403 -0.962190986
vn 0.0787914842 -0.996801198 -0.013386298
vn -0.74540329 -0.604794919 0.280351907
vn -0.728004634 -0.682942331 -0.059991762
vn 0.0445567295 -0.69512099 0.7175107
vn -0.256139219 0.17666012 0.95036
vn -0.373864979 -0.359561473 -0.854950607
vn -0.680605233 -0.613875031 -0.399917662
vn -0.875571609 -0.45185861 0.170874998
vn -0.763059497 0.517208934 0.387602061
vn -0.834827781 -0.545696199 0.0726514384
vn -0.787811995 -0.613503754 0.0544553213
vn -0.715054393 -0.69506228 0.0747374818
vn -0.0342625305 -0.937941611 0.345096797
vn -0.605703413 -0.793818474 0.0545487404
vn -0.567535877 -0.820871174 0.0638238117
vn -0.895068824 0.440430403 0.0698062703
vn -0.884771109 0.462578028 0.056583032
vn -0.894754529 0.438490003 0.0845037103
vn -0.795705378 0.603494823 0.0514484011
vn -0.808501422 0.584943175 0.0645523593
vn 0.0707455203 -0.994520903 0.0769631192
vn 0.0340941511 -0.997937679 0.0543879792
vn 0.0781038925 -0.993234098 0.0859409496
vn -0.107830398 -0.992211103 0.0623684488
vn -0.117467687 -0.991454601 0.0567373522
vn -0.547595501 0.833188176 0.0770500824
vn -0.423709303 -0.90416491 0.0543724187
vn -0.356697559 -0.931384206 0.0727339834
vn -0.613279641 0.787846982 0.0564380139
vn -0.275852561 -0.959168553 0.062458083
vn -0.191755727 -0.978649497 0.0739938691
vn -0.263839811 -0.963236272 0.0506409407
vn -0.72066319 0.6902318 0.0649980307
vn -0.131509006 -0.987322986 0.0888749287
vn -0.714848995 0.696493089 0.0623571798
vn -0.774823785 0.632161319 0.00448512938
vn -0.773712099 0.625128448 0.102878287
vn 0.125062093 -0.989003479 0.0789400935
vn -0.942974508 0.326188475 0.0663331598
vn 0.233445004 -0.969967723 0.0683083534
vn -0.951636672 0.300652802 0.0632103011
vn 0.297298282 -0.95055449 0.0897768661
vn -0.966059446 0.247958437 0.0724289492
vn -0.988225877 0.141624704 0.0578967892
vn 0.410951614 -0.908769608 0.0725026131
vn -0.996255517 0.0363984108 0.0784234405
vn -0.994885623 -0.0813324973 0.0598975383
vn -0.982984722 -0.169561207 0.0706413314
vn -0.972763598 -0.223557428 0.0612637475
vn -0.932127535 -0.356292933 0.0647592545
vn -0.919042587 -0.390785754 0.0514513738
vn -0.774968386 0.631980121 0.00501555204
vn 0.429188073 -0.90321523 0.000228220029
vn 0.41455704 -0.910021603 0.00176966074
vn -0.619832575 0.784720898 0.00455063488
vn -0.721974373 0.691915691 -0.0024074309
vn -0.543026865 0.839715302 0.00016891399
vn 0.143243298 -0.989683628 0.00279140403
vn 0.229219496 -0.973342717 0.00790649559
vn 0.0887190104 -0.996056318 -0.000924892025
vn -0.494095892 0.869407415 -0.000181711002
vn 0.180385694 -0.983583987 0.00486570504
vn -0.525889814 0.850551188 -0.00160503271
vn 0.101255387 -0.994848609 0.00485569146
vn -0.495986253 0.868204892 -0.0147646619
vn 0.0559999906 -0.998430789 0.000354338001
vn 0.125823498 -0.991909623 0.0168449804
vn -0.62319231 -0.781511903 0.0295050107
vn -0.78427732 -0.619736016 0.0289226696
vn -0.85741961 -0.512845576 0.0426749513
vn -0.929317713 -0.365027398 0.055889599
vn -0.863056898 -0.505070388 -0.00607132912
vn -0.685166121 -0.72838521 -0.00158542302
vn -0.134938195 -0.990850687 -0.00257742405
vn 0.0698210001 -0.985726118 -0.153196201
vn -0.0618542396 -0.998062074 0.00679647923
vn -0.0478789136 -0.998842895 0.0045277467
vn -0.228836104 -0.973462582 0.00216865493
vn -0.277072459 -0.960845709 -0.0025262828
vn -0.410003662 -0.912069798 0.00508117629
vn -0.950280011 0.309040397 -0.0382372104
vn -0.4877446 -0.872985423 -0.00130283798
vn -0.603884816 -0.797071099 -0.000983251957
vn -0.483497202 -0.874983788 0.0251778904
vn -0.59280926 -0.805342853 -0.000197276968
vn -0.618837178 -0.785512209 0.00332814408
vn -0.497919708 -0.867201924 -0.00607520295
vn -0.578354061 -0.815358996 -0.0263912044
vn -0.79119271 -0.611544013 0.00530517101
vn -0.811098218 -0.584823072 -0.0100855799
vn -0.917084396 -0.398691326 -0.00118535687
vn -0.93373251 -0.357900292 0.00714570191
vn -0.989012182 -0.147830382 -0.00104868389
vn -0.932522774 -0.360983312 -0.00961309578
vn -0.974117696 -0.226028606 0.00243747211
vn -0.95529598 -0.295632988 -0.00328862597
vn -0.961162686 -0.275924891 0.00564509584
vn -0.997238278 -0.0742421672 0.00200480199
vn -0.974690914 -0.223544493 0.00235897303
vn -0.938811719 -0.344429195 -0.00104474998
vn -0.999925017 -0.0118270498 -0.00319451001
vn -0.989462495 0.144638106 0.00662779808
vn -0.937473297 0.34805733 0.000141190016
vn -0.929051101 0.369945079 -0.00214350177
vn -0.916561723 0.399893403 0.000123468999
vn -0.0714107677 -0.99742198 -0.0070664878
vn -0.219966993 -0.975507081 -0.000767654972
vn -0.268045515 -0.963406205 0.000538605032
vn 0.153039902 -0.988215089 -0.0031340709
vn 0.300111204 -0.953901827 0.00216519809
vn -0.997563899 0.0694789812 -0.0062430501
vn -0.948001027 0.318266809 -0.000552850019
vn -0.986332119 -0.164727494 0.00373500492
vn -0.719249845 -0.694743931 -0.00324368454
vn -0.692718208 -0.721206725 -0.00155109097
vn -0.479863107 -0.877343178 0.000656625954
vn 0.0877523422 -0.996132612 -0.00441157818
vn -0.298502296 -0.954405904 0.00240129209
vn -0.978873491 -0.204460934 0.00161588122
vn 0.98558557 -0.169177994 2.03924992e-05
vn 0.993688107 -0.112172984 -0.0011072749
vn 0.990142584 -0.140062883 0.000309612951
vn 0.930283487 0.366830587 -0.00284039904
vn 0.516426027 0.856322527 0.00399714708
vn 0.616343975 0.787475109 -0.00179314602
vn 0.277324408 0.960771203 0.00314259506
vn 0.960929513 0.276782513 0.00245279004
vn 0.429036498 -0.903284907 -0.00201713992
vn 0.227904603 -0.973661125 0.00660776999
vn -0.745971918 -0.665976703 -0.00100564898
vn -0.568576276 -0.822565079 0.0103810402
vn 0.278585911 -0.96040988 -0.00167632103
vn 0.342576265 -0.939489603 0.000887446862
vn -0.583634436 -0.812014401 -0.0018630618
vn -0.241292268 -0.97044611 0.00352710346
vn -0.255625367 -0.966771781 0.00284379674
vn 0.612002611 0.790855408 0.000687317923
vn 0.652160943 0.758078992 0.00150072481
vn 0.731295586 0.682060421 -0.00065410696
vn 0.798041105 0.602603078 0.000100965997
vn -0.490480334 0.871447682 0.00280696084
vn 0.259435475 0.965758204 -0.00210332777
vn 0.183564901 0.98300451 0.00249272492
vn -0.02729767 0.999595821 -0.00794291403
vn 0.167747378 0.9858284 -0.00179374171
vn 0.49347046 0.869757295 -0.00305086351
vn 0.178299621 0.983974993 -0.00159484125
vn -0.269671202 0.962952316 0.00063119299
vn -0.838415802 0.54499507 0.00627010921
vn -0.761745453 0.647876143 -0.000602478918
vn -0.275001496 0.961443424 0.000903421955
vn -0.966023207 0.258397609 0.00547355413
vn 0.854907215 -0.518780589 0.000679512974
vn 0.660284281 -0.75101459 0.0014097091
vn 0.599604309 -0.800296605 -0.000409479981
vn 0.912130475 0.409892589 -0.0024633999
vn 0.853947699 -0.520357311 -0.00123125291
vn 0.879405379 0.47606051 0.00355684711
vn 0.959040105 -0.283265382 0.00168871775
vn 0.962757826 -0.270355493 0.00231039501
vn -0.963828504 -0.266519099 -0.00153321004
vn -0.938257575 -0.345936984 0.000541088928
vn -0.946797788 -0.321828902 0.00047107198
vn -0.310115904 -0.950697005 -0.00184810103
vn -0.148202196 -0.988956571 -0.000998136937
vn 0.119711183 -0.992711306 0.0139132077
vn -0.680011392 -0.733197629 0.00242406107
vn 0.226027369 -0.974110305 -0.00456058839
vn -0.807527423 -0.589815795 -0.00410431577
vn -0.62937206 0.77701968 -0.0114540393
vn -0.770116627 0.637902915 -0.000525765005
vn -0.478887409 0.877730906 -0.0159789305
vn -0.90038538 -0.435090303 -0.00159776199
vn -0.738786042 0.673940063 -0.000136711984
vn -0.89297998 -0.450096488 -0.000133448004
vn -0.959799528 0.280672491 0.00281667709
vn -0.97550112 0.219994694 3.33179996e-05
vn -0.258749723 0.965937197 0.00374573446
vn 0.912289977 0.409401089 -0.0108533502
vn -0.490152806 0.871635914 -0.00109648705
vn -0.959219992 0.282652497 -0.00213569403
vn -0.991968155 0.126446083 0.00325244549
vn -0.736775994 0.676132202 0.00254684594
vn -0.99288398 -0.119039796 -0.00330007006
vn -0.589797318 0.807541072 -0.00406825496
vn 0.983171105 0.182686299 -0.000636005017
vn 0.956950009 0.290237576 -0.00296509149
vn 0.897921622 0.440154314 -0.000976525946
vn 0.311208665 0.950339794 -0.00184667076
vn 0.146406084 0.989224553 -3.24826942e-05
vn 0.0271404907 0.999613106 0.00609451486
vn -0.438283801 0.898826122 -0.00435143709
vn 0.67557168 0.737290084 0.00250118901
vn -0.170751512 0.985311747 0.00219726516
vn 0.803147316 0.595767677 -0.00392007781
vn 0.731228113 0.682101071 -0.00660806801
vn 0.673061728 0.739310384 0.0202015005
vn 0.413644046 0.910275698 -0.0172246583
vn 0.758753181 -0.650995076 0.0223389808
vn 0.327961415 0.944493294 0.0193371717
vn 0.825970471 -0.563351691 -0.0201928001
vn 0.949498177 -0.3135975 0.0104848696
vn 0.974068582 -0.225701004 -0.0157943908
vn -0.0377283618 0.999131382 -0.0176922008
vn -0.187343091 0.981689692 0.0344672166
vn 0.996742487 0.0799465105 -0.0106346002
vn 0.99919802 0.0399637818 0.00252002408
vn -0.325392902 0.945540905 -0.00847816374
vn 0.893020093 0.44967863 -0.0174408481
vn 0.915565133 0.402152449 0.00376236439
vn 0.406807601 0.876153111 -0.258579701
vn 0.537302077 0.843096197 -0.0222600121
vn -0.00722062495 -0.0189721491 -0.999794006
vn 0.568603516 0.145147607 0.809705079
vn 0.796147704 -0.603692472 -0.0412824713
vn 0.467411488 0.86183989 0.196872205
vn -0.263667405 0.373503208 -0.8893677
vn 0.951681077 0.250768214 -0.177252695
vn 0.833489597 -0.443365544 0.329730183
vn 0.502826214 -0.423015088 -0.753806412
vn 0.591129124 -0.362876803 0.720337987
vn 0.226697505 -0.154322803 -0.961661518
vn 0.447336286 0.284583986 0.847881079
vn 0.954436719 0.284824997 -0.0890247226
vn 0.361284792 0.920321107 -0.1499414
vn 0.79609561 -0.511966765 -0.322679073
vn 0.42961663 0.281154066 0.858126998
vn 0.275167286 0.828158677 0.4882994
vn 0.407181948 0.107523285 -0.906995893
vn 0.127402306 0.333308101 -0.934170425
vn 0.133530989 0.839287102 -0.527035654
vn 0.874977231 0.459493846 0.152579308
vn 0.822595894 0.521866262 -0.225813076
vn 0.0636395141 0.289606869 0.955027699
vn 0.491608143 -0.116753489 0.862954199
vn 0.511817813 0.265084505 -0.817173719
vn 0.946823776 -0.320300192 -0.0305378996
vn 0.0505918115 0.997342885 0.0524188727
vn 0.534322679 0.26849401 -0.801505029
vn 0.0577583313 0.373229712 0.925939322
vn 0.245214507 -0.507062376 0.826291502
vn 0.598362267 -0.200929776 -0.775622189
vn 0.402805835 -0.0945420638 -0.910389602
vn 0.942773521 -0.215115607 -0.254761606
vn 0.114794597 0.900056005 -0.420382589
vn -0.0129131004 0.291730613 -0.956413388
vn 0.749640942 0.025544636 0.661351562
vn 0.36554879 0.404121697 0.838486612
vn 0.650194347 -0.739028335 0.176307917
vn 0.345505267 0.347316176 0.871778369
vn 0.995719373 -0.0519379303 -0.0764561817
vn -0.0700132176 0.952756286 0.295556486
vn 0.250817209 -0.280938506 0.926371574
vn 0.526851535 -0.0363145433 0.849181294
vn -0.0390123092 0.980837405 -0.190882206
vn 0.630172431 0.759125233 0.163131014
vn 0.634301484 -0.735535502 0.238010898
vn -0.111637801 0.317079097 -0.94180572
vn 0.680277705 0.724322319 -0.112158701
vn 0.528880596 -0.619355083 -0.580245376
vn -0.0555584468 0.416871667 0.907265902
vn -0.166306898 0.639947116 0.75020647
vn 0.441461712 -0.0106242802 -0.897217274
vn 0.967947304 0.0278147403 -0.249608696
vn -0.300803095 0.945892692 0.121673703
vn 0.387110442 0.494992226 -0.777899802
vn 0.116797797 0.177902207 0.977092206
vn 0.587893188 0.1415627 0.796455681
vn -0.2425192 0.948116601 -0.205571204
vn 0.570521116 0.0472304113 -0.819923699
vn -0.02188503 0.0190297309 0.99957943
vn 0.232757777 0.590699017 0.772592008
vn -0.214856476 0.414594233 -0.884278357
vn 0.788043797 -0.552260041 0.272022039
vn 0.884506404 0.466396898 -0.0110624405
vn 0.843533516 0.535442173 0.0418674909
vn 0.604494691 -0.79647249 -0.0147586996
vn 0.634518325 0.772726178 -0.0167551599
vn 0.672907829 0.739482403 0.0189985596
vn 0.682048738 -0.73029834 0.0383924246
vn 0.482038796 0.87303561 0.0738074705
vn 0.826126993 -0.563472867 -0.00353252748
vn 0.88979888 -0.450315535 0.0739853233
vn 0.209684893 0.977048278 0.0375378095
vn 0.169720799 0.985480428 -0.00482761813
vn 0.962071121 -0.272655189 -0.008853673
vn -0.0628036782 0.998021901 0.00283825304
vn -0.121051297 0.991852522 0.0396897085
vn 0.995299995 -0.0730648711 0.0635578707
vn 0.996870995 0.0772590563 -0.0167090185
vn -0.426324606 0.903575122 0.0424204394
vn -0.379699349 0.925102472 0.00370532158
vn 0.968990505 0.237988964 0.0664731711
vn 0.771724641 -0.569554567 -0.282929122
vn 0.703947306 -0.65772748 0.2680538
vn 0.0379455015 0.078979671 0.996153772
vn 0.801661909 -0.484399974 0.350278527
vn 0.875220418 -0.479770005 0.0617259704
vn 0.205923393 0.622509718 0.755034626
vn 0.937220395 0.157768101 -0.311010092
vn 0.421320707 -0.311670989 -0.851674914
vn 0.4227992 0.905208588 0.0428755805
vn 0.163767904 0.0932394192 0.982082725
vn 0.507747293 0.187042207 0.840956628
vn 0.496851712 0.712219775 0.495864302
vn 0.221138805 0.656086981 0.721559107
vn 0.207087502 0.358382493 -0.910316885
vn 0.733985424 0.349765688 0.582176507
vn 0.839984477 -0.494705886 -0.222917601
vn 0.205407977 0.978654683 -0.00652134325
vn 0.925015211 0.376026005 -0.0543252788
vn 0.910852909 0.392608613 -0.127300605
vn 0.47803697 -0.327474743 -0.815009892
vn 0.0184499603 0.219206393 0.9755041
vn 0.686775327 0.274735212 -0.672949016
vn 0.386344701 0.200139493 -0.900378823
vn 0.121269099 0.565756679 -0.815605998
vn 0.817872226 -0.3538104 0.45376569
vn 0.164859101 0.980948687 0.102768302
vn -0.01494091 0.749339223 0.662017822
vn 0.957054079 -0.283047915 -0.0627008006
vn 0.417612404 0.290214002 0.861031771
vn 0.0779260844 0.501971364 -0.86136651
vn 0.469383955 -0.190665171 -0.862163186
vn 0.368676901 -0.597974777 0.711690605
vn -0.00876682904 0.76625669 0.64247489
vn 0.531957865 -0.817053199 -0.222362176
vn 0.119625799 -0.0171619002 0.992670774
vn 0.0210878812 0.232670829 0.972326994
vn 0.767010272 0.639552593 -0.0516500399
vn 0.762366772 0.643118322 -0.0720814988
vn 0.435986996 -0.00158876099 0.899951577
vn -0.01091557 0.949257374 -0.314311087
vn 0.149850994 0.124095596 0.980889916
vn 0.938863516 -0.0498615503 0.340659797
vn -0.0479949117 0.673660815 -0.737480581
vn 0.33113271 0.305035204 -0.892919183
vn 0.277475297 -0.327482998 0.903195679
vn 0.522863507 0.696905673 0.490852714
vn 0.995061815 -0.0227210503 0.0966224
vn 0.545455277 -0.469496697 0.694299221
vn 0.615374506 -0.169824794 -0.769723296
vn 0.998734713 -0.0464050099 -0.0193839595
vn 0.319176406 0.0704845712 0.945070624
vn -0.0740704536 0.25978601 0.962821305
vn 0.546233594 0.713574827 0.438679814
vn 0.58503437 0.754665613 -0.297009706
vn 0.611775279 -0.791007817 0.00614303304
vn -0.232741877 0.800714493 0.551984966
vn 0.570644379 0.0219563209 -0.820903778
vn 0.684774578 0.137323007 0.715699792
vn 0.412704498 -0.547414601 -0.728019416
vn 0.372873902 -0.379049599 -0.846927702
vn -0.214001298 0.945391476 0.245842203
vn 0.440122455 0.534657061 -0.721411288
vn -0.270073086 0.96230191 0.0321822092
vn -0.187498093 0.289961189 0.938491881
vn -0.0810408518 0.370008588 0.925486982
vn 0.656664371 0.0513473712 -0.752433002
vn 0.0579009615 -0.0280458909 0.997928381
vn -0.153843105 0.385392994 -0.909837723
vn -0.203234673 0.823504508 -0.52965647
vn 0.27385971 -0.186661899 0.943481982
vn -0.483863026 0.838762403 0.249708176
vn 0.974685609 0.201254904 0.0973886773
vn 0.954558611 0.295245141 0.0406004153
vn 0.896982908 0.427597404 0.112170398
vn 0.791526198 0.606757343 0.0730197355
vn 0.71939218 0.681494594 0.134313107
vn 0.53964287 0.840414584 0.0498885512
vn 0.647612631 -0.75464803 0.105377115
vn 0.684799016 -0.726238728 0.0602302514
vn 0.426531136 0.895931602 0.124006785
vn 0.230719 0.97167629 0.0511275493
vn 0.911074519 -0.406422585 0.0690219924
vn 0.879683197 -0.461037844 0.116625383
vn 0.0831553861 0.987904787 0.130879387
vn -0.147271395 0.988269925 0.0404208787
vn 0.995598018 -0.0647101402 0.0678035617
vn 0.985595405 -0.124593586 0.114359587
vn -0.257277399 0.95850271 0.122804798
vn 0.345534801 -0.375233114 -0.8601197
vn 0.977831721 0.0424618684 -0.205042094
vn 0.246871173 0.110134982 0.962769389
vn -0.279879779 0.959018052 0.0441776477
vn 0.863906801 0.240890875 0.442308247
vn -0.064754121 0.175623506 0.982325494
vn 0.621888638 0.725290835 -0.295309722
vn 0.140205592 0.398670942 0.9063133
vn 0.0788341016 0.144214481 0.9864012
vn 0.444825709 0.741545916 0.502234876
vn 0.4048675 0.081830442 -0.910706401
vn 0.704905331 -0.40113005 0.584981322
vn -0.336496174 0.683731556 0.647519469
vn 0.270656466 -0.146466479 0.951468706
vn -0.36522314 0.850658298 0.378143758
vn -0.093137674 0.407620847 -0.908388972
vn 0.290581375 0.460470855 -0.838766396
vn 0.816261828 -0.5734936 -0.0694385692
vn 0.370802373 0.741532862 -0.559137344
vn -0.461379498 0.798909724 -0.385839701
vn 0.781911433 -0.472960681 -0.40610671
vn 0.255438209 -0.1330304 0.957629502
vn 0.25946334 -0.187447608 -0.947387099
vn 0.925958276 -0.353755206 0.132130593
vn 0.327957809 0.936852872 0.121451102
vn 0.340815902 0.510182083 -0.789657414
vn 0.684751809 0.209609598 -0.697982013
vn 0.552909076 0.185191706 0.812401175
vn 0.207472265 0.121039182 0.970723808
vn 0.291328996 0.207549304 0.933836579
vn 0.873919189 0.390849292 0.288967311
vn 0.853063405 0.349831879 0.387169749
vn 0.164510101 0.870726705 0.463434398
vn 0.664728999 0.269891113 -0.696630597
vn 0.512747407 -0.226367697 -0.828159273
vn 0.917784929 -0.342886895 0.200248301
vn 0.930495322 -0.244673103 -0.272605211
vn 0.571899831 0.189357325 -0.798169494
vn -0.0265655499 3.70726011e-05 0.999647081
vn 0.0733330771 0.358319491 0.930714488
vn 0.434711486 -0.0311426502 0.900031209
vn 0.100510702 -0.210906997 0.972325027
vn 0.261981964 0.321845561 0.90982461
vn 0.778834403 0.574970901 0.250650287
vn 0.204410598 0.974274218 0.0949004218
vn 0.424714833 -0.593109965 0.683986723
vn 0.0832607672 0.735162318 -0.67275852
vn -0.0324418508 0.220786005 0.974782586
vn 0.503182709 -0.85625428 -0.116772503
vn 0.263703793 0.00962764025 0.964555681
vn 0.0718538016 0.299852878 -0.951275587
vn 0.75585562 -0.0330191813 -0.653905272
vn 0.643199623 0.604790807 0.469597995
vn 0.987256229 -0.0994642898 -0.124226198
vn -0.0199912079 0.0270077456 0.999435306
vn 0.528971612 0.469817609 -0.70672518
vn 0.314718664 -0.399359226 0.86108321
vn 0.654864192 0.533267021 -0.535517812
vn -0.0411648713 0.694245875 0.718559802
vn 0.170825407 0.174064904 0.969804227
vn 0.958189309 -0.243415207 -0.150407001
vn -0.1189382 0.964684904 0.235025093
vn 0.725331545 -0.668262541 0.165285781
vn -0.0324927457 0.879293203 -0.475171238
vn 0.616219938 0.748521268 0.244926527
vn 0.511764467 -0.508195043 -0.692701161
vn 0.993348122 0.0737793371 0.0884096026
vn 0.694023788 -0.680625319 0.234691694
vn 0.272875309 -0.0132495696 -0.96195823
vn -0.09132725 0.614698112 -0.783457518
vn 0.666931272 0.742234826 -0.0654989406
vn 0.218016207 -0.159568593 0.962812006
vn 0.1440759 0.1054167 -0.983935714
vn 0.308434308 0.1055784 0.945368528
vn -0.056486953 0.295788676 0.95358181
vn 0.981451988 0.0475810021 0.185709491
vn 0.6167382 -0.69584322 -0.36801669
vn 0.693501532 0.703030884 0.157490611
vn 0.684169233 -0.712190449 0.157153815
vn 0.0609307215 -0.993025005 0.100940399
vn 0.986643195 0.109619781 0.120493487
vn 0.94240433 0.308152705 0.130062103
vn 0.921366394 0.378397405 0.0888782665
vn 0.350240797 -0.931040704 0.102443203
vn 0.495284647 -0.856814325 0.143396616
vn -0.836888194 -0.523585558 0.15961279
vn 0.570536315 -0.813115716 0.115461104
vn -0.810589612 -0.571403086 0.128230497
vn 0.734647512 -0.667507172 0.121355698
vn -0.695733249 -0.709192455 0.114023484
vn -0.605591416 -0.778764904 0.163659498
vn 0.868864954 -0.471182346 0.151857883
vn -0.524255216 -0.8444314 0.109963387
vn 0.901608527 -0.419208705 0.106612504
vn -0.343961179 -0.929957092 0.129886582
vn -0.315622002 -0.937123299 0.148938701
vn 0.970565021 -0.1923002 0.144997701
vn 0.987542629 -0.1177091 0.1044228
vn 0.987554729 0.0477762185 0.149843395
vn 0.251738697 -0.138972804 0.957765222
vn 0.434744 0.364235789 -0.823607922
vn 0.489297211 -0.0138768498 -0.872006774
vn 0.725210428 -0.609299719 -0.320661306
vn -0.0453642607 0.672798514 -0.738433719
vn 0.178178906 0.02820885 0.983593702
vn 0.645393491 0.168195993 0.745102286
vn 0.562343657 0.0604379028 -0.824691951
vn 0.796343744 0.18211931 0.576774955
vn 0.48363474 0.651906967 0.584050238
vn 0.677274048 -0.459654152 0.574471951
vn -0.157508105 0.941385508 0.29830271
vn 0.00928008556 -0.0347510539 0.999352992
vn 0.49988395 0.853985906 0.144305378
vn 0.190761432 -0.157439515 -0.968928814
vn -0.175313503 0.738012612 -0.651615381
vn 0.96293062 0.269390106 -0.0139155304
vn -0.0667668507 0.315118611 0.946700811
vn 0.911026001 0.180643007 -0.370674789
vn 0.866457403 -0.498070806 0.0343077704
vn 0.47047165 0.121249087 -0.874045193
vn -0.239220694 0.773018718 0.587550521
vn 0.521237612 0.749967933 -0.407258451
vn 0.655838013 -0.437563598 -0.615154088
vn 0.0952056721 0.202080324 0.974730492
vn 0.245355502 0.442167401 -0.862721682
vn 0.190392077 -0.0369712673 0.981011689
vn 0.39548251 -0.180635303 -0.900535703
vn 0.851581812 -0.2599262 0.455243796
vn 0.166858792 0.265351176 -0.949603498
vn -0.227067202 0.661201715 0.715019524
vn 0.928901196 -0.361396015 0.0808426663
vn -0.37295717 0.861037493 -0.34571287
vn 0.89061451 0.450152844 0.0645612925
vn 0.540273845 0.227189675 -0.81024009
vn -0.370311975 0.859412909 -0.352531463
vn 0.251977623 0.776821494 -0.577109873
vn 0.082292676 -0.142096519 0.986426234
vn 0.231151894 0.838093698 0.494133294
vn 0.680900514 -0.245729804 0.689921319
vn -0.118528984 0.281522483 -0.952205896
vn 0.146406099 -0.214965701 0.965585411
vn -0.276145577 0.841097891 0.465078354
vn -0.0824213028 0.223452002 -0.97122401
vn 0.890257597 -0.274594963 -0.363371879
vn 0.376342654 0.926053286 -0.0281346366
vn 0.479085803 -0.784814894 0.393118888
vn 0.562200069 0.229846671 -0.794418991
vn 0.396824747 -0.18145068 -0.899780989
vn 0.651278436 0.447788149 0.612635553
vn 0.4226197 -0.0136517202 0.906204402
vn 0.247839004 -0.35065341 -0.90311569
vn 0.155422196 0.0369321704 0.987157524
vn 0.103746697 0.214539096 0.971189797
vn 0.879707813 0.47485429 -0.0250548106
vn 0.0891040489 0.344014406 -0.934727073
vn 0.135560304 -0.119180098 0.983574927
vn 0.166336983 0.940333009 -0.296826363
vn 0.538249195 -0.535456896 0.6508255
vn 0.118740715 0.946503997 0.30005154
vn 0.485418409 0.448439807 -0.750513613
vn 0.0679149628 0.293007106 -0.953695178
vn 0.647368729 -0.762172163 0.00269818283
vn 0.28122282 0.223466024 0.933261395
vn 0.993502021 -0.0948556587 -0.0628989264
vn 0.0970477387 0.795459688 -0.598185301
vn 0.0557382181 0.0485805869 0.997262895
vn 0.528368115 -0.551424325 -0.645568371
vn 0.248712793 -0.227417395 -0.941500604
vn -0.00419211295 0.999771714 -0.0209506694
vn 0.0375066288 0.374533802 0.926454425
vn 0.701298654 0.712866068 -0.00151979923
vn 0.755216599 0.633338451 0.168909192
vn 0.645058811 0.75225842 0.134188205
vn 0.987167597 -0.0196689889 0.158471584
vn 0.134556994 -0.117801704 0.983878672
vn 0.597535312 -0.0708983466 -0.798702121
vn 0.0588281713 0.409783095 0.910284102
vn 0.0988592505 0.137431294 0.985565603
vn 0.745854735 -0.575932741 0.334667325
vn -0.046418719 -0.0178667903 0.99876231
vn 0.871030092 0.48984617 0.036843244
vn 0.782107115 0.612050295 0.117059998
vn 0.720618486 0.691604078 0.048917409
vn 0.709301174 0.702300012 0.0605527088
vn 0.604876637 0.7927562 0.0752469376
vn 0.533230722 0.843917727 0.0588893816
vn 0.840419769 0.538642764 0.0596533343
vn 0.843770921 0.533728778 0.0564299189
vn 0.906282783 0.422477841 0.0128016984
vn 0.912210524 0.406467706 0.0515359603
vn 0.902098894 0.426512152 0.065611884
vn 0.517328918 -0.850942791 0.0909246206
vn 0.397929996 0.913078606 0.0891027376
vn 0.326414108 0.942920208 0.0659953877
vn 0.570310473 -0.81863302 0.0677207708
vn 0.670088828 -0.739944279 0.0588515401
vn 0.240569204 0.968494415 0.0643827319
vn 0.736150742 -0.67278415 0.0737813637
vn 0.1256437 0.987470686 0.0954748318
vn 0.78215909 -0.620151341 0.0603281111
vn 0.0420203172 0.996197283 0.0763228461
vn 0.871018708 -0.485434592 0.0753647014
vn -0.0905601978 0.99214524 0.0862953663
vn -0.127119601 0.989239872 0.0724232122
vn 0.903024495 -0.425755054 0.0572680272
vn 0.944597125 -0.321504503 0.0661153719
vn -0.251880705 0.966006517 0.0582031012
vn 0.970582604 -0.213452667 0.111388184
vn 0.980012715 -0.197450504 0.0242589097
vn -0.350878 0.93354547 0.0733310506
vn 0.990271807 -0.122075297 0.066778481
vn -0.426974744 0.902347386 0.0588365607
vn 0.997050703 0.0369547568 0.0672624037
vn 0.996167004 0.0629149526 0.0607700832
vn 0.972437203 0.222074494 0.0710548684
vn 0.953517914 0.280457944 0.110214114
vn 0.966416597 0.251464665 0.0529568009
vn 0.896746576 -0.442534596 0.00294607808
vn -0.419043303 0.907962322 0.00266140606
vn 0.80067867 -0.599093974 0.000286994007
vn -0.516505897 0.855694473 -0.0317602716
vn 0.696805179 -0.717255116 -0.00279271603
vn -0.415102214 0.909769714 0.00304132607
vn -0.417829752 0.908519268 0.00331026246
vn 0.626911104 -0.779084086 -0.00324547198
vn 0.751585722 -0.659594834 -0.00732755708
vn -0.241901398 0.970300794 -0.000519286026
vn -0.091250889 0.995821118 0.00369924307
vn -0.142744422 0.98873359 -0.0450560451
vn 0.0502108894 0.99873209 0.00362193491
vn 0.661707103 -0.749755919 0.00313460804
vn 0.119668186 0.992813468 0.000964996871
vn 0.18231152 0.983223915 0.00578111457
vn 0.63693434 -0.770917237 0.0012073511
vn 0.665842414 -0.745981276 -0.0128799602
vn 0.659246087 -0.751904786 -0.00582849886
vn 0.648942351 -0.760837615 -0.000446373044
vn 0.518811941 -0.854877234 0.00439715339
vn -0.315056205 0.94522047 0.0854275823
vn -0.0887872428 0.995976686 0.0121367481
vn 0.152403697 0.987949491 0.0270019695
vn 0.0932414532 0.995643497 0.000286761991
vn -0.206590205 0.978418589 -0.0041962862
vn 0.990710676 -0.125757203 0.0517438613
vn 0.930312693 -0.361124516 0.0640897155
vn 0.914601624 -0.402116954 0.0424976349
vn 0.878016472 -0.474166542 -0.0652159303
vn 0.780832767 -0.622074366 0.0576512739
vn 0.805199802 -0.593002558 0.00116848887
vn 0.911234915 -0.41188705 -0.000347731024
vn 0.974594891 -0.223910004 0.00539952517
vn 0.293266296 0.956030786 -0.000166337995
vn 0.241175875 0.968222499 -0.0661770031
vn 0.38420251 0.923244417 0.00286453892
vn 0.319826692 0.947367728 0.0143320505
vn 0.344020844 0.938938498 0.00665706396
vn 0.294711292 0.955585778 -0.001057863
vn 0.508327365 0.861098588 0.0106066987
vn 0.74254334 0.669789732 0.00334411836
vn 0.685956895 0.727603316 -0.0075207348
vn 0.815346718 0.578944921 0.00571274711
vn 0.933459997 0.358662337 -0.00373059558
vn 0.928382695 0.371617109 -0.0025220511
vn 0.958012283 0.286686689 0.00481814099
vn 0.999105275 0.0422884189 0.000714996015
vn 0.997267783 0.0736977905 0.00506269839
vn 0.999991596 0.00375300599 -0.00164914096
vn 0.999707818 0.0241517406 0.00101470901
vn 0.994068205 -0.108734801 -0.00230407692
vn 0.998360217 -0.0434698388 -0.0372462794
vn 0.988262475 -0.138907298 0.063578181
vn 0.999812722 -0.0188567005 -0.00436598016
vn 0.980082095 -0.198584303 0.00185918796
vn -0.0872097537 -0.924587786 0.370852977
vn -0.996976197 0.077691257 -0.00164705527
vn -0.991939783 -0.126595378 0.00539761642
vn -0.665939212 -0.299444407 -0.683270216
vn -0.634210587 -0.260851502 -0.727827907
vn -0.0431286581 -0.768221498 -0.638729751
vn -0.388960749 -0.921116948 -0.0159161016
vn -0.995232582 -0.0964339301 -0.0145872198
vn -0.429580688 -0.378753096 -0.819760025
vn -0.427035153 -0.904228687 -0.00339299347
vn -0.331610322 -0.943416297 0.000702598016
vn 0.003201782 -0.676651001 0.736297011
vn -0.421694905 -0.75620693 0.500324488
vn -0.428906709 -0.506483614 0.748006284
vn -0.427280188 -0.503423274 0.750997126
vn -0.572315335 -0.480721831 0.664350569
vn -0.825654328 -0.347639501 0.444344193
vn -0.778823614 -0.128637105 0.613910675
vn 0.686219931 0.347417533 -0.639064431
vn 0.992079794 0.124589004 -0.0159823205
vn 0.343753815 -0.09114784 -0.934625804
vn 0.99635309 0.085263066 -0.00326830056
vn 0.997960508 0.0637022778 -0.00412058784
vn 0.835289419 0.0492018387 0.54760468
vn 0.854818702 0.0111924987 0.51880604
vn 0.583803236 -0.426981241 0.690551043
vn 0.547372222 -0.403022498 0.7334553
vn 0.711326778 -0.138653293 0.689049721
vn 0.628409147 -0.183761492 0.75586611
vn 0.722656071 -0.368002415 0.585100412
vn 0.464266688 -0.430018097 0.774300277
vn 0.441485405 -0.897215426 0.00975477602
vn 0.557662964 -0.830056489 0.00426798966
vn 0.506425798 -0.415245891 -0.755714118
vn 0.589202344 -0.431742042 -0.682963669
vn -0.554048717 0.208386406 -0.805980921
vn -0.605949283 0.79536742 -0.0147051197
vn 0.929934323 0.364961386 -0.0450050198
vn 0.496337444 0.832120478 -0.247436076
vn -0.216660097 0.361463696 -0.906864107
vn -0.710716963 0.703478038 -0.000270259974
vn -0.534236789 0.845280826 -0.00957119372
vn -0.456904799 0.708142698 0.538304687
vn -0.449318647 0.721260369 0.527158618
vn 0.0776954815 0.722150385 0.687358916
vn 0.0714985728 0.625523806 0.776922107
vn -0.226965174 0.528002858 0.818351865
vn -0.304381996 0.913471222 0.270040601
vn -0.075137727 0.551589787 0.830724418
vn -0.062014401 0.823224723 0.564318478
vn 0.203685805 0.705285907 0.67903161
vn 0.233407676 0.690870762 0.684264958
vn 0.37012881 0.928980529 -1.10771998e-05
vn 0.232089877 0.972678185 0.0056099887
vn -0.254362494 0.751555979 -0.608657002
vn 0.196559504 0.759441018 -0.620172381
vn 0.00420331908 -0.0666770265 -0.997765779
vn 0.466860026 0.057289172 -0.882473588
vn -0.0255584698 -0.00604182389 -0.999655128
vn -0.01314204 -0.0526670814 -0.998525679
vn -0.00451439666 0.063739419 -0.997956395
vn 0.0241060797 0.0376194082 -0.999001324
vn -0.0132836578 -0.0496284813 -0.998679399
vn 0.0285711754 0.0402684174 -0.99878031
vn 0.0201330092 0.0568947084 -0.998177171
vn -0.0266420804 -0.0212465506 -0.999419272
vn 0.01447153 0.0501876995 -0.998634994
vn 0.00566071179 -0.0457372591 -0.998937488
vn -0.00472933007 -0.0166280195 -0.999850571
vn 0.00687080622 -0.0475912616 -0.998843312
vn -0.0287383702 -0.0305092297 -0.999121308
vn -0.0187500101 -0.00643700315 -0.999803483
vn 0.00944739487 -0.164463505 -0.986338019
vn 0.0116998497 -0.0385483503 -0.999188304
vn -0.0281115696 -0.02675342 -0.999246776
vn 0.0279203635 -0.0488749184 -0.998414695
vn -0.0495355614 -0.0198053084 -0.998575985
vn -0.05138373 -0.0214735791 -0.998448193
vn 0.0182871204 -0.0175267998 -0.999679208
vn 0.0221784674 -0.00179833081 -0.999752402
vn 0.0402715839 -0.0228471719 -0.998927593
vn 0.0282758959 -0.14503248 -0.989022791
vn 0.0185844824 -0.0201573316 -0.999624193
vn -0.0637851804 0.00277620484 -0.997959793
vn -0.0430269763 0.00844836142 -0.99903816
vn 0.0326656587 -0.0130043002 -0.999381781
vn 0.0522796512 -0.0300728604 -0.998179615
vn -0.0407475159 0.0197096374 -0.998975098
vn -0.0451731607 0.02437496 -0.998681784
vn 0.0444939099 -0.00838524103 -0.998974502
vn 0.0644741505 0.000763959833 -0.997919083
vn -0.0311456304 0.03046792 -0.999050379
vn 0.0524988025 0.0162483379 -0.998488784
vn 0.0419998094 0.0170284491 -0.998972476
vn -0.0335486457 0.0375874564 -0.998730004
vn -0.0237524454 0.0499912426 -0.998467207
vn -0.0361421108 0.0612851307 -0.99746573
vn 0.0396194384 0.0285694003 -0.998806417
vn 0.0351571366 0.0275233854 -0.999002695
vn 0.597792327 -0.801650107 -0.00123482896
vn 0.52416122 -0.851504028 0.0139983203
vn 6.82318932e-05 0.000191375992 1
vn -0.378892541 -0.925438702 0.00189071777
vn -0.347963184 -0.937497377 -0.00449746754
vn -0.276583284 -0.842993975 -0.461370647
vn 0.163757801 -0.874698222 -0.456164986
vn 0.392993599 -0.769723117 -0.503072977
vn 0.903056085 0.42819199 0.0337849185
vn 0.876983106 0.478598207 0.0429485403
vn 0.876619279 0.478401393 0.0516801998
vn 0.845118999 0.53358382 0.0325910375
vn 0.872143984 0.485971302 0.0565403588
vn 0.838757455 0.538497567 0.0806611627
vn 0.910346389 0.40504992 0.0848756805
vn 0.871346593 0.485530853 0.070816502
vn -0.1173141 -0.989714205 0.0818731114
vn -0.0243399702 -0.997437418 0.0672778413
vn -0.0243564192 -0.998078287 0.0569781587
vn 0.0707015321 -0.99409622 0.0823046491
vn -0.0197817609 -0.99832058 0.0544499084
vn 0.0340630449 -0.998610795 0.0402047634
vn -0.0298755094 -0.998439789 0.0471751615
vn -0.0198071003 -0.998610914 0.0488269888
vn -0.793584287 0.602036774 0.0881806612
vn -0.85627228 0.511627078 0.0709621906
vn -0.894111574 0.439949006 0.0837230012
vn -0.852645218 0.519924402 0.0517179295
vn -0.857060194 0.512088299 0.0566868111
vn -0.885243118 0.463770896 0.0355142318
vn -0.810135722 0.58527422 0.0336796008
vn -0.852880478 0.520060599 0.0461732112
vn -0.731323719 0.681635499 0.0232092105
vn -0.611420393 0.791303575 0.00194567395
vn -0.165099502 0.0190804005 -0.986092389
vn -0.403654754 0.555384755 -0.727056146
vn 0.159794301 -0.209589794 -0.964644015
vn 0.564376473 -0.824504197 -0.0408920012
vn 0.56702441 -0.822718382 -0.0402233601
vn 0.548262417 -0.832449079 -0.08022964
vn 0.615548551 -0.783602595 -0.084065184
vn 0.0733556673 -0.639508605 -0.765276313
vn -0.278946012 -0.113624103 -0.953561127
vn -0.336352408 -0.203078806 -0.919579327
vn -0.203290701 -0.230843306 -0.951516807
vn -0.236233801 -0.241341203 -0.941248119
vn -0.656595349 0.38448897 -0.648884356
vn -0.618736207 0.784588277 -0.0398352705
vn -0.626522422 0.775548398 -0.0774236321
vn -0.606288075 0.794407725 -0.0364869796
vn -0.555677712 0.827375174 -0.0816868469
vn -0.1259491 -0.0127142603 -0.99195528
vn -0.247791722 0.332538217 -0.909954846
vn 0.452929288 -0.577810287 -0.678962708
vn 0.549450874 -0.835525572 -0.000927787973
vn 0.438272774 -0.898688912 0.0165968519
vn 0.560047567 -0.709727943 0.427355736
vn 0.530534983 -0.665147424 0.525463223
vn -0.112561502 -0.0985002518 0.988750577
vn -0.0787200332 -0.0663546324 0.994686007
vn -0.074496448 -0.0562344156 0.995634496
vn -0.0839176029 -0.0184522178 0.996301889
vn -0.0949011371 -0.0408542082 0.994648099
vn -0.0571509004 -0.0179044008 0.998205006
vn -0.418157011 0.726436615 0.545375705
vn 0.151747704 0.256193995 -0.954639912
vn 0.147636488 0.148226678 -0.977871299
vn 0.421478689 0.906025529 -0.0383866988
vn 0.429219902 0.902305424 -0.0401906893
vn 0.446519345 0.891164958 -0.0802833959
vn 0.371013522 0.92481184 -0.0840965584
vn 0.51735568 0.385130197 -0.764210701
vn 0.27683419 -0.212461501 -0.937135577
vn 0.239196837 -0.208481923 -0.948325038
vn 0.336404562 -0.157779992 -0.928405881
vn 0.301208496 -0.0605590902 -0.951633394
vn 0.308681101 -0.0673303604 -0.948779523
vn -0.388019532 -0.920957804 -0.0357437059
vn -0.358590394 -0.930268586 -0.0775457025
vn -0.339450181 -0.939465284 -0.0466758572
vn -0.380107194 -0.9215855 -0.0787326619
vn -0.165735707 -0.470364004 -0.866769612
vn -0.195873395 -0.615498006 -0.763410687
vn 0.307109833 0.48538506 -0.818587244
vn 0.190119401 0.349716812 -0.917361915
vn 0.386774838 0.922167301 -0.00355416443
vn 0.55674684 0.830389202 0.022061158
vn 0.285048515 0.821587205 0.493702203
vn 0.125513107 -0.06817507 0.989746809
vn 0.0269500557 -0.00796663575 0.999605
vn 0.0605232716 -0.0448306687 0.9971596
vn 0.0637729019 -0.00641965726 0.997943759
vn 0.0878539607 -0.00510370685 0.996120274
vn 0.0782343671 -0.00167798903 0.996933579
vn -0.341090173 -0.646640658 0.682285368
vn -0.276277393 -0.960926175 0.0170816705
vn -0.340325207 -0.940276027 0.00772857619
vn -0.338840514 -0.667294025 -0.663254023
vn -0.316195011 -0.0384393297 -0.947915196
vn -0.0533145592 0.0615746304 -0.996677577
vn -0.995871603 -0.0816081688 -0.0397490188
vn -0.995428801 -0.0873892903 -0.0385314189
vn -0.993978083 -0.0989240855 -0.0471346229
vn -0.985027373 -0.1214035 -0.122402102
vn -0.999837697 0.00447422173 -0.0174540784
vn -0.698167622 0.224688694 -0.679762423
vn 0.0586575195 0.357391208 -0.932111025
vn 0.0201495793 0.303328604 -0.952673018
vn -0.0800764561 0.379921645 -0.921546221
vn -0.115296103 0.276030391 -0.954208612
vn 0.993170798 0.109323613 -0.0407469235
vn 0.983857274 0.1597372 -0.080678463
vn 0.984382093 0.168098986 -0.0522941239
vn 0.98855871 0.126144797 -0.08269912
vn -0.0156674907 0.00462394906 -0.999866605
vn 0.0265359208 0.0251450501 -0.999331594
vn -0.990858376 -0.1348093 -0.0051158662
vn -0.99756968 0.0661835 0.0217871591
vn -0.85410893 -0.179943204 0.487973809
vn -0.0376914069 0.0691597313 0.996893287
vn -0.0393237956 0.0784939453 0.996138692
vn -0.00636511995 0.040633671 0.999153912
vn 0.00455701305 0.0672237203 0.997727513
vn 0.00340914703 0.116678797 0.993163884
vn 0.696986914 -0.0495789014 0.715367913
vn 0.409485489 -0.912236571 -0.0120857302
vn 0.961735606 0.27297011 0.0234947801
vn 0.99135381 0.131163105 0.00374722411
vn 0.508220136 0.00199472881 -0.86122489
vn 0.68442136 0.132287279 -0.716985047
vn -0.650545657 -0.0046060076 -0.759453177
vn 0.128142789 -0.991681993 -0.012090438
vn 0.809961677 -0.586243927 -0.0167422201
vn 0.755619109 -0.655006647 -0.00245439983
vn 0.630671203 0.769989908 -0.0967953801
vn 0.525876105 0.850453198 0.0135554001
vn 0.928466439 -0.370907426 -0.0194404721
vn 0.894627094 -0.446812898 0.00082175195
vn 0.94522202 -0.326177686 -0.0127879903
vn 0.997012079 -0.0767097995 -0.00908690598
vn 0.995474696 -0.0949251577 -0.0044071069
vn 0.998587191 -0.052042786 -0.010742601
vn 0.97554177 0.219585702 -0.0100179296
vn 0.996338785 0.0835205317 -0.0182601791
vn 0.487081647 0.873343706 -0.00471675256
vn 0.353915215 0.935159922 -0.0148350503
vn 0.208353624 0.978052199 0.00166779722
vn 0.957548201 0.28790319 0.0146061704
vn 0.92276448 0.375807494 -0.0852900669
vn 0.115497082 0.993260801 -0.00966262724
vn 0.785022616 0.615346551 0.0713320374
vn 0.616150618 0.787394106 -0.0192103907
vn 0.595865071 0.802975476 -0.0132374102
vn 0.744151771 0.667937875 -0.00985532906
vn 0.690947413 0.722868919 -0.00723391678
vn 0.781710505 0.62363559 0.00272709108
vn 0.882163584 0.470785707 -0.0121756699
vn 0.922466695 0.385883898 -0.0122030303
vn 0.907774508 0.419418037 -0.0058302274
vn 0.961954176 0.272948414 -0.01197326
vn 0.953557074 0.301064789 -0.00942879915
vn -0.99842298 0.0557406507 -0.00667494489
vn -0.993413985 0.114517599 0.00380694796
vn -0.951581359 0.307214558 -0.0105857188
vn -0.97149992 0.237030804 0.00211238791
vn -0.930953979 0.365126312 0.0027299521
vn -0.848769188 0.528622985 -0.0121887904
vn -0.796247721 0.604851305 -0.0120220697
vn -0.817178607 0.576354623 -0.00586515525
vn -0.772436678 0.63507545 -0.00455200532
vn -0.737494707 0.675290525 -0.00918638706
vn -0.983033419 0.164282694 -0.0815879107
vn -0.996958315 0.0767499208 0.0135511104
vn -0.374853075 0.927071393 -0.00487851957
vn -0.41603139 0.909251928 -0.0133725395
vn -0.999862015 0.00766295101 -0.0147444
vn -0.514752686 0.857123673 -0.0192036591
vn -0.657568812 0.753393829 -0.00103491498
vn -0.999906301 -0.00342738605 -0.0132581498
vn -0.969090402 -0.246648967 -0.00529581262
vn -0.958837807 -0.283953667 0.000689089939
vn -0.918142676 -0.396036804 -0.0129952403
vn -0.687148511 0.726214409 0.0209673606
vn -0.78406918 0.61242187 -0.100871302
vn -0.845857203 -0.533302367 -0.0106817391
vn -0.824961722 -0.565159202 -0.00577539206
vn -0.726397812 -0.687052727 -0.0174589101
vn -0.655256271 -0.755320728 -0.0113992002
vn -0.897668481 0.435159296 0.0694826171
vn -0.642304718 -0.766337574 -0.0130938198
vn -0.809948862 -0.194410771 -0.553341866
vn -0.503035605 -0.398263812 -0.767033994
vn -0.597000003 -0.316151202 -0.737319112
vn -0.759751499 -0.320691407 -0.565627813
vn -0.707072198 -0.252491415 -0.660527825
vn -0.72445488 -0.130514294 -0.676853895
vn -0.656448126 -0.405196786 -0.636310875
vn 0.478260189 -0.878134727 -0.0121130301
vn 0.397438109 -0.917620897 0.00386315491
vn 0.209819332 -0.977683544 -0.0105330311
vn 0.280386508 -0.959884822 0.00213670707
vn 0.149224907 -0.988799274 0.00281137205
vn 0.025330117 -0.999652207 -0.00733780721
vn -0.17202419 -0.985022485 -0.0117612379
vn -0.0906022117 -0.995878816 0.00409412291
vn -0.222247005 -0.974906981 -0.0127550904
vn -0.216123194 -0.97629261 -0.0119861905
vn -0.309758097 -0.950779319 -0.00828373432
vn -0.258574903 -0.965988278 -0.00237339688
vn -0.136940688 -0.98511976 -0.103856787
vn 0.0563782491 -0.997018814 0.052679956
vn 0.388083935 -0.918859303 -0.0713335723
vn 0.3551732 -0.934779823 -0.00622987701
vn -0.994111598 -0.108297817 -0.00372612453
vn -0.997571468 -0.0696498603 2.99636959e-05
vn -0.284103304 -0.958767176 -0.00713706017
vn -0.241843998 -0.970312774 -0.00215792609
vn 0.689860404 -0.3699871 -0.622255683
vn 0.75585109 -0.223645404 -0.615363181
vn 0.482600808 -0.217902094 -0.848301411
vn 0.622964919 -0.434343308 -0.650584877
vn 0.711553097 -0.161836699 -0.683740497
vn 0.262971073 0.607768416 -0.749308825
vn 0.133821204 0.659988403 -0.739261329
vn 0.200242877 0.626733363 -0.753065765
vn 0.268218666 0.733853042 -0.624114156
vn 0.56156534 0.715776742 -0.415100247
vn 0.489799887 0.351446003 -0.797860801
vn 0.459182411 0.576881707 -0.675543606
vn 0.519434333 0.539976835 -0.662278652
vn 0.51922226 0.552319169 -0.65218997
vn 0.585801125 0.345536411 -0.733104229
vn 0.67965436 0.315735459 -0.662103534
vn 0.682634473 0.294179499 -0.668931007
vn -0.7681247 0.0866723508 -0.634407043
vn -0.579912484 0.0403678417 -0.813678026
vn -0.742768407 0.192537293 -0.641267896
vn -0.578217924 0.269888908 -0.769950688
vn -0.476512998 0.523912728 -0.70601058
vn -0.869824827 0.276175499 -0.408817798
vn -0.729168355 0.109402485 -0.675532818
vn -0.727403402 0.179794401 -0.662237406
vn -0.737888217 0.173501804 -0.652240872
vn -0.592158139 0.334567726 -0.733084738
vn -0.613284171 0.430668414 -0.662123322
vn -0.596061945 0.444072843 -0.668961465
vn 0.437371701 -0.899280727 -0.000483125012
vn 0.48911199 -0.87219131 -0.00720423413
vn 0.987362385 0.158477902 0.000603505003
vn 0.994182229 0.107616 -0.00452768803
vn -0.479484111 0.712713897 -0.51199019
vn -0.447905511 0.527815521 -0.721658826
vn -0.000521247974 -0.600179374 -0.799865305
vn 0.0138640404 -0.472684801 -0.88112253
vn 0.231992006 -0.607393086 -0.759772003
vn 0.197076395 -0.898088276 -0.393189996
vn 0.394327402 -0.619969606 -0.678338885
vn 0.143050104 -0.722012877 -0.676929891
vn 0.263170689 -0.748005688 -0.609285414
vn 0.0324352309 -0.734548509 -0.677780628
vn -0.0536427982 -0.746605873 -0.663100481
vn -0.0302099455 -0.771353662 -0.635689259
vn -0.0934588239 -0.73040086 -0.676594436
vn 0.996446192 0.0841370821 -0.00399243785
vn 0.995511591 0.0944936648 -0.0052493806
vn -0.994484484 -0.104585484 -0.00790381338
vn -0.991357505 -0.131105796 -0.00464314222
vn 0.0515968204 0.0635660216 -0.996643007
vn -0.0398358665 0.0657243058 -0.997042298
vn 0.0332105085 0.0717849731 -0.99686712
vn -0.0240626894 0.0447742902 -0.998707294
vn 0.0801876038 0.0240824763 -0.99648881
vn 0.0757612512 0.0509180985 -0.995825171
vn 0.089757137 0.0523236282 -0.994588375
vn 0.0309987608 -0.0414545499 -0.998659492
vn 0.0455132648 -0.0780904144 -0.995906889
vn 0.0844544619 -0.0416407473 -0.995556891
vn 0.0619836412 -0.00167262496 -0.998075783
vn 0.0760203525 0.00749582006 -0.99707818
vn 0.0786474869 -0.00599521305 -0.996884525
vn 0.0916536376 0.0495891497 -0.994555473
vn 0.0858933255 0.00193744781 -0.996302485
vn 0.102077998 -0.0135863395 -0.994683683
vn 0.08600723 0.00317382789 -0.996289492
vn 0.0934157893 0.0474284217 -0.994496882
vn 0.0977269858 0.0393362567 -0.994435608
vn 0.0407236852 0.0687972382 -0.996799231
vn 0.0415505692 0.0881555006 -0.995239794
vn 0.0906227827 0.0441539809 -0.994906008
vn 0.103867099 -0.869028628 0.483736485
vn -0.560411394 -0.801365316 -0.209171593
vn -0.123531602 -0.198501006 -0.972284615
vn -0.199250907 -0.483346492 -0.852452517
vn -0.459714055 -0.45481655 -0.762761354
vn -0.599966228 -0.356187493 -0.716359615
vn 0.601383626 -0.400909752 -0.69109267
vn 0.614544034 -0.161653385 -0.772142291
vn -0.330293 -0.377974391 -0.864894211
vn -0.651076019 -0.511488616 -0.560784698
vn -0.699498594 -0.370798796 -0.610909224
vn -0.625715852 -0.168411881 -0.761654198
vn 0.727439582 -0.0309064891 -0.685475409
vn 0.655055225 -0.0102850702 -0.755511105
vn 0.299457014 -0.390768111 -0.870416999
vn 0.908278108 -0.359048277 0.214744672
vn 0.226238906 -0.227874994 -0.947042286
vn 0.182354897 -0.332933098 -0.925149918
vn -0.689527929 -0.723283529 -0.0375806615
vn -0.481658906 -0.875705302 -0.0338389799
vn -0.509497702 -0.859486401 -0.0411742292
vn -0.486878008 0.872803628 -0.0341150686
vn -0.600085974 0.799734592 -0.0179276392
vn -0.222871125 -0.974815726 -0.00793063734
vn -0.315292865 -0.948094904 -0.0413094051
vn -0.69803822 0.714949429 -0.0398758613
vn -0.765744627 0.642926812 -0.0167422798
vn 0.0798316523 -0.996752322 -0.0105755301
vn -0.0228072982 -0.999050796 -0.0371128879
vn -0.878177643 0.476973057 -0.0360681452
vn -0.865179598 0.499901563 -0.0395330749
vn 0.173542187 -0.984320462 -0.0315633975
vn -0.897336483 0.439293295 -0.0425282717
vn 0.210176677 -0.977481008 -0.0188856088
vn -0.948498726 0.316262811 -0.0181123596
vn 0.387962788 -0.921451509 -0.0202969909
vn 0.467006654 -0.883272588 -0.0416444466
vn -0.989090323 0.142578393 -0.03703719
vn -0.99502629 0.0958561972 -0.0271003246
vn -0.99904108 0.0119699799 -0.0421150289
vn -0.991389394 -0.127158299 -0.0312696584
vn -0.996180296 -0.0766626596 -0.0418068729
vn -0.93307972 -0.358935088 -0.0229778197
vn -0.969096482 -0.242931902 -0.0428505503
vn -0.850594938 -0.525515437 -0.0179452822
vn -0.887541115 -0.458716303 -0.0430133305
vn -0.73364836 -0.679352045 -0.0155203883
vn -0.575748444 -0.817130029 -0.0285038333
vn 0.145900607 0.631680727 -0.761375427
vn 0.151569486 0.817697406 -0.555335641
vn -0.0486552157 0.757288396 -0.65126574
vn -0.362545907 0.549926519 -0.752423704
vn -0.574307501 0.600507319 -0.556382895
vn -0.379881293 0.3051413 -0.873257697
vn 0.3688187 0.682892203 -0.630580008
vn -0.33521837 0.031637188 -0.941609085
vn -0.669823647 0.138943985 -0.729404449
vn -0.600911021 0.230434805 -0.765379488
vn 0.672819674 0.283986509 0.683129072
vn 0.72019738 0.231896505 0.653865278
vn 0.676615834 0.31026274 0.667778432
vn 0.538277566 0.453743637 0.710192919
vn 0.563897192 0.449974686 0.69249022
vn 0.50751698 0.526956975 0.681720614
vn 0.485517144 0.57884717 0.65514046
vn 0.429396093 0.585279524 0.687798619
vn 0.795167506 0.488858014 0.358784914
vn -0.582264483 0.440674007 0.683209002
vn -0.560845315 0.507719576 0.653967381
vn -0.607055008 0.430760086 0.667779922
vn -0.662120819 0.239295498 0.710164607
vn -0.671650171 0.263335496 0.692488611
vn -0.710069776 0.176148295 0.68174243
vn -0.744077265 0.131113216 0.655101836
vn -0.721542716 0.0792072415 0.687824428
vn -0.0861965939 0.0162312873 -0.996145904
vn -0.0868330002 0.0214233901 -0.995992601
vn -0.01315301 0.104923002 -0.994393408
vn -0.0869250149 0.0213275477 -0.995986581
vn -0.0364237987 -0.0228219591 -0.99907589
vn -0.0397477709 -0.074603729 -0.996420801
vn -0.0887956545 0.047914613 -0.99489671
vn -0.101060897 0.0681752488 -0.992541671
vn -0.0493520461 -0.0687437654 -0.996412992
vn -0.0397592671 -0.0319554769 -0.998698175
vn -0.0919860601 0.0855150223 -0.992081523
vn -0.0913165733 0.0829705447 -0.9923594
vn -0.108736299 0.00774168922 -0.994040489
vn -0.0483055115 -0.0181365609 -0.998668015
vn -0.0538871139 -0.0320638381 -0.998032093
vn -0.0320886299 0.0551625416 -0.9979617
vn -0.0571247898 -0.0228940193 -0.998104572
vn -0.0614982806 -0.0348398611 -0.99749893
vn -0.0259847604 0.0930594206 -0.995321512
vn -0.0289053898 0.0899902508 -0.995523095
vn -0.0174175482 0.0914239138 -0.995659709
vn -0.0796009824 -0.00523984386 -0.996813118
vn -0.100010388 -0.0323483869 -0.994460404
vn -0.106354997 0.00121062901 -0.994327486
vn -0.82121259 0.444301099 0.358059406
vn -0.115527898 -0.741836727 0.660554111
vn -0.151776597 -0.706672072 0.691070497
vn -0.0702266619 -0.748527884 0.659374118
vn -0.00241857674 -0.721808314 0.692088842
vn 0.215938702 -0.728608489 0.650000215
vn 0.116157182 -0.768951595 0.628666043
vn 0.209994406 -0.728265882 0.652327478
vn 0.340846688 -0.647843122 0.681265712
vn 0.303862631 -0.692294657 0.654519439
vn 0.0313478708 -0.0927745104 -0.995193601
vn 0.0682092905 -0.0386333987 -0.996922791
vn -0.0297827143 -0.108284816 -0.993673801
vn -0.0113627287 -0.105854787 -0.994316697
vn -0.134703696 -0.0698136613 -0.988423526
vn -0.007330894 -0.118803501 -0.992890775
vn -0.0254609492 -0.105330803 -0.9941113
vn 0.0159373805 -0.065122962 -0.997749984
vn 0.0483602136 -0.0820770711 -0.995451987
vn 0.0278963391 -0.0668517873 -0.997372925
vn -0.0669577718 -0.974478006 0.214264795
vn 0.379989803 -0.906420171 -0.184418693
vn -0.247599706 -0.962858319 -0.107695103
vn -0.332485944 0.9431054 -0.00233471324
vn -0.149606794 0.988730371 -0.00548332883
vn -0.0800095722 0.996793926 0.000685067964
vn -0.0980634615 0.995170593 -0.00437676907
vn -0.0353035294 0.999371588 -0.00319314003
vn 0.693396449 -0.720550954 -0.00277513172
vn 0.655014515 -0.755615711 0.00103056396
vn 0.657077968 0.586778224 -0.473222852
vn -0.188896075 0.322731882 -0.927449405
vn -0.0321163498 0.487701386 -0.872419596
vn 0.149968803 0.450546592 -0.880066574
vn 0.348456293 0.545896828 0.761954725
vn -0.0146364486 0.669326842 -0.742823958
vn 0.917410195 0.286576807 -0.276102006
vn 0.450822055 0.256545126 -0.854952812
vn 0.766391993 0.126445815 -0.629805446
vn -0.0540308915 0.322654396 -0.944973528
vn -0.179595202 0.584727824 -0.791099906
vn -0.00818192866 0.418123305 -0.908353508
vn 0.773334801 0.608805895 -0.1769429
vn 0.866106689 0.282842606 -0.412139893
vn 0.535690427 0.839578986 0.0902382135
vn 0.666427374 0.708025515 0.233611599
vn -0.91383791 0.365343988 -0.177268296
vn -0.677761316 0.608406305 -0.412894011
vn -0.994888604 0.0442824885 0.0907512903
vn -0.946365297 0.222946227 0.233854234
vn -0.500371695 -0.865810215 0.00097651995
vn -0.472548455 -0.881303906 -0.00114089192
vn 0.110871889 -0.965088189 -0.237301767
vn 0.581187487 0.813198209 -0.0304959435
vn 0.480036706 0.876843572 -0.0266486406
vn 0.519747972 0.853277326 -0.0421900712
vn 0.569478929 -0.821828723 -0.0170723703
vn 0.688090742 -0.725468159 -0.0150743118
vn 0.679411292 -0.733505309 -0.01924395
vn 0.246298105 0.969124913 -0.0115836803
vn 0.179066703 0.983222306 -0.0347719118
vn 0.795831501 -0.604037106 -0.0423259698
vn 0.839280307 -0.543625593 -0.00893360283
vn 0.0802168176 0.996595502 -0.0190491602
vn 0.922727227 -0.385009587 -0.0184987094
vn -0.116464801 0.992780924 -0.0286735799
vn -0.114582002 0.992981017 -0.0293208305
vn -0.220503569 0.975195408 -0.0192894284
vn 0.946604729 -0.321280122 -0.0268082637
vn 0.970707774 -0.239906594 -0.01308876
vn -0.322393686 0.945674121 -0.0419867001
vn 0.986935794 -0.157882482 -0.0321076475
vn -0.442373902 0.896501303 -0.0243057609
vn 0.9991346 -0.0404001996 -0.00989162922
vn 0.991773427 0.124283999 -0.0306442305
vn 0.995847166 0.0834311098 -0.0364367254
vn 0.949065983 0.311884373 -0.0447429381
vn 0.96978879 0.243332326 -0.0172975622
vn 0.888436973 0.456780493 -0.0450701118
vn 0.86033988 0.509227812 -0.0224143192
vn 0.776616693 0.629619837 -0.0211025979
vn 0.692703605 0.719327211 -0.05225062
vn 0.776670694 -0.0995549485 -0.621990025
vn 0.615499079 0.0228973608 -0.787804902
vn -0.136648387 -0.595516562 -0.791635752
vn -0.0225463491 -0.905904293 -0.422881901
vn 0.0798299313 -0.534731686 -0.841242671
vn 0.162470296 -0.745942116 -0.645889997
vn 0.38076511 -0.716166377 -0.584913373
vn 0.330505699 -0.563194811 -0.757349074
vn 0.543805122 -0.584470928 -0.602220714
vn 0.486028433 -0.474693745 -0.733786166
vn 0.354069412 -0.168359995 -0.919940114
vn 0.701137125 -0.475873798 -0.530990481
vn 0.0227290876 0.00775515893 -0.999711573
vn 0.00633978704 0.00756996684 -0.999951303
vn 0.0053233495 0.0183752086 -0.999816954
vn 0.00192338205 0.0315273404 -0.999501109
vn -0.0243647601 0.00752186682 -0.999674916
vn -0.0150058204 -0.0251852199 -0.999570191
vn -0.0291457698 -0.00132274604 -0.999574304
vn -0.000330016977 -0.0117768003 -0.99993062
vn 0.000254571991 -0.0111364098 -0.999938011
vn -0.0234248601 -0.00526153995 -0.999711812
vn 0.0287898704 0.0132208997 -0.999498129
vn 0.00146567798 0.00666898396 -0.999976695
vn 0 -9.66867992e-06 -1
vn -0.0289935991 0.00218242407 -0.999577284
vn -0.0341290161 -0.0162612088 -0.999285102
vn -0.0343907401 -0.0133354003 -0.999319494
vn 0 -8.4047806e-06 -1
vn 0.00523275044 -0.00811332278 -0.999953389
vn 0.02842688 0.01362174 -0.999503076
vn 0.00156044902 -0.0100141698 -0.99994868
vn 0.00784265902 -0.000851169927 -0.999968886
vn 0.0282632709 0.0114574404 -0.999534905
vn 0.0203602295 -0.00765109016 -0.999763429
vn 0.00906467438 -0.00885736942 -0.999919713
vn 0.0223559104 0.0113648102 -0.999685526
vn 0.00777190877 0.0270987693 -0.999602616
vn -0.00564640714 0.00278246403 -0.999980271
vn 0.00932615809 0.0646607131 -0.99786371
vn -0.0242183208 0.0354162417 -0.999079227
vn 0.033678405 -0.0139548685 -0.999335289
vn 0.0270831455 0.0105014993 -0.999577999
vn -0.0293803755 -0.0145676685 -0.999462187
vn -0.0272391401 -0.0204663202 -0.999419391
vn 0.0252243169 -0.0370687172 -0.998994291
vn -0.00445639994 0.0366400406 -0.9993186
vn -0.0299516302 0.0150400903 -0.999438226
vn -0.0067649479 -0.0256044194 -0.999649286
vn 0.00101357605 0.0144259296 -0.999895513
vn 0 1.23409991e-05 -1
vn -0.00591641618 -0.0254834797 -0.99965781
vn -0.0203089081 -0.00969117694 -0.999746799
vn 0 -3.08207964e-05 -1
vn 0 1.45068998e-05 -1
vn 0 1.16205001e-05 -1
vn 0 -3.58849002e-06 -1
vn -0.850776911 0.525365174 -0.0130451303
vn -0.993883908 0.108585387 0.0200994574
vn -0.893980205 -0.447468609 -0.0239008609
vn 0.00435292721 -0.999922216 0.0116919205
vn -0.0280985162 -0.999576807 0.00752520422
vn -0.0785465091 0.772868872 -0.62968576
vn -0.325349897 0.575559974 -0.750252128
vn -0.59196043 0.467285752 -0.656678736
vn -0.598262668 -0.315132558 -0.73673147
vn -0.662931085 -0.448976606 -0.599118114
vn -0.0187293217 -0.930681229 -0.365351737
vn -0.146657407 -0.238810897 -0.959927619
vn -0.0400353596 0.0952050611 -0.994652271
vn -0.8869344 0.461375803 0.0219050609
vn -0.935971677 0.352011383 0.00670599798
vn -0.986833096 -0.160586402 -0.0193014704
vn -0.719765067 -0.693930566 -0.0199667774
vn -0.278192192 -0.960274518 0.0219535809
vn 0.200111896 -0.979683995 -0.01321238
vn -0.322581708 -0.631747723 -0.704865813
vn 0.124778189 -0.815676987 -0.564890623
vn -0.349646658 -0.231826469 -0.907746494
vn 0.559398413 -0.320465773 -0.764444292
vn 0.555211961 -0.306230366 -0.773280501
vn 0.1226063 -0.0884924531 -0.988502324
vn -0.459426105 0.888035476 -0.0179099403
vn -0.977013528 0.213052005 0.00731652882
vn -0.955523193 0.294459939 0.0163954422
vn -0.959198296 -0.282027692 -0.0199784599
vn -0.413343906 -0.910569906 -0.00306707597
vn -0.214897007 -0.976476729 0.0176754501
vn 0.538897812 0.329067081 -0.775437891
vn 0.312977105 0.479110688 -0.820060015
vn 0.337393492 0.479955703 -0.809819818
vn -0.669932663 0.331182569 -0.664460957
vn -0.40619725 0.663250446 -0.628571868
vn 0.421933651 0.906537056 -0.0127481185
vn 0.417321891 0.90875572 -0.00236612489
vn 0.770080328 0.63765651 0.0192518793
vn 0.790384173 0.612179697 -0.0229997598
vn 0.989329875 0.144649699 0.0174021702
vn 0.99038291 0.138316199 0.00320875598
vn -0.130325302 0.991461873 -0.00433146907
vn -0.120727398 0.992656171 0.00766378595
vn -0.996150613 -0.0875280425 0.00477021886
vn -0.996370196 -0.0851250812 -0.000517424021
vn -0.904378712 0.425417393 0.0334565602
vn -0.925144196 0.378130645 -0.0335463174
vn -0.609509706 0.792764425 -0.00475990679
vn -0.614926875 0.788517177 0.01028251
vn -0.812512994 -0.58277446 -0.0140198981
vn -0.79930681 -0.600771904 0.01348483
vn 0.576588631 -0.817009807 -0.00638270378
vn 0.57523042 -0.817986906 -0.00271588494
vn 0.1400242 -0.989482701 0.0362942182
vn 0.0874921009 -0.995588303 -0.0338990018
vn -0.375459999 -0.926833391 -0.0031229849
vn -0.378563702 -0.925565422 0.00428098394
vn 0.920007229 -0.3918311 -0.00743067218
vn 0.923842728 -0.382742703 0.00476676179
vn 0.850780606 -0.52535975 -0.0130221182
vn 0.993885517 -0.108570002 0.0201050602
vn 0.866391301 0.498569489 -0.0281888805
vn -0.0125163104 0.999841392 0.0126788002
vn 0.0280162562 0.999579489 0.00747710327
vn 0.909630716 -0.415132493 0.0153956404
vn 0.936005116 -0.351922899 0.00668799784
vn 0.798668802 0.601052821 -0.0293892603
vn 0.278218299 0.960266709 0.0219676401
vn -0.200121775 0.979682207 -0.0131926481
vn 0.4594886 -0.888003826 -0.0178747103
vn 0.976967514 -0.213262901 0.00731128408
vn 0.955469429 -0.294634789 0.0163869206
vn 0.959240615 0.281883389 -0.0199806001
vn 0.413263589 0.910606325 -0.003065228
vn 0.21517013 0.976417243 0.0176462512
vn -0.0823088139 0.0480323918 -0.995448709
vn -0.0186244193 0.131631896 -0.991123676
vn -0.090571329 0.207140177 -0.974109709
vn 0.0741540641 0.0135593982 -0.997154593
vn 0.011144449 -0.206461176 -0.97839129
vn 0.182592899 0.126324698 -0.975039482
vn -0.0519066341 -0.0600324124 -0.996845901
vn 0 -7.25238988e-06 -1
vn 0 4.20325978e-06 -1
vn 0.033160679 -0.0449782014 -0.998437524
vn -0.759706557 -0.0538770407 -0.648030221
vn -0.0389123447 -0.0322214253 -0.99872297
vn 0.0641490817 0.0742225572 -0.995176375
vn 0.356647998 -0.563598275 -0.745090127
vn 0.564978659 -0.455575347 -0.687931836
vn 0.590452611 0.194011599 -0.783406198
vn 0.636870503 0.385842592 -0.667473972
vn 0.661796391 0.5673576 -0.4900316
vn 0.126002789 0.656903565 -0.743371367
vn -0.101628482 0.739773452 -0.665136755
vn -0.566166282 0.4012312 -0.720048189
vn -0.581860125 0.04683524 -0.81193918
vn -0.313435405 -0.480232686 -0.819228172
vn -0.54250443 -0.329553664 -0.772711694
vn -0.338273197 -0.481195807 -0.808716178
vn 0.664905548 -0.331511974 -0.669328332
vn 0.405084401 -0.660172701 -0.632517815
vn 0.916206419 0.0818691775 -0.392254204
vn 0.0273826104 -0.62993598 -0.776164293
vn -0.131188601 0.658982217 -0.740629494
vn -0.708000243 -0.0740919635 -0.702314734
vn 0.272838503 -0.96120882 0.0404579602
vn 0.132851705 0.837562621 0.529942811
vn 0.527406275 -0.657253087 -0.538387418
vn 0.222383201 -0.899368525 0.37640661
vn 0.961779773 0.154855996 -0.225830197
vn 0.1948286 0.632870972 0.749343872
vn 0.0469172485 0.998075008 -0.0405594707
vn -0.0886062905 0.186326593 -0.978484213
vn -0.256469309 0.0380973183 -0.965801299
vn -0.0668266341 -0.217078969 -0.9738639
vn -0.221206993 0.275646299 -0.935460687
vn -0.522937775 -0.0183902308 -0.852172494

# Mesh 'Part__Feature001_011-mesh' with 488 faces
g Part__Feature001_011-mesh
usemtl Part__Feature001_008_005
f  1//1 2//1 3//1
f  4//2 5//2 6//2
f  7//3 8//3 9//3
f  10//4 11//4 12//4
f  13//5 8//5 7//5
f  14//6 5//6 4//6
f  10//7 15//7 11//7
f  10//8 12//8 16//8
f  7//9 17//9 18//9
f  7//10 18//10 19//10
f  2//11 10//11 16//11
f  20//12 13//12 7//12
f  21//13 22//13 23//13
f  24//14 25//14 26//14
f  2//15 16//15 3//15
f  1//16 10//16 2//16
f  27//17 19//17 14//17
f  1//18 15//18 10//18
f  28//19 20//19 7//19
f  29//20 24//20 26//20
f  27//21 7//21 19//21
f  30//22 24//22 29//22
f  28//23 7//23 27//23
f  31//24 30//24 29//24
f  32//25 15//25 1//25
f  33//26 14//26 4//26
f  32//27 4//27 15//27
f  34//28 30//28 31//28
f  35//29 34//29 36//29
f  37//30 20//30 28//30
f  37//31 38//31 20//31
f  29//32 26//32 39//32
f  33//33 4//33 32//33
f  40//34 14//34 33//34
f  36//35 34//35 31//35
f  41//36 3//36 42//36
f  37//37 43//37 38//37
f  41//38 1//38 3//38
f  27//39 14//39 40//39
f  21//40 44//40 35//40
f  45//41 28//41 27//41
f  46//42 44//42 23//42
f  23//43 44//43 21//43
f  47//44 48//44 46//44
f  45//45 37//45 28//45
f  49//46 1//46 41//46
f  49//47 32//47 1//47
f  50//48 46//48 23//48
f  43//49 37//49 45//49
f  51//50 32//50 49//50
f  52//51 29//51 39//51
f  21//52 35//52 53//52
f  54//53 41//53 42//53
f  53//54 35//54 36//54
f  52//55 31//55 29//55
f  51//56 33//56 32//56
f  55//57 27//57 40//57
f  56//58 31//58 52//58
f  57//59 46//59 50//59
f  55//60 45//60 27//60
f  56//61 36//61 31//61
f  47//62 46//62 57//62
f  58//63 40//63 33//63
f  59//64 55//64 40//64
f  43//65 45//65 55//65
f  60//66 53//66 36//66
f  57//67 61//67 47//67
f  22//68 50//68 23//68
f  62//69 49//69 41//69
f  22//70 21//70 53//70
f  63//71 56//71 52//71
f  59//72 40//72 58//72
f  64//73 41//73 54//73
f  60//74 36//74 56//74
f  62//75 41//75 64//75
f  65//76 51//76 49//76
f  65//77 49//77 62//77
f  64//78 54//78 66//78
f  63//79 52//79 67//79
f  68//80 55//80 59//80
f  5//81 60//81 56//81
f  9//82 50//82 22//82
f  57//83 8//83 61//83
f  69//84 58//84 33//84
f  69//85 33//85 51//85
f  69//86 51//86 65//86
f  70//87 55//87 68//87
f  6//88 56//88 63//88
f  11//89 63//89 67//89
f  9//90 57//90 50//90
f  59//91 58//91 71//91
f  70//92 43//92 55//92
f  70//93 72//93 43//93
f  8//94 57//94 9//94
f  17//95 22//95 18//95
f  19//96 22//96 53//96
f  5//97 56//97 6//97
f  18//98 22//98 19//98
f  6//99 63//99 11//99
f  9//100 22//100 17//100
f  68//101 59//101 71//101
f  14//102 53//102 60//102
f  73//103 70//103 68//103
f  11//104 67//104 12//104
f  71//105 58//105 69//105
f  73//106 72//106 70//106
f  19//107 53//107 14//107
f  73//108 74//108 72//108
f  14//109 60//109 5//109
f  15//110 6//110 11//110
f  7//111 9//111 17//111
f  4//112 6//112 15//112
f  75//113 76//113 77//113
f  78//114 79//114 80//114
f  81//115 82//115 83//115
f  78//116 84//116 79//116
f  78//117 80//117 85//117
f  86//118 87//118 88//118
f  86//119 81//119 87//119
f  89//120 90//120 91//120
f  92//121 75//121 77//121
f  93//122 81//122 86//122
f  93//123 82//123 81//123
f  94//124 95//124 96//124
f  97//125 98//125 99//125
f  100//126 101//126 102//126
f  103//127 84//127 78//127
f  104//128 97//128 99//128
f  104//129 102//129 97//129
f  105//130 106//130 107//130
f  100//131 102//131 104//131
f  86//132 105//132 108//132
f  109//133 110//133 101//133
f  109//134 101//134 100//134
f  111//135 86//135 108//135
f  112//136 84//136 103//136
f  109//137 100//137 104//137
f  112//138 113//138 84//138
f  114//139 86//139 111//139
f  114//140 115//140 93//140
f  116//141 106//141 117//141
f  118//142 104//142 99//142
f  116//143 107//143 106//143
f  119//144 109//144 104//144
f  85//145 120//145 78//145
f  121//146 118//146 122//146
f  94//147 123//147 110//147
f  124//148 125//148 96//148
f  126//149 109//149 119//149
f  126//150 110//150 109//150
f  121//151 104//151 118//151
f  127//152 125//152 124//152
f  96//153 123//153 94//153
f  94//154 110//154 126//154
f  128//155 104//155 121//155
f  127//156 129//156 125//156
f  128//157 119//157 104//157
f  95//158 124//158 96//158
f  130//159 121//159 122//159
f  131//160 126//160 119//160
f  132//161 121//161 130//161
f  133//162 94//162 126//162
f  132//163 128//163 121//163
f  131//164 119//164 128//164
f  132//165 130//165 134//165
f  135//166 136//166 127//166
f  135//167 127//167 124//167
f  83//168 124//168 95//168
f  137//169 128//169 132//169
f  79//170 132//170 134//170
f  87//171 94//171 133//171
f  87//172 95//172 94//172
f  131//173 128//173 137//173
f  137//174 132//174 79//174
f  83//175 135//175 124//175
f  81//176 95//176 87//176
f  81//177 83//177 95//177
f  79//178 134//178 80//178
f  106//179 126//179 75//179
f  106//180 133//180 126//180
f  75//181 131//181 137//181
f  75//182 126//182 131//182
f  87//183 133//183 88//183
f  84//184 137//184 79//184
f  88//185 133//185 106//185
f  76//186 84//186 113//186
f  65//187 138//187 139//187
f  69//188 65//188 139//188
f  140//189 141//189 142//189
f  143//190 142//190 144//190
f  143//191 140//191 142//191
f  145//192 143//192 144//192
f  145//193 144//193 146//193
f  66//194 145//194 146//194
f  64//195 66//195 146//195
f  62//196 146//196 138//196
f  62//197 64//197 146//197
f  65//198 62//198 138//198
f  147//199 30//199 34//199
f  148//200 147//200 34//200
f  148//201 34//201 35//201
f  110//202 149//202 150//202
f  101//203 110//203 150//203
f  151//204 148//204 35//204
f  101//205 150//205 152//205
f  102//206 101//206 152//206
f  102//207 152//207 25//207
f  97//208 102//208 25//208
f  97//209 25//209 24//209
f  98//210 97//210 24//210
f  98//211 24//211 30//211
f  147//212 98//212 30//212
f  153//213 154//213 155//213
f  156//214 130//214 157//214
f  156//215 157//215 158//215
f  159//216 154//216 153//216
f  156//217 134//217 130//217
f  160//218 161//218 159//218
f  90//219 162//219 91//219
f  163//220 129//220 127//220
f  164//221 165//221 166//221
f  89//222 167//222 90//222
f  168//223 167//223 89//223
f  136//224 163//224 127//224
f  169//225 163//225 170//225
f  170//226 163//226 136//226
f  171//227 158//227 172//227
f  108//228 107//228 153//228
f  173//229 169//229 170//229
f  80//230 156//230 158//230
f  80//231 158//231 171//231
f  160//232 153//232 107//232
f  174//233 169//233 173//233
f  76//234 113//234 175//234
f  175//235 91//235 162//235
f  176//236 162//236 177//236
f  120//237 171//237 178//237
f  175//238 162//238 176//238
f  120//239 85//239 80//239
f  179//240 171//240 180//240
f  181//241 170//241 136//241
f  181//242 136//242 135//242
f  182//243 174//243 173//243
f  183//244 147//244 148//244
f  181//245 173//245 170//245
f  182//246 184//246 174//246
f  112//247 91//247 113//247
f  185//248 147//248 183//248
f  185//249 98//249 147//249
f  186//250 183//250 148//250
f  151//251 184//251 182//251
f  187//252 173//252 181//252
f  186//253 148//253 151//253
f  188//254 182//254 173//254
f  188//255 173//255 187//255
f  82//256 135//256 83//256
f  99//257 98//257 185//257
f  189//258 182//258 188//258
f  82//259 181//259 135//259
f  190//260 183//260 186//260
f  189//261 151//261 182//261
f  187//262 181//262 82//262
f  191//263 185//263 183//263
f  191//264 183//264 190//264
f  192//265 151//265 189//265
f  192//266 186//266 151//266
f  122//267 185//267 191//267
f  122//268 118//268 99//268
f  122//269 99//269 185//269
f  190//270 186//270 192//270
f  161//271 187//271 82//271
f  188//272 187//272 161//272
f  154//273 82//273 93//273
f  157//274 191//274 190//274
f  193//275 188//275 161//275
f  161//276 82//276 154//276
f  172//277 190//277 192//277
f  193//278 189//278 188//278
f  192//279 189//279 162//279
f  157//280 122//280 191//280
f  157//281 190//281 172//281
f  130//282 122//282 157//282
f  167//283 172//283 192//283
f  165//284 189//284 193//284
f  162//285 189//285 165//285
f  167//286 192//286 162//286
f  114//287 108//287 153//287
f  193//288 160//288 194//288
f  158//289 157//289 172//289
f  154//290 115//290 155//290
f  156//291 80//291 134//291
f  96//292 125//292 195//292
f  96//293 195//293 149//293
f  123//294 96//294 149//294
f  184//295 35//295 44//295
f  110//296 123//296 149//296
f  184//297 151//297 35//297
f  174//298 184//298 44//298
f  169//299 44//299 46//299
f  169//300 174//300 44//300
f  163//301 169//301 46//301
f  163//302 46//302 48//302
f  129//303 163//303 48//303
f  129//304 48//304 196//304
f  125//305 129//305 196//305
f  125//306 196//306 195//306
f  197//307 198//307 199//307
f  200//308 201//308 202//308
f  200//309 202//309 38//309
f  203//310 204//310 205//310
f  197//311 67//311 198//311
f  206//312 204//312 203//312
f  207//313 205//313 201//313
f  207//314 201//314 200//314
f  208//315 209//315 206//315
f  210//316 38//316 43//316
f  208//317 199//317 209//317
f  211//318 199//318 208//318
f  212//319 196//319 48//319
f  210//320 200//320 38//320
f  208//321 206//321 203//321
f  204//322 213//322 205//322
f  210//323 43//323 214//323
f  61//324 48//324 47//324
f  211//325 197//325 199//325
f  212//326 48//326 61//326
f  12//327 197//327 211//327
f  12//328 67//328 197//328
f  215//329 196//329 212//329
f  195//330 196//330 215//330
f  216//331 212//331 61//331
f  217//332 211//332 208//332
f  218//333 200//333 210//333
f  218//334 210//334 214//334
f  12//335 211//335 219//335
f  219//336 211//336 217//336
f  215//337 212//337 216//337
f  218//338 207//338 200//338
f  203//339 205//339 207//339
f  219//340 16//340 12//340
f  152//341 150//341 220//341
f  221//342 61//342 8//342
f  222//343 149//343 223//343
f  222//344 150//344 149//344
f  224//345 208//345 203//345
f  72//346 214//346 43//346
f  224//347 217//347 208//347
f  225//348 207//348 218//348
f  226//349 219//349 217//349
f  216//350 61//350 221//350
f  220//351 150//351 222//351
f  227//352 214//352 72//352
f  228//353 195//353 215//353
f  229//354 217//354 224//354
f  230//355 152//355 220//355
f  227//356 218//356 214//356
f  228//357 149//357 195//357
f  226//358 217//358 229//358
f  25//359 152//359 230//359
f  223//360 149//360 228//360
f  203//361 207//361 225//361
f  215//362 216//362 221//362
f  225//363 218//363 227//363
f  231//364 219//364 226//364
f  232//365 25//365 230//365
f  231//366 3//366 16//366
f  231//367 16//367 219//367
f  233//368 221//368 8//368
f  230//369 220//369 234//369
f  26//370 25//370 232//370
f  222//371 234//371 220//371
f  235//372 224//372 203//372
f  236//373 221//373 233//373
f  237//374 72//374 74//374
f  237//375 227//375 72//375
f  233//376 8//376 13//376
f  236//377 215//377 221//377
f  223//378 228//378 213//378
f  229//379 224//379 235//379
f  213//380 215//380 236//380
f  213//381 228//381 215//381
f  238//382 222//382 223//382
f  225//383 227//383 237//383
f  232//384 39//384 26//384
f  234//385 222//385 238//385
f  239//386 226//386 229//386
f  202//387 233//387 13//387
f  231//388 226//388 239//388
f  202//389 236//389 233//389
f  240//390 203//390 225//390
f  231//391 42//391 3//391
f  241//392 230//392 234//392
f  140//393 229//393 235//393
f  141//394 203//394 240//394
f  235//395 203//395 141//395
f  241//396 232//396 230//396
f  242//397 229//397 140//397
f  243//398 234//398 238//398
f  241//399 39//399 232//399
f  42//400 231//400 239//400
f  239//401 229//401 242//401
f  238//402 223//402 206//402
f  202//403 13//403 20//403
f  240//404 225//404 237//404
f  143//405 242//405 140//405
f  198//406 234//406 243//406
f  198//407 241//407 234//407
f  204//408 223//408 213//408
f  239//409 54//409 42//409
f  204//410 206//410 223//410
f  145//411 239//411 242//411
f  201//412 236//412 202//412
f  140//413 235//413 141//413
f  145//414 54//414 239//414
f  198//415 52//415 39//415
f  198//416 39//416 241//416
f  205//417 236//417 201//417
f  205//418 213//418 236//418
f  145//419 66//419 54//419
f  145//420 242//420 143//420
f  209//421 243//421 238//421
f  199//422 243//422 209//422
f  209//423 238//423 206//423
f  38//424 202//424 20//424
f  198//425 67//425 52//425
f  199//426 198//426 243//426
f  240//427 237//427 244//427
f  240//428 244//428 142//428
f  141//429 240//429 142//429
f  69//430 139//430 245//430
f  71//431 69//431 245//431
f  68//432 71//432 245//432
f  68//433 245//433 246//433
f  73//434 68//434 246//434
f  74//435 73//435 246//435
f  74//436 246//436 244//436
f  237//437 74//437 244//437
f  138//438 146//438 144//438
f  138//439 142//439 139//439
f  138//439 144//438 142//439
f  245//440 244//440 246//440
f  139//441 244//441 245//441
f  139//439 142//439 244//442
f  178//443 171//443 179//443
f  175//444 164//444 166//444
f  175//445 176//445 177//445
f  175//446 177//446 164//446
f  103//447 120//447 178//447
f  155//448 115//448 114//448
f  162//449 164//449 177//449
f  117//450 92//450 77//450
f  106//451 92//451 117//451
f  108//452 105//452 107//452
f  77//453 76//453 175//453
f  180//454 168//454 89//454
f  112//455 103//455 178//455
f  166//456 194//456 160//456
f  153//457 155//457 114//457
f  103//458 78//458 120//458
f  160//459 107//459 166//459
f  178//460 180//460 89//460
f  107//461 117//461 77//461
f  160//462 159//462 153//462
f  165//463 194//463 166//463
f  113//464 91//464 175//464
f  77//465 175//465 107//465
f  89//466 91//466 112//466
f  178//467 179//467 180//467
f  175//468 166//468 107//232
f  178//469 89//469 112//469
f  114//470 111//470 108//470
f  107//471 116//471 117//471
f  171//472 168//472 180//472
f  75//473 137//473 76//473
f  105//474 88//474 106//474
f  86//475 88//475 105//475
f  114//476 93//476 86//476
f  76//477 137//477 84//477
f  159//478 161//478 154//478
f  90//479 167//479 162//479
f  168//480 172//480 167//480
f  120//481 80//481 171//481
f  193//288 161//482 160//288
f  154//483 93//483 115//483
f  162//484 165//484 164//484
f  106//485 75//485 92//485
f  165//463 193//486 194//463
f  171//487 172//487 168//487

# Mesh 'Part__Feature002_011-mesh' with 690 faces
g Part__Feature002_011-mesh
usemtl Part__Feature002_005_005
f  247//488 248//488 249//488
f  250//489 251//489 252//489
f  248//490 253//490 249//490
f  251//491 254//491 252//491
f  254//492 255//492 256//492
f  256//493 255//493 257//493
f  255//494 247//494 257//494
f  258//495 259//495 260//495
f  258//496 260//496 261//496
f  261//497 262//497 258//497
f  262//498 261//498 263//498
f  263//499 264//499 262//499
f  264//500 263//500 265//500
f  266//501 264//501 265//501
f  267//502 265//502 268//502
f  267//503 266//503 265//503
f  268//504 269//504 267//504
f  270//505 269//505 268//505
f  270//506 271//506 269//506
f  271//507 270//507 272//507
f  272//508 273//508 271//508
f  274//509 273//509 272//509
f  274//510 275//510 273//510
f  275//511 274//511 276//511
f  276//512 277//512 275//512
f  278//513 276//513 279//513
f  278//514 277//514 276//514
f  279//515 280//515 278//515
f  259//516 281//516 260//516
f  280//517 279//517 282//517
f  283//518 284//518 285//518
f  283//519 285//519 286//519
f  287//520 283//520 286//520
f  287//521 286//521 288//521
f  289//522 287//522 288//522
f  289//523 288//523 290//523
f  291//524 289//524 290//524
f  291//525 290//525 292//525
f  293//526 291//526 292//526
f  294//527 293//527 292//527
f  294//528 292//528 295//528
f  296//529 294//529 295//529
f  297//530 296//530 295//530
f  297//531 295//531 298//531
f  299//532 297//532 298//532
f  300//533 299//533 298//533
f  300//534 298//534 301//534
f  302//535 300//535 301//535
f  303//536 302//536 301//536
f  303//537 301//537 304//537
f  305//538 303//538 304//538
f  306//539 305//539 304//539
f  306//540 304//540 307//540
f  308//541 306//541 307//541
f  309//542 308//542 307//542
f  309//543 307//543 310//543
f  311//544 309//544 310//544
f  311//545 310//545 312//545
f  313//546 311//546 312//546
f  313//547 312//547 314//547
f  315//548 313//548 314//548
f  316//549 247//549 317//549
f  318//550 250//550 319//550
f  247//551 249//551 317//551
f  250//552 252//552 319//552
f  319//553 252//553 320//553
f  249//554 253//554 317//554
f  317//555 253//555 321//555
f  252//556 254//556 320//556
f  254//557 256//557 320//557
f  320//558 256//558 322//558
f  256//559 257//559 322//559
f  322//560 257//560 316//560
f  257//561 247//561 316//561
f  323//562 259//562 258//562
f  323//563 324//563 259//563
f  325//564 323//564 258//564
f  325//565 258//565 262//565
f  326//566 325//566 262//566
f  326//567 262//567 264//567
f  326//568 264//568 266//568
f  327//569 326//569 266//569
f  327//570 266//570 267//570
f  328//571 267//571 269//571
f  328//572 327//572 267//572
f  328//573 269//573 271//573
f  329//574 328//574 271//574
f  329//575 271//575 273//575
f  330//576 329//576 273//576
f  330//577 273//577 275//577
f  331//578 330//578 275//578
f  332//579 331//579 275//579
f  332//580 275//580 277//580
f  332//581 277//581 278//581
f  333//582 332//582 278//582
f  334//583 278//583 280//583
f  334//584 333//584 278//584
f  335//585 336//585 337//585
f  338//586 339//586 340//586
f  341//587 339//587 338//587
f  336//588 342//588 337//588
f  337//589 342//589 343//589
f  340//590 344//590 345//590
f  339//591 344//591 340//591
f  342//592 346//592 343//592
f  343//593 346//593 347//593
f  344//594 348//594 345//594
f  345//595 348//595 349//595
f  348//596 350//596 349//596
f  346//597 341//597 347//597
f  347//598 341//598 338//598
f  349//599 350//599 351//599
f  352//600 353//600 354//600
f  354//601 353//601 355//601
f  356//602 357//602 358//602
f  357//603 359//603 358//603
f  358//604 359//604 360//604
f  353//605 361//605 355//605
f  355//606 361//606 362//606
f  361//607 363//607 362//607
f  359//608 352//608 360//608
f  360//609 352//609 354//609
f  364//610 365//610 366//610
f  365//611 367//611 366//611
f  368//612 369//612 370//612
f  366//613 367//613 371//613
f  367//614 372//614 371//614
f  369//615 373//615 370//615
f  370//616 373//616 374//616
f  373//617 375//617 374//617
f  374//618 375//618 364//618
f  375//619 365//619 364//619
f  376//620 377//620 378//620
f  379//621 380//621 381//621
f  377//622 382//622 378//622
f  378//623 382//623 383//623
f  381//624 384//624 385//624
f  380//625 384//625 381//625
f  384//626 386//626 385//626
f  385//627 386//627 387//627
f  386//628 388//628 387//628
f  387//629 388//629 376//629
f  388//630 377//630 376//630
f  389//631 390//631 391//631
f  392//632 389//632 391//632
f  392//633 391//633 393//633
f  394//634 392//634 393//634
f  394//635 393//635 395//635
f  396//636 394//636 395//636
f  396//637 395//637 397//637
f  398//638 396//638 397//638
f  398//639 397//639 399//639
f  400//640 398//640 399//640
f  400//641 399//641 401//641
f  402//642 400//642 401//642
f  402//643 401//643 403//643
f  404//644 402//644 403//644
f  404//645 403//645 405//645
f  406//646 404//646 405//646
f  406//647 405//647 407//647
f  408//648 406//648 407//648
f  408//649 407//649 409//649
f  410//650 408//650 409//650
f  410//651 409//651 411//651
f  412//652 410//652 411//652
f  412//653 411//653 413//653
f  414//654 412//654 413//654
f  414//655 413//655 415//655
f  416//656 414//656 415//656
f  416//657 415//657 417//657
f  418//658 416//658 417//658
f  419//659 420//659 421//659
f  422//660 423//660 424//660
f  364//660 366//660 425//660
f  425//661 366//661 426//661
f  378//662 295//662 327//662
f  323//663 288//663 286//663
f  325//660 288//660 323//660
f  387//660 376//660 328//660
f  327//664 295//664 326//664
f  328//660 376//660 327//660
f  295//664 292//665 326//664
f  420//666 427//666 421//666
f  325//660 290//660 288//660
f  326//660 290//660 325//660
f  314//667 334//667 428//667
f  326//668 292//668 290//668
f  429//669 430//669 251//669
f  424//660 423//660 431//660
f  307//670 304//670 330//670
f  423//660 432//660 431//660
f  376//660 378//660 327//660
f  366//671 371//671 426//671
f  314//660 333//660 334//660
f  433//672 434//672 435//672
f  429//673 436//673 430//673
f  312//674 333//674 314//674
f  437//675 285//675 438//675
f  379//676 301//676 439//676
f  434//672 440//677 435//672
f  330//670 304//670 329//678
f  312//679 332//679 333//679
f  370//660 374//660 425//660
f  432//660 441//660 431//660
f  431//660 441//660 371//660
f  429//680 438//680 436//680
f  324//681 285//681 437//681
f  442//682 370//682 425//682
f  310//683 332//683 312//683
f  433//672 443//684 434//672
f  421//685 438//685 429//685
f  439//686 298//686 444//686
f  301//687 298//687 439//687
f  445//688 443//688 433//688
f  427//689 438//689 421//689
f  248//690 247//690 446//690
f  371//691 248//691 426//691
f  442//682 368//692 370//682
f  426//693 248//693 446//693
f  441//694 248//694 371//694
f  435//672 440//677 442//695
f  444//696 298//696 447//696
f  247//697 255//697 446//697
f  374//660 364//660 425//660
f  441//698 253//698 248//698
f  442//682 448//699 368//692
f  449//700 253//700 441//700
f  440//677 448//701 442//695
f  310//660 331//660 332//660
f  307//702 331//702 310//702
f  437//703 438//703 427//703
f  446//704 255//704 430//704
f  329//660 385//660 328//660
f  447//705 298//705 450//705
f  329//660 381//660 385//660
f  304//670 381//706 329//706
f  449//707 419//707 253//707
f  324//708 286//663 285//708
f  368//660 448//660 422//660
f  385//660 387//660 328//660
f  255//709 254//709 430//709
f  301//710 381//710 304//710
f  449//711 420//711 419//711
f  298//712 295//712 450//712
f  450//713 295//662 383//713
f  428//714 443//714 445//714
f  251//715 430//715 254//715
f  323//716 286//716 324//716
f  301//717 379//717 381//717
f  428//718 334//718 443//684
f  331//719 307//670 330//670
f  383//720 295//720 378//720
f  448//660 423//660 422//660
f  439//721 451//721 379//721
f  452//722 451//722 439//722
f  383//723 382//723 450//723
f  382//724 453//724 450//724
f  450//725 453//725 447//725
f  451//726 380//726 379//726
f  453//727 454//727 447//727
f  447//728 454//728 444//728
f  444//729 454//729 439//729
f  454//730 452//730 439//730
f  422//731 455//731 368//731
f  456//732 455//732 422//732
f  371//733 372//733 431//733
f  372//734 457//734 431//734
f  455//735 369//735 368//735
f  431//736 457//736 424//736
f  457//737 458//737 424//737
f  458//738 456//738 424//738
f  424//739 456//739 422//739
f  459//740 460//740 461//740
f  459//740 462//741 460//740
f  463//742 315//742 464//742
f  463//743 465//743 466//743
f  463//743 466//743 315//744
f  467//745 468//745 469//745
f  470//746 471//746 472//746
f  473//747 474//747 475//747
f  476//748 477//748 478//748
f  356//749 479//749 480//749
f  481//750 479//750 356//750
f  482//751 479//751 481//751
f  482//752 483//752 479//752
f  482//753 484//753 483//753
f  485//754 484//754 482//754
f  486//755 484//755 487//755
f  486//756 487//756 488//756
f  487//757 484//757 485//757
f  489//758 361//758 353//758
f  489//759 363//759 361//759
f  353//760 352//760 489//760
f  490//761 363//761 489//761
f  490//762 491//762 363//762
f  490//763 492//763 491//763
f  493//764 492//764 490//764
f  359//765 480//765 352//765
f  486//766 492//766 493//766
f  486//767 488//767 492//767
f  359//768 357//768 480//768
f  357//769 356//769 480//769
f  309//770 311//770 494//770
f  309//771 494//771 495//771
f  308//772 309//772 495//772
f  308//773 495//773 496//773
f  306//774 308//774 496//774
f  306//775 496//775 497//775
f  305//776 306//776 497//776
f  305//777 497//777 498//777
f  303//778 305//778 498//778
f  303//779 498//779 499//779
f  302//780 303//780 499//780
f  302//781 499//781 500//781
f  300//782 302//782 500//782
f  300//783 500//783 501//783
f  299//784 300//784 501//784
f  299//785 501//785 502//785
f  297//786 299//786 502//786
f  297//787 502//787 503//787
f  296//788 297//788 503//788
f  296//789 503//789 504//789
f  294//790 296//790 504//790
f  294//791 504//791 505//791
f  293//792 294//792 505//792
f  293//793 505//793 506//793
f  291//794 293//794 506//794
f  289//795 291//795 506//795
f  289//796 506//796 507//796
f  508//797 344//797 509//797
f  344//798 339//798 509//798
f  510//799 344//799 508//799
f  510//800 348//800 344//800
f  339//801 341//801 509//801
f  510//802 350//802 348//802
f  511//803 350//803 510//803
f  511//804 512//804 350//804
f  511//805 513//805 512//805
f  511//806 514//806 513//806
f  515//807 516//807 514//807
f  516//808 515//808 517//808
f  517//809 515//809 335//809
f  515//810 518//810 335//810
f  335//811 518//811 336//811
f  336//812 518//812 342//812
f  518//813 519//813 342//813
f  341//814 520//814 509//814
f  342//815 520//815 346//815
f  346//816 520//816 341//816
f  342//817 519//817 520//817
f  287//818 521//818 522//818
f  459//819 523//819 284//819
f  284//820 524//820 462//820
f  284//821 462//741 459//740
f  289//822 521//822 287//822
f  522//823 525//823 526//823
f  523//824 461//824 527//824
f  526//825 283//825 522//825
f  523//826 527//826 389//826
f  287//818 522//818 283//827
f  528//828 311//828 313//828
f  529//829 530//829 315//829
f  531//830 532//830 418//830
f  533//831 528//831 313//831
f  534//832 532//832 531//832
f  529//833 532//832 534//832
f  313//834 466//834 533//834
f  535//835 457//835 536//835
f  373//836 358//836 360//836
f  369//837 358//836 373//836
f  375//837 373//836 360//836
f  375//837 360//836 354//837
f  365//837 375//837 354//837
f  369//837 537//837 358//836
f  455//837 537//837 369//837
f  365//837 354//837 355//837
f  455//837 538//837 537//837
f  456//838 538//837 455//837
f  367//837 365//837 355//837
f  539//837 538//837 456//838
f  539//837 456//838 458//837
f  362//839 367//837 355//837
f  362//839 372//840 367//837
f  540//837 539//837 458//837
f  541//837 372//840 362//839
f  542//837 458//837 457//835
f  542//837 540//837 458//837
f  536//835 372//840 541//837
f  535//835 542//837 457//835
f  536//835 457//835 372//840
f  487//841 485//841 540//841
f  363//842 491//842 362//842
f  362//843 491//843 541//843
f  540//844 485//844 539//844
f  485//845 482//845 539//845
f  541//846 492//846 536//846
f  491//847 492//847 541//847
f  539//848 482//848 538//848
f  536//849 492//849 535//849
f  482//850 481//850 538//850
f  492//851 488//851 535//851
f  538//852 481//852 537//852
f  535//853 488//853 542//853
f  481//854 356//854 537//854
f  488//855 487//855 542//855
f  537//856 356//856 358//856
f  542//857 487//857 540//857
f  543//837 453//837 351//837
f  384//837 343//837 347//837
f  386//858 384//837 347//837
f  380//859 337//859 343//837
f  380//859 343//837 384//837
f  386//858 347//837 338//860
f  388//861 386//858 338//860
f  451//837 337//859 380//859
f  451//837 544//837 337//859
f  388//861 338//860 340//862
f  377//837 388//861 340//862
f  451//837 545//837 544//837
f  377//837 340//862 345//863
f  452//864 545//837 451//837
f  345//863 382//837 377//837
f  349//865 382//837 345//863
f  546//866 545//837 452//864
f  546//866 452//864 454//837
f  351//837 382//837 349//865
f  351//837 453//837 382//837
f  543//837 546//866 454//837
f  543//837 454//837 453//837
f  514//867 516//867 546//867
f  546//868 516//868 545//868
f  350//869 512//869 351//869
f  512//870 513//870 351//870
f  351//871 513//871 543//871
f  516//872 517//872 545//872
f  545//873 517//873 544//873
f  517//874 335//874 544//874
f  544//875 335//875 337//875
f  513//876 514//876 543//876
f  543//877 514//877 546//877
f  334//878 280//878 547//878
f  443//879 334//879 547//879
f  443//880 547//880 548//880
f  443//881 548//881 549//881
f  434//882 443//882 549//882
f  434//883 549//883 550//883
f  440//884 434//884 550//884
f  440//885 550//885 551//885
f  448//886 440//886 551//886
f  448//887 551//887 552//887
f  423//888 448//888 552//888
f  423//889 552//889 553//889
f  432//890 423//890 553//890
f  432//891 553//891 554//891
f  441//892 432//892 554//892
f  441//893 554//893 555//893
f  449//894 441//894 555//894
f  420//895 449//895 555//895
f  420//896 555//896 556//896
f  427//897 420//897 556//897
f  427//898 556//898 557//898
f  427//899 557//899 558//899
f  437//900 427//900 558//900
f  324//901 558//901 259//901
f  324//902 437//902 558//902
f  559//903 560//903 561//903
f  559//904 562//904 560//904
f  563//905 281//905 562//905
f  563//906 562//906 559//906
f  260//907 281//907 563//907
f  564//908 260//908 563//908
f  265//909 261//909 260//909
f  265//910 263//910 261//910
f  565//911 260//911 564//911
f  565//912 564//912 566//912
f  279//913 565//913 282//913
f  272//914 270//914 268//914
f  272//915 265//915 260//915
f  272//916 268//916 265//916
f  272//917 279//917 276//917
f  272//918 260//911 565//911
f  272//918 565//911 279//919
f  274//920 272//920 276//920
f  567//921 568//921 569//921
f  570//922 571//922 572//922
f  569//923 573//923 572//923
f  571//924 574//924 572//924
f  568//925 573//925 569//925
f  575//926 509//926 520//926
f  575//927 567//927 509//927
f  567//928 575//928 568//928
f  573//929 570//929 572//929
f  576//930 577//930 578//930
f  579//931 577//931 576//931
f  580//932 581//932 582//932
f  578//933 583//933 582//933
f  581//934 584//934 582//934
f  577//935 583//935 578//935
f  579//936 484//936 486//936
f  579//937 576//937 484//937
f  583//938 580//938 582//938
f  468//939 521//939 469//939
f  522//940 521//940 468//940
f  469//941 521//941 467//941
f  467//942 585//942 586//942
f  467//943 521//943 585//943
f  521//944 289//944 585//944
f  585//945 289//945 507//945
f  494//946 311//946 587//946
f  587//947 311//947 588//947
f  588//948 311//948 477//948
f  311//949 528//949 477//949
f  477//950 528//950 478//950
f  528//951 533//951 478//951
f  478//952 533//952 476//952
f  472//953 531//953 470//953
f  534//954 531//954 472//954
f  470//955 531//955 471//955
f  471//956 589//956 590//956
f  471//957 531//957 589//957
f  531//958 418//958 589//958
f  589//959 418//959 417//959
f  390//960 389//960 591//960
f  591//961 389//961 592//961
f  592//962 389//962 475//962
f  389//963 527//963 475//963
f  475//964 527//964 473//964
f  527//965 461//965 473//965
f  473//966 461//966 474//966
f  593//967 594//967 595//967
f  253//968 596//968 321//968
f  595//969 594//969 318//969
f  594//970 250//970 318//970
f  321//971 597//971 598//971
f  596//972 597//972 321//972
f  597//973 599//973 598//973
f  598//974 599//974 600//974
f  599//975 601//975 600//975
f  600//976 601//976 595//976
f  601//977 593//977 595//977
f  595//660 318//660 319//660
f  595//660 320//660 322//660
f  595//660 319//660 320//660
f  598//660 595//660 322//660
f  598//660 316//978 317//978
f  598//660 317//978 321//979
f  598//660 600//660 595//660
f  598//660 322//660 316//978
f  507//980 567//980 569//980
f  507//981 569//981 585//981
f  507//982 509//982 567//982
f  572//983 574//983 586//983
f  585//984 572//984 586//984
f  585//985 569//985 572//985
f  495//986 494//986 520//986
f  495//987 520//987 519//987
f  496//988 495//988 519//988
f  497//989 496//989 519//989
f  497//990 519//990 518//990
f  498//991 497//991 518//991
f  499//992 518//992 515//992
f  499//993 498//993 518//993
f  500//994 499//994 515//994
f  501//995 500//995 515//995
f  501//996 515//996 514//996
f  501//997 514//997 511//997
f  502//998 501//998 511//998
f  503//999 502//999 511//999
f  503//1000 511//1000 510//1000
f  504//1001 503//1001 510//1001
f  505//1002 504//1002 510//1002
f  505//1003 510//1003 508//1003
f  506//1004 505//1004 508//1004
f  506//1005 508//1005 509//1005
f  507//1006 506//1006 509//1006
f  494//1007 575//1007 520//1007
f  588//1008 573//1008 587//1008
f  588//1009 571//1009 570//1009
f  575//1010 494//1010 587//1010
f  587//1011 573//1011 568//1011
f  588//1012 570//1012 573//1012
f  568//1013 575//1013 587//1013
f  589//1014 576//1014 578//1014
f  589//1015 484//1015 576//1015
f  589//1016 417//1016 484//1016
f  582//1017 584//1017 590//1017
f  589//1018 582//1018 590//1018
f  589//1019 578//1019 582//1019
f  391//1020 390//1020 486//1020
f  391//1021 486//1021 493//1021
f  393//1022 391//1022 493//1022
f  395//1023 393//1023 493//1023
f  395//1024 493//1024 490//1024
f  397//1025 395//1025 490//1025
f  399//1026 397//1026 490//1026
f  399//1027 490//1027 489//1027
f  401//1028 399//1028 489//1028
f  403//1029 401//1029 489//1029
f  403//1030 489//1030 352//1030
f  405//1031 352//1031 480//1031
f  405//1032 403//1032 352//1032
f  407//1033 405//1033 480//1033
f  409//1034 407//1034 480//1034
f  409//1035 480//1035 479//1035
f  411//1036 409//1036 479//1036
f  413//1037 411//1037 479//1037
f  413//1038 479//1038 483//1038
f  415//1039 413//1039 483//1039
f  415//1040 483//1040 484//1040
f  417//1041 415//1041 484//1041
f  390//1042 579//1042 486//1042
f  577//1043 579//1043 591//1043
f  592//1044 583//1044 591//1044
f  592//1045 581//1045 580//1045
f  579//1046 390//1046 591//1046
f  591//1047 583//1047 577//1047
f  592//1048 580//1048 583//1048
f  529//1049 315//1049 314//1049
f  529//1050 314//1050 428//1050
f  532//1051 529//1051 428//1051
f  532//1052 428//1052 445//1052
f  418//1053 532//1053 445//1053
f  418//1054 445//1054 433//1054
f  416//1055 418//1055 433//1055
f  414//1056 416//1056 433//1056
f  414//1057 433//1057 435//1057
f  412//1058 414//1058 435//1058
f  410//1059 412//1059 435//1059
f  410//1060 435//1060 442//1060
f  408//1061 410//1061 442//1061
f  406//1062 408//1062 442//1062
f  406//1063 442//1063 425//1063
f  404//1064 406//1064 425//1064
f  402//1065 404//1065 425//1065
f  402//1066 425//1066 426//1066
f  400//1067 402//1067 426//1067
f  398//1068 400//1068 426//1068
f  398//1069 426//1069 446//1069
f  396//1070 398//1070 446//1070
f  394//1071 396//1071 446//1071
f  394//1072 446//1072 430//1072
f  392//1073 394//1073 430//1073
f  389//1074 392//1074 430//1074
f  389//1075 430//1075 436//1075
f  389//1076 436//1076 438//1076
f  523//1077 389//1077 438//1077
f  523//1078 438//1078 285//1078
f  284//1079 523//1079 285//1079
f  282//1080 547//1080 280//1080
f  547//1081 282//1081 565//1081
f  565//1082 548//1082 547//1082
f  565//1083 549//1083 548//1083
f  566//1084 549//1084 565//1084
f  566//1085 550//1085 549//1085
f  551//1086 550//1086 566//1086
f  551//1087 566//1087 564//1087
f  564//1088 552//1088 551//1088
f  552//1089 564//1089 563//1089
f  563//1090 553//1090 552//1090
f  559//1091 553//1091 563//1091
f  559//1092 554//1092 553//1092
f  561//1093 554//1093 559//1093
f  561//1094 555//1094 554//1094
f  560//1095 556//1095 555//1095
f  560//1096 555//1096 561//1096
f  562//1097 557//1097 556//1097
f  562//1098 556//1098 560//1098
f  558//1099 562//1099 281//1099
f  558//1100 557//1100 562//1100
f  281//1101 259//1101 558//1101
f  421//1102 429//1102 593//1102
f  593//1103 429//1103 594//1103
f  253//1104 419//1104 596//1104
f  429//1105 250//1105 594//1105
f  429//1106 251//1106 250//1106
f  596//1107 419//1107 597//1107
f  597//1108 419//1108 599//1108
f  419//1109 421//1109 599//1109
f  599//1110 421//1110 601//1110
f  601//1111 421//1111 593//1111
f  526//823 525//823 524//1112
f  602//1113 464//1113 530//1113
f  465//743 533//1114 466//743
f  464//1113 315//1115 530//1113
f  602//1113 530//1113 534//1116
f  526//823 524//1112 284//1117
f  459//819 461//1118 523//819
f  526//825 284//1119 283//825
f  529//829 534//1120 530//829
f  313//834 315//1121 466//834

# Mesh 'Part__Feature005_005-mesh' with 3548 faces
g Part__Feature005_005-mesh
usemtl Part__Feature005_001_005
f  603//1122 604//1122 605//1122
f  603//1122 606//1123 604//1122
f  607//1124 603//1124 608//1124
f  608//1125 609//1125 610//1125
f  603//1126 609//1126 608//1126
f  607//1124 606//1127 603//1124
f  611//1128 612//1128 613//1128
f  611//1129 613//1129 614//1129
f  611//1130 614//1130 615//1130
f  616//1131 617//1131 618//1131
f  619//1132 620//1132 621//1132
f  622//1133 623//1133 624//1133
f  621//1134 620//1134 625//1134
f  626//1135 627//1135 617//1135
f  619//1136 628//1136 620//1136
f  624//1137 628//1137 619//1137
f  626//1138 629//1138 627//1138
f  630//1139 629//1139 626//1139
f  617//1140 631//1140 618//1140
f  624//1141 623//1141 628//1141
f  617//1142 627//1142 631//1142
f  632//1143 628//1143 623//1143
f  633//1144 621//1144 634//1144
f  634//1145 635//1145 636//1145
f  635//1146 616//1146 637//1146
f  620//1147 626//1147 625//1147
f  627//1148 638//1148 631//1148
f  635//1149 625//1149 616//1149
f  634//1150 621//1150 635//1150
f  627//1151 629//1151 638//1151
f  620//1152 630//1152 626//1152
f  628//1153 630//1153 620//1153
f  639//1154 638//1154 629//1154
f  640//1155 638//1155 639//1155
f  641//1156 624//1156 633//1156
f  632//1157 630//1157 628//1157
f  637//1158 642//1158 643//1158
f  636//1159 637//1159 643//1159
f  625//1160 617//1160 616//1160
f  633//1161 619//1161 621//1161
f  616//1162 642//1162 637//1162
f  622//1163 624//1163 641//1163
f  616//1164 618//1164 642//1164
f  626//1165 617//1165 625//1165
f  633//1166 624//1166 619//1166
f  636//1167 635//1167 637//1167
f  621//1168 625//1168 635//1168
f  644//1169 645//1169 646//1169
f  636//1170 647//1170 645//1170
f  636//1171 645//1171 644//1171
f  648//1172 647//1172 636//1172
f  649//1173 650//1173 651//1173
f  652//1174 646//1174 653//1174
f  643//1175 648//1175 636//1175
f  652//1176 653//1176 650//1176
f  654//1177 648//1177 643//1177
f  644//1178 646//1178 652//1178
f  655//1179 656//1179 657//1179
f  658//1180 656//1180 655//1180
f  659//1181 660//1181 661//1181
f  662//1182 663//1182 664//1182
f  662//1183 664//1183 665//1183
f  666//1184 667//1184 668//1184
f  667//1185 659//1185 668//1185
f  668//1186 659//1186 661//1186
f  668//1187 661//1187 669//1187
f  663//1188 670//1188 671//1188
f  663//1189 662//1189 670//1189
f  671//1190 670//1190 672//1190
f  670//1191 673//1191 672//1191
f  673//1192 610//1192 672//1192
f  672//1193 610//1193 609//1193
f  674//1194 675//1194 676//1194
f  677//1195 675//1195 678//1195
f  676//1196 675//1196 677//1196
f  679//1197 680//1197 681//1197
f  682//1198 675//1198 674//1198
f  682//1199 683//1199 675//1199
f  684//1200 680//1200 685//1200
f  685//1201 680//1201 679//1201
f  684//1202 686//1202 680//1202
f  686//1203 687//1203 680//1203
f  683//1204 688//1204 675//1204
f  687//1205 689//1205 680//1205
f  675//1206 680//1206 678//1206
f  678//1207 680//1207 689//1207
f  614//1208 690//1208 691//1208
f  615//1209 691//1209 692//1209
f  615//1210 692//1210 693//1210
f  615//1211 693//1211 694//1211
f  615//1212 614//1208 691//1208
f  695//1213 696//1213 615//1213
f  695//1214 615//1214 694//1214
f  697//1215 698//1215 699//1215
f  700//1216 701//1216 697//1216
f  700//1217 699//1217 702//1217
f  700//1218 697//1218 699//1218
f  703//1219 704//1219 701//1219
f  705//1220 703//1220 701//1220
f  705//1221 701//1221 700//1221
f  706//1222 704//1222 703//1222
f  707//1223 708//1223 709//1223
f  710//1224 711//1224 712//1224
f  713//1225 711//1225 710//1225
f  707//1226 714//1226 715//1226
f  716//1227 708//1227 707//1227
f  716//1228 717//1228 708//1228
f  656//1229 718//1229 713//1229
f  719//1230 720//1230 721//1230
f  713//1231 718//1231 711//1231
f  656//1232 658//1232 718//1232
f  722//1233 720//1233 719//1233
f  716//1234 712//1234 717//1234
f  723//1235 720//1235 722//1235
f  710//1236 712//1236 716//1236
f  658//1237 721//1237 718//1237
f  707//1238 709//1238 714//1238
f  721//1239 720//1239 718//1239
f  724//1240 725//1240 726//1240
f  727//1241 728//1241 729//1241
f  727//1242 730//1242 731//1242
f  732//1243 728//1243 731//1243
f  731//1244 728//1244 727//1244
f  732//1245 733//1245 728//1245
f  730//1246 734//1246 731//1246
f  735//1247 731//1247 734//1247
f  736//1248 733//1248 732//1248
f  731//1249 735//1249 732//1249
f  737//1250 735//1250 734//1250
f  733//1251 736//1251 738//1251
f  738//1252 739//1252 740//1252
f  741//1253 742//1253 743//1253
f  744//1254 745//1254 742//1254
f  742//1255 745//1255 743//1255
f  746//1256 745//1256 744//1256
f  736//1257 739//1257 738//1257
f  746//1258 747//1258 745//1258
f  748//1259 747//1259 746//1259
f  745//1260 747//1260 743//1260
f  743//1261 747//1261 749//1261
f  750//1262 751//1262 748//1262
f  748//1263 751//1263 747//1263
f  740//1264 739//1264 752//1264
f  724//1265 753//1265 725//1265
f  754//1266 755//1266 756//1266
f  747//1267 751//1267 749//1267
f  757//1268 751//1268 750//1268
f  725//1269 755//1269 754//1269
f  735//1270 736//1270 732//1270
f  739//1271 758//1271 752//1271
f  757//1272 749//1272 751//1272
f  736//1273 759//1273 739//1273
f  757//1274 760//1274 749//1274
f  725//1275 761//1275 755//1275
f  749//1276 760//1276 762//1276
f  735//1277 763//1277 736//1277
f  737//1278 763//1278 735//1278
f  755//1279 764//1279 756//1279
f  760//1280 765//1280 762//1280
f  725//1281 753//1281 761//1281
f  755//1282 766//1282 764//1282
f  767//1283 765//1283 768//1283
f  762//1284 767//1284 769//1284
f  765//1285 767//1285 762//1285
f  755//1286 761//1286 766//1286
f  770//1287 765//1287 760//1287
f  768//1288 765//1288 770//1288
f  767//1289 771//1289 769//1289
f  759//1290 758//1290 739//1290
f  764//1291 766//1291 772//1291
f  761//1292 773//1292 766//1292
f  737//1293 742//1293 763//1293
f  736//1294 774//1294 759//1294
f  763//1295 774//1295 736//1295
f  775//1296 742//1296 737//1296
f  773//1297 776//1297 766//1297
f  766//1298 776//1298 772//1298
f  752//1299 758//1299 777//1299
f  759//1300 778//1300 758//1300
f  779//1301 780//1301 781//1301
f  782//1302 783//1302 784//1302
f  784//1303 780//1303 779//1303
f  773//1304 729//1304 776//1304
f  772//1305 776//1305 785//1305
f  729//1306 728//1306 776//1306
f  783//1307 726//1307 784//1307
f  781//1308 786//1308 787//1308
f  742//1309 774//1309 763//1309
f  784//1310 726//1310 780//1310
f  780//1311 786//1311 781//1311
f  774//1312 778//1312 759//1312
f  728//1313 733//1313 785//1313
f  744//1314 742//1314 775//1314
f  785//1315 733//1315 788//1315
f  742//1316 741//1316 774//1316
f  780//1317 756//1317 786//1317
f  780//1318 726//1318 754//1318
f  778//1319 789//1319 758//1319
f  777//1320 789//1320 790//1320
f  724//1321 726//1321 783//1321
f  758//1322 789//1322 777//1322
f  733//1323 738//1323 788//1323
f  761//1324 753//1324 773//1324
f  726//1325 725//1325 754//1325
f  788//1326 738//1326 740//1326
f  753//1327 791//1327 773//1327
f  780//1328 754//1328 756//1328
f  791//1329 792//1329 773//1329
f  792//1330 729//1330 773//1330
f  792//1331 727//1331 729//1331
f  776//1332 728//1332 785//1332
f  792//1333 730//1333 727//1333
f  793//1334 794//1334 795//1334
f  796//1335 797//1335 798//1335
f  794//1336 799//1336 795//1336
f  794//1337 800//1337 799//1337
f  796//1338 798//1338 800//1338
f  801//1339 802//1339 803//1339
f  804//1340 802//1340 805//1340
f  806//1341 795//1341 807//1341
f  795//1342 806//1342 801//1342
f  793//1343 808//1343 809//1343
f  806//1344 807//1344 799//1344
f  802//1345 778//1345 774//1345
f  810//1346 793//1346 809//1346
f  811//1347 801//1347 803//1347
f  793//1348 810//1348 812//1348
f  813//1349 814//1349 815//1349
f  812//1350 794//1350 793//1350
f  816//1351 813//1351 815//1351
f  803//1352 802//1352 804//1352
f  795//1353 799//1353 807//1353
f  793//1354 817//1354 808//1354
f  818//1355 819//1355 801//1355
f  814//1356 813//1356 798//1356
f  814//1357 798//1357 797//1357
f  820//1358 798//1358 821//1358
f  793//1359 795//1359 801//1359
f  805//1360 802//1360 822//1360
f  823//1361 813//1361 816//1361
f  823//1362 816//1362 824//1362
f  794//1363 796//1363 800//1363
f  818//1364 801//1364 811//1364
f  825//1365 798//1365 820//1365
f  821//1366 813//1366 823//1366
f  802//1367 801//1367 789//1367
f  825//1368 800//1368 798//1368
f  778//1369 802//1369 789//1369
f  797//1370 826//1370 814//1370
f  826//1371 815//1371 814//1371
f  794//1372 812//1372 797//1372
f  819//1373 817//1373 793//1373
f  789//1374 801//1374 806//1374
f  793//1375 801//1375 819//1375
f  797//1376 796//1376 794//1376
f  813//1377 821//1377 798//1377
f  812//1378 826//1378 797//1378
f  827//1379 769//1379 828//1379
f  769//1380 771//1380 828//1380
f  829//1381 830//1381 831//1381
f  832//1382 833//1382 830//1382
f  831//1383 812//1383 810//1383
f  834//1384 835//1384 816//1384
f  836//1385 837//1385 838//1385
f  839//1386 840//1386 833//1386
f  834//1387 837//1387 835//1387
f  840//1388 841//1388 833//1388
f  802//1389 842//1389 822//1389
f  843//1390 840//1390 839//1390
f  840//1391 844//1391 841//1391
f  841//1392 844//1392 838//1392
f  842//1393 802//1393 774//1393
f  838//1394 834//1394 841//1394
f  845//1395 846//1395 847//1395
f  846//1396 848//1396 843//1396
f  849//1397 830//1397 829//1397
f  838//1398 837//1398 834//1398
f  850//1399 762//1399 769//1399
f  851//1400 852//1400 850//1400
f  853//1401 854//1401 855//1401
f  855//1402 856//1402 857//1402
f  858//1403 859//1403 856//1403
f  860//1404 855//1404 861//1404
f  855//1405 860//1405 856//1405
f  859//1406 858//1406 862//1406
f  861//1407 863//1407 864//1407
f  856//1408 860//1408 865//1408
f  866//1409 842//1409 867//1409
f  868//1410 860//1410 861//1410
f  858//1411 869//1411 862//1411
f  865//1412 870//1412 856//1412
f  856//1413 870//1413 858//1413
f  869//1414 858//1414 871//1414
f  870//1415 871//1415 858//1415
f  868//1416 872//1416 873//1416
f  874//1417 875//1417 872//1417
f  868//1418 873//1418 860//1418
f  876//1419 865//1419 873//1419
f  873//1420 865//1420 860//1420
f  864//1421 863//1421 877//1421
f  877//1422 863//1422 878//1422
f  871//1423 870//1423 879//1423
f  879//1424 870//1424 880//1424
f  872//1425 881//1425 873//1425
f  873//1426 881//1426 882//1426
f  882//1427 883//1427 873//1427
f  882//1428 884//1428 885//1428
f  871//1429 886//1429 869//1429
f  887//1430 888//1430 889//1430
f  890//1431 883//1431 882//1431
f  882//1432 885//1432 890//1432
f  883//1433 890//1433 891//1433
f  822//1434 842//1434 892//1434
f  859//1435 862//1435 849//1435
f  871//1436 879//1436 886//1436
f  893//1437 894//1437 895//1437
f  890//1438 896//1438 891//1438
f  897//1439 891//1439 896//1439
f  898//1440 899//1440 890//1440
f  869//1441 886//1441 900//1441
f  741//1442 842//1442 774//1442
f  901//1443 850//1443 902//1443
f  862//1444 900//1444 832//1444
f  839//1445 847//1445 843//1445
f  903//1446 845//1446 847//1446
f  904//1447 841//1447 905//1447
f  904//1448 905//1448 826//1448
f  845//1449 906//1449 907//1449
f  842//1450 908//1450 867//1450
f  850//1451 908//1451 842//1451
f  905//1452 834//1452 816//1452
f  843//1453 848//1453 909//1453
f  743//1454 842//1454 741//1454
f  908//1455 850//1455 901//1455
f  910//1456 911//1456 851//1456
f  872//1457 868//1457 874//1457
f  862//1458 869//1458 900//1458
f  883//1459 876//1459 873//1459
f  749//1460 762//1460 850//1460
f  890//1461 912//1461 898//1461
f  838//1462 909//1462 836//1462
f  835//1463 824//1463 816//1463
f  827//1464 851//1464 850//1464
f  913//1465 897//1465 896//1465
f  896//1466 914//1466 913//1466
f  827//1467 850//1467 769//1467
f  852//1468 851//1468 911//1468
f  911//1469 853//1469 915//1469
f  859//1470 915//1470 857//1470
f  853//1471 855//1471 857//1471
f  857//1472 856//1472 859//1472
f  916//1473 861//1473 854//1473
f  861//1474 855//1474 854//1474
f  916//1475 863//1475 861//1475
f  864//1476 874//1476 861//1476
f  861//1477 874//1477 868//1477
f  878//1478 863//1478 916//1478
f  917//1479 849//1479 829//1479
f  864//1480 875//1480 874//1480
f  918//1481 839//1481 832//1481
f  910//1482 853//1482 911//1482
f  919//1483 864//1483 877//1483
f  854//1484 853//1484 910//1484
f  857//1485 915//1485 853//1485
f  872//1486 920//1486 921//1486
f  919//1487 875//1487 864//1487
f  922//1488 875//1488 919//1488
f  865//1489 876//1489 870//1489
f  870//1490 876//1490 880//1490
f  922//1491 920//1491 875//1491
f  879//1492 880//1492 923//1492
f  889//1493 920//1493 922//1493
f  889//1494 921//1494 920//1494
f  876//1495 883//1495 880//1495
f  875//1496 920//1496 872//1496
f  889//1497 922//1497 887//1497
f  884//1498 882//1498 881//1498
f  880//1499 897//1499 923//1499
f  892//1500 842//1500 866//1500
f  883//1501 891//1501 880//1501
f  872//1502 921//1502 881//1502
f  891//1503 897//1503 880//1503
f  895//1504 885//1504 924//1504
f  893//1505 895//1505 924//1505
f  925//1506 923//1506 913//1506
f  889//1507 924//1507 921//1507
f  885//1508 895//1508 894//1508
f  921//1509 884//1509 881//1509
f  924//1510 884//1510 921//1510
f  915//1511 849//1511 917//1511
f  859//1512 849//1512 915//1512
f  925//1513 879//1513 923//1513
f  885//1514 884//1514 924//1514
f  899//1515 896//1515 890//1515
f  926//1516 886//1516 903//1516
f  903//1517 886//1517 879//1517
f  849//1518 862//1518 832//1518
f  886//1519 926//1519 918//1519
f  889//1520 893//1520 924//1520
f  906//1521 903//1521 925//1521
f  913//1522 923//1522 897//1522
f  886//1523 918//1523 900//1523
f  888//1524 893//1524 889//1524
f  743//1525 749//1525 842//1525
f  842//1526 749//1526 850//1526
f  831//1527 830//1527 812//1527
f  832//1528 839//1528 833//1528
f  894//1529 912//1529 885//1529
f  926//1530 847//1530 918//1530
f  833//1531 904//1531 830//1531
f  904//1532 833//1532 841//1532
f  918//1533 847//1533 839//1533
f  830//1534 904//1534 812//1534
f  903//1535 847//1535 926//1535
f  912//1536 890//1536 885//1536
f  904//1537 826//1537 812//1537
f  902//1538 850//1538 852//1538
f  843//1539 844//1539 840//1539
f  906//1540 845//1540 903//1540
f  879//1541 925//1541 903//1541
f  843//1542 847//1542 846//1542
f  826//1543 905//1543 815//1543
f  834//1544 905//1544 841//1544
f  914//1545 925//1545 913//1545
f  844//1546 909//1546 838//1546
f  907//1547 925//1547 914//1547
f  907//1548 906//1548 925//1548
f  816//1549 815//1549 905//1549
f  843//1550 909//1550 844//1550
f  832//1551 900//1551 918//1551
f  849//1552 832//1552 830//1552
f  896//1553 927//1553 914//1553
f  928//1554 887//1554 929//1554
f  930//1555 899//1555 931//1555
f  927//1556 896//1556 932//1556
f  922//1557 919//1557 933//1557
f  887//1558 922//1558 929//1558
f  896//1559 930//1559 932//1559
f  888//1560 887//1560 934//1560
f  934//1561 887//1561 928//1561
f  899//1562 930//1562 896//1562
f  929//1563 922//1563 933//1563
f  935//1564 912//1564 936//1564
f  898//1565 937//1565 899//1565
f  899//1566 937//1566 931//1566
f  912//1567 937//1567 898//1567
f  937//1568 912//1568 935//1568
f  894//1569 936//1569 912//1569
f  933//1570 919//1570 938//1570
f  894//1571 939//1571 936//1571
f  893//1572 939//1572 894//1572
f  940//1573 938//1573 877//1573
f  919//1574 877//1574 938//1574
f  893//1575 888//1575 939//1575
f  939//1576 888//1576 934//1576
f  940//1577 877//1577 878//1577
f  941//1578 914//1578 927//1578
f  823//1579 942//1579 821//1579
f  943//1580 942//1580 944//1580
f  823//1581 945//1581 942//1581
f  824//1582 945//1582 823//1582
f  942//1583 945//1583 944//1583
f  835//1584 945//1584 824//1584
f  944//1585 945//1585 946//1585
f  835//1586 947//1586 945//1586
f  837//1587 947//1587 835//1587
f  836//1588 947//1588 837//1588
f  946//1589 945//1589 947//1589
f  909//1590 947//1590 836//1590
f  948//1591 947//1591 909//1591
f  949//1592 950//1592 951//1592
f  799//1593 950//1593 949//1593
f  951//1594 952//1594 953//1594
f  954//1595 955//1595 956//1595
f  950//1596 952//1596 951//1596
f  953//1597 957//1597 958//1597
f  953//1598 952//1598 957//1598
f  958//1599 959//1599 960//1599
f  959//1600 961//1600 960//1600
f  960//1601 961//1601 962//1601
f  961//1602 963//1602 962//1602
f  964//1603 965//1603 954//1603
f  962//1604 966//1604 967//1604
f  963//1605 966//1605 962//1605
f  964//1606 966//1606 965//1606
f  967//1607 966//1607 964//1607
f  968//1608 969//1608 954//1608
f  968//1609 954//1609 965//1609
f  965//1610 966//1610 970//1610
f  970//1611 966//1611 963//1611
f  950//1612 799//1612 971//1612
f  961//1613 972//1613 963//1613
f  972//1614 961//1614 973//1614
f  969//1615 968//1615 974//1615
f  974//1616 968//1616 975//1616
f  970//1617 976//1617 977//1617
f  968//1618 977//1618 975//1618
f  975//1619 977//1619 976//1619
f  963//1620 978//1620 970//1620
f  845//1621 979//1621 846//1621
f  972//1622 978//1622 963//1622
f  979//1623 980//1623 846//1623
f  846//1624 980//1624 848//1624
f  980//1625 981//1625 848//1625
f  976//1626 970//1626 982//1626
f  848//1627 981//1627 909//1627
f  970//1628 978//1628 982//1628
f  981//1629 948//1629 909//1629
f  978//1630 972//1630 983//1630
f  954//1631 969//1631 955//1631
f  984//1632 985//1632 986//1632
f  825//1633 987//1633 800//1633
f  988//1634 987//1634 989//1634
f  990//1635 985//1635 991//1635
f  985//1636 984//1636 991//1636
f  989//1637 987//1637 825//1637
f  986//1638 988//1638 984//1638
f  984//1639 988//1639 992//1639
f  820//1640 989//1640 825//1640
f  992//1641 988//1641 993//1641
f  989//1642 993//1642 988//1642
f  994//1643 942//1643 943//1643
f  965//1644 977//1644 968//1644
f  965//1645 970//1645 977//1645
f  950//1646 971//1646 952//1646
f  952//1647 971//1647 995//1647
f  959//1648 973//1648 961//1648
f  973//1649 959//1649 996//1649
f  952//1650 995//1650 996//1650
f  986//1651 971//1651 987//1651
f  986//1652 995//1652 971//1652
f  997//1653 974//1653 975//1653
f  799//1654 800//1654 971//1654
f  971//1655 800//1655 987//1655
f  985//1656 990//1656 996//1656
f  996//1657 990//1657 998//1657
f  987//1658 988//1658 986//1658
f  973//1659 998//1659 983//1659
f  999//1660 806//1660 949//1660
f  949//1661 806//1661 799//1661
f  996//1662 957//1662 952//1662
f  958//1663 957//1663 996//1663
f  996//1664 959//1664 958//1664
f  973//1665 996//1665 998//1665
f  996//1666 995//1666 985//1666
f  985//1667 995//1667 986//1667
f  972//1668 973//1668 983//1668
f  821//1669 989//1669 820//1669
f  989//1670 942//1670 993//1670
f  993//1671 942//1671 994//1671
f  821//1672 942//1672 989//1672
f  1000//1673 699//1673 1001//1673
f  1002//1674 1003//1674 1004//1674
f  699//1675 1000//1675 702//1675
f  1005//1676 1006//1676 1007//1676
f  1008//1677 1009//1677 1010//1677
f  1004//1678 1003//1678 1011//1678
f  1008//1679 1012//1679 1009//1679
f  1013//1680 1010//1680 1009//1680
f  1003//1681 1013//1681 1011//1681
f  1014//1682 1015//1682 1002//1682
f  1016//1683 1007//1683 1017//1683
f  1002//1684 1004//1684 1014//1684
f  1018//1685 1012//1685 1008//1685
f  1013//1686 1003//1686 1010//1686
f  1015//1687 1014//1687 1006//1687
f  1019//1688 1016//1688 1017//1688
f  1016//1689 1005//1689 1007//1689
f  1006//1690 1005//1690 1015//1690
f  1020//1691 1021//1691 1022//1691
f  1012//1692 1018//1692 1023//1692
f  1018//1693 1020//1693 1023//1693
f  1023//1694 1020//1694 1022//1694
f  1017//1695 1001//1695 1019//1695
f  1000//1696 1001//1696 1017//1696
f  1024//1697 1025//1697 1026//1697
f  1027//1698 1028//1698 1029//1698
f  1030//1699 1028//1699 1031//1699
f  1031//1700 1028//1700 1027//1700
f  1029//1701 1032//1701 1033//1701
f  1034//1702 1021//1702 1030//1702
f  1028//1703 1032//1703 1029//1703
f  1034//1704 1022//1704 1021//1704
f  1033//1705 1035//1705 1024//1705
f  1024//1706 1035//1706 1025//1706
f  1033//1707 1032//1707 1035//1707
f  1034//1708 1030//1708 1031//1708
f  1036//1709 806//1709 999//1709
f  790//1710 789//1710 1036//1710
f  789//1711 806//1711 1036//1711
f  845//1712 907//1712 979//1712
f  907//1713 941//1713 979//1713
f  907//1714 914//1714 941//1714
f  1037//1715 1038//1715 1039//1715
f  1037//1716 1039//1716 1040//1716
f  1041//1717 1042//1717 1043//1717
f  1041//1718 723//1718 1042//1718
f  1044//1719 1045//1719 1038//1719
f  1046//1720 1047//1720 1048//1720
f  1044//1721 1038//1721 1037//1721
f  720//1722 723//1722 1041//1722
f  1046//1723 1049//1723 1047//1723
f  1050//1724 1045//1724 1044//1724
f  1051//1725 1049//1725 1046//1725
f  1050//1726 1052//1726 1045//1726
f  1053//1727 1054//1727 696//1727
f  1053//1728 696//1728 695//1728
f  1055//1729 1052//1729 1050//1729
f  1040//1730 1049//1730 1051//1730
f  1055//1731 1056//1731 1052//1731
f  1040//1732 1039//1732 1049//1732
f  1057//1733 1056//1733 1055//1733
f  1048//1734 1054//1734 1053//1734
f  1048//1735 1047//1735 1054//1735
f  1043//1736 1056//1736 1057//1736
f  1043//1737 1042//1737 1056//1737
f  696//1738 611//1738 615//1738
f  1058//1739 1056//1739 1042//1739
f  1059//1740 1056//1740 1058//1740
f  1060//1741 611//1741 696//1741
f  1060//1742 696//1742 1054//1742
f  1059//1743 1052//1743 1056//1743
f  1058//1744 723//1744 1061//1744
f  1059//1745 1045//1745 1052//1745
f  1061//1746 723//1746 722//1746
f  1058//1747 1042//1747 723//1747
f  1060//1748 1054//1748 1047//1748
f  1060//1749 1047//1749 1049//1749
f  1060//1750 1049//1750 1039//1750
f  1060//1751 1039//1751 1038//1751
f  1060//1752 1038//1752 1045//1752
f  1060//1753 1045//1753 1059//1753
f  1062//1754 1060//1754 1059//1754
f  916//1755 854//1755 878//1755
f  878//1756 854//1756 940//1756
f  854//1757 1063//1757 940//1757
f  940//1758 1063//1758 1064//1758
f  1064//1759 1063//1759 1065//1759
f  1063//1760 1066//1760 1065//1760
f  1067//1761 1068//1761 1065//1761
f  1066//1762 1067//1762 1065//1762
f  1066//1763 1069//1763 1067//1763
f  1068//1764 1070//1764 1065//1764
f  910//1765 1063//1765 854//1765
f  851//1766 1071//1766 910//1766
f  1072//1767 1073//1767 1074//1767
f  670//1768 662//1768 1075//1768
f  662//1769 1076//1769 1077//1769
f  1077//1770 1076//1770 1078//1770
f  1078//1771 1079//1771 828//1771
f  1072//1772 1080//1772 1073//1772
f  1076//1773 1079//1773 1078//1773
f  1072//1774 1081//1774 1080//1774
f  1081//1775 607//1775 1080//1775
f  1079//1776 851//1776 828//1776
f  607//1777 1082//1777 1080//1777
f  828//1778 851//1778 827//1778
f  662//1779 1077//1779 1075//1779
f  607//1780 1083//1780 1082//1780
f  607//1781 608//1781 1083//1781
f  608//1782 1084//1782 1083//1782
f  608//1783 610//1783 1084//1783
f  660//1784 1085//1784 665//1784
f  673//1785 1075//1785 610//1785
f  610//1786 1075//1786 1084//1786
f  673//1787 670//1787 1075//1787
f  665//1788 1076//1788 662//1788
f  1085//1789 1076//1789 665//1789
f  1086//1790 1087//1790 1088//1790
f  1089//1791 705//1791 1090//1791
f  1091//1792 1086//1792 1088//1792
f  1091//1793 1090//1793 1086//1793
f  1091//1794 1088//1794 1092//1794
f  1093//1795 1094//1795 1095//1795
f  1096//1796 1094//1796 1093//1796
f  1092//1797 1094//1797 1096//1797
f  927//1798 1097//1798 941//1798
f  1096//1799 1093//1799 1065//1799
f  1064//1800 1065//1800 1093//1800
f  1096//1801 1065//1801 1098//1801
f  931//1802 935//1802 1099//1802
f  931//1803 937//1803 935//1803
f  1100//1804 1101//1804 1097//1804
f  1102//1805 930//1805 931//1805
f  1102//1806 931//1806 1099//1806
f  1103//1807 927//1807 932//1807
f  935//1808 1104//1808 1099//1808
f  1102//1809 1099//1809 1105//1809
f  1099//1810 1104//1810 1105//1810
f  930//1811 1103//1811 932//1811
f  1106//1812 1104//1812 935//1812
f  1102//1813 1107//1813 1108//1813
f  1108//1814 1100//1814 1097//1814
f  1105//1815 1107//1815 1102//1815
f  1109//1816 1100//1816 1108//1816
f  1110//1817 1105//1817 1104//1817
f  1111//1818 1100//1818 1109//1818
f  1112//1819 1110//1819 1113//1819
f  1111//1820 1114//1820 1100//1820
f  1111//1821 1109//1821 1108//1821
f  1115//1822 939//1822 934//1822
f  1116//1823 1114//1823 1111//1823
f  1117//1824 1118//1824 1119//1824
f  1107//1825 1111//1825 1108//1825
f  1113//1826 1115//1826 1120//1826
f  1117//1827 1111//1827 1107//1827
f  1121//1828 1114//1828 1116//1828
f  1117//1829 1116//1829 1111//1829
f  1122//1830 1119//1830 1118//1830
f  1123//1831 1122//1831 1112//1831
f  1116//1832 1117//1832 1119//1832
f  1120//1833 1115//1833 934//1833
f  1119//1834 1122//1834 1124//1834
f  1119//1835 1121//1835 1116//1835
f  700//1836 1121//1836 1119//1836
f  1124//1837 700//1837 1119//1837
f  1097//1838 927//1838 1103//1838
f  1097//1839 1103//1839 1108//1839
f  1125//1840 1126//1840 1120//1840
f  1124//1841 1123//1841 1090//1841
f  1102//1842 1103//1842 930//1842
f  700//1843 1124//1843 705//1843
f  1102//1844 1108//1844 1103//1844
f  1115//1845 1106//1845 936//1845
f  1094//1846 1127//1846 1095//1846
f  1128//1847 1127//1847 1094//1847
f  933//1848 938//1848 1095//1848
f  703//1849 1089//1849 1129//1849
f  1093//1850 1095//1850 938//1850
f  1129//1851 706//1851 703//1851
f  1129//1852 1098//1852 706//1852
f  1129//1853 1130//1853 1098//1853
f  940//1854 1064//1854 938//1854
f  1093//1855 938//1855 1064//1855
f  1104//1856 1106//1856 1110//1856
f  1118//1857 1107//1857 1105//1857
f  1131//1858 1118//1858 1105//1858
f  1118//1859 1117//1859 1107//1859
f  1112//1860 1131//1860 1110//1860
f  1106//1861 935//1861 936//1861
f  1131//1862 1122//1862 1118//1862
f  1113//1863 1126//1863 1112//1863
f  939//1864 1115//1864 936//1864
f  1113//1865 1120//1865 1126//1865
f  1124//1866 1122//1866 1123//1866
f  934//1867 1125//1867 1120//1867
f  1110//1868 1106//1868 1115//1868
f  1128//1869 1126//1869 1125//1869
f  1127//1870 928//1870 929//1870
f  1125//1871 1127//1871 1128//1871
f  1113//1872 1110//1872 1115//1872
f  1095//1873 929//1873 933//1873
f  1095//1874 1127//1874 929//1874
f  1094//1875 1088//1875 1128//1875
f  705//1876 1089//1876 703//1876
f  1089//1877 1090//1877 1091//1877
f  1094//1878 1092//1878 1088//1878
f  1091//1879 1096//1879 1130//1879
f  1091//1880 1092//1880 1096//1880
f  1089//1881 1130//1881 1129//1881
f  1089//1882 1091//1882 1130//1882
f  1096//1883 1098//1883 1130//1883
f  1105//1884 1110//1884 1131//1884
f  1126//1885 1132//1885 1112//1885
f  1122//1886 1131//1886 1112//1886
f  1123//1887 1112//1887 1132//1887
f  1125//1888 934//1888 928//1888
f  1132//1889 1090//1889 1123//1889
f  1087//1890 1132//1890 1126//1890
f  1127//1891 1125//1891 928//1891
f  1128//1892 1087//1892 1126//1892
f  1086//1893 1132//1893 1087//1893
f  705//1894 1124//1894 1090//1894
f  1086//1895 1090//1895 1132//1895
f  1088//1896 1087//1896 1128//1896
f  979//1897 941//1897 1097//1897
f  1133//1898 979//1898 1097//1898
f  1133//1899 1097//1899 1101//1899
f  1134//1900 1133//1900 1101//1900
f  1134//1901 1101//1901 1100//1901
f  1135//1902 1100//1902 1114//1902
f  1135//1903 1134//1903 1100//1903
f  1136//1904 1135//1904 1114//1904
f  1136//1905 1114//1905 1121//1905
f  1137//1906 1136//1906 1121//1906
f  1137//1907 1121//1907 700//1907
f  702//1908 1137//1908 700//1908
f  1138//1909 980//1909 979//1909
f  1000//1910 1017//1910 1139//1910
f  1133//1911 1138//1911 979//1911
f  1134//1912 1138//1912 1133//1912
f  1134//1913 1140//1913 1138//1913
f  1141//1914 1142//1914 1143//1914
f  1144//1915 944//1915 946//1915
f  1145//1916 1142//1916 1141//1916
f  1146//1917 1147//1917 1148//1917
f  1149//1918 1150//1918 1151//1918
f  1152//1919 1144//1919 946//1919
f  1153//1920 1154//1920 1145//1920
f  1155//1921 1149//1921 1156//1921
f  1022//1922 1154//1922 1153//1922
f  1157//1923 1141//1923 1143//1923
f  1152//1924 1143//1924 1144//1924
f  1158//1925 1155//1925 1159//1925
f  1158//1926 1159//1926 1160//1926
f  1161//1927 1145//1927 1141//1927
f  1161//1928 1141//1928 1157//1928
f  1157//1929 1143//1929 1152//1929
f  1135//1930 1162//1930 1134//1930
f  1153//1931 1145//1931 1161//1931
f  1163//1932 1164//1932 1147//1932
f  1163//1933 1147//1933 1165//1933
f  1165//1934 1166//1934 1163//1934
f  1147//1935 1164//1935 1167//1935
f  1163//1936 1157//1936 1152//1936
f  1163//1937 1152//1937 1164//1937
f  1168//1938 1169//1938 1165//1938
f  1023//1939 1022//1939 1153//1939
f  1009//1940 1169//1940 1168//1940
f  1146//1941 1170//1941 1168//1941
f  1171//1942 1153//1942 1161//1942
f  1013//1943 1168//1943 1170//1943
f  1172//1944 1152//1944 946//1944
f  1166//1945 1157//1945 1163//1945
f  1166//1946 1161//1946 1157//1946
f  1172//1947 946//1947 947//1947
f  1164//1948 1152//1948 1172//1948
f  1023//1949 1153//1949 1171//1949
f  1149//1950 1173//1950 1150//1950
f  1151//1951 1156//1951 1149//1951
f  1171//1952 1161//1952 1166//1952
f  1012//1953 1023//1953 1171//1953
f  1155//1954 1174//1954 1149//1954
f  1156//1955 1159//1955 1155//1955
f  1169//1956 1171//1956 1166//1956
f  1167//1957 1164//1957 1172//1957
f  1175//1958 1176//1958 1160//1958
f  1012//1959 1171//1959 1169//1959
f  1177//1960 1160//1960 1176//1960
f  1176//1961 1175//1961 1140//1961
f  1162//1962 1176//1962 1140//1962
f  1162//1963 1140//1963 1134//1963
f  1178//1964 1176//1964 1162//1964
f  1135//1965 1178//1965 1162//1965
f  1179//1966 1167//1966 1172//1966
f  1180//1967 1172//1967 947//1967
f  1169//1968 1166//1968 1165//1968
f  1146//1969 1165//1969 1147//1969
f  1146//1970 1168//1970 1165//1970
f  1179//1971 1172//1971 1180//1971
f  1174//1972 1173//1972 1149//1972
f  1158//1973 1181//1973 1155//1973
f  1180//1974 947//1974 948//1974
f  1179//1975 1147//1975 1167//1975
f  1013//1976 1009//1976 1168//1976
f  1178//1977 1177//1977 1176//1977
f  1178//1978 1139//1978 1177//1978
f  1148//1979 1147//1979 1179//1979
f  1182//1980 1179//1980 1180//1980
f  1136//1981 1178//1981 1135//1981
f  1136//1982 1137//1982 1178//1982
f  1183//1983 1146//1983 1148//1983
f  1151//1984 1179//1984 1182//1984
f  1183//1985 1170//1985 1146//1985
f  1182//1986 1180//1986 948//1986
f  1148//1987 1179//1987 1151//1987
f  1174//1988 1184//1988 1173//1988
f  1181//1989 1174//1989 1155//1989
f  1185//1990 1181//1990 1158//1990
f  1011//1991 1170//1991 1183//1991
f  1150//1992 1183//1992 1148//1992
f  1150//1993 1148//1993 1151//1993
f  1137//1994 1139//1994 1178//1994
f  1186//1995 1011//1995 1183//1995
f  1169//1996 1009//1996 1012//1996
f  1173//1997 1183//1997 1150//1997
f  1170//1998 1011//1998 1013//1998
f  1186//1999 1173//1999 1014//1999
f  1156//2000 1151//2000 1182//2000
f  1184//2001 1014//2001 1173//2001
f  1181//2002 1184//2002 1174//2002
f  1186//2003 1183//2003 1173//2003
f  1185//2004 1007//2004 1181//2004
f  1185//2005 1017//2005 1007//2005
f  1004//2006 1011//2006 1186//2006
f  1139//2007 1017//2007 1177//2007
f  1137//2008 1000//2008 1139//2008
f  1156//2009 1182//2009 1187//2009
f  1187//2010 1182//2010 948//2010
f  1145//2011 1188//2011 1142//2011
f  1014//2012 1004//2012 1186//2012
f  1187//2013 948//2013 981//2013
f  702//2014 1000//2014 1137//2014
f  1159//2015 1156//2015 1187//2015
f  1006//2016 1014//2016 1184//2016
f  1006//2017 1184//2017 1181//2017
f  1189//2018 1187//2018 981//2018
f  1175//2019 1187//2019 1189//2019
f  1175//2020 1159//2020 1187//2020
f  1189//2021 981//2021 980//2021
f  1007//2022 1006//2022 1181//2022
f  1160//2023 1159//2023 1175//2023
f  1177//2024 1158//2024 1160//2024
f  1138//2025 1189//2025 980//2025
f  1177//2026 1185//2026 1158//2026
f  1017//2027 1185//2027 1177//2027
f  1140//2028 1175//2028 1189//2028
f  1140//2029 1189//2029 1138//2029
f  1190//2030 1191//2030 1192//2030
f  943//2031 1190//2031 994//2031
f  1191//2032 1193//2032 1194//2032
f  1194//2033 1193//2033 1031//2033
f  1027//2034 1195//2034 1194//2034
f  1196//2035 1197//2035 1033//2035
f  1198//2036 1192//2036 1194//2036
f  1198//2037 1190//2037 1192//2037
f  1196//2038 1033//2038 1024//2038
f  1199//2039 1024//2039 1026//2039
f  1195//2040 1027//2040 1029//2040
f  1198//2041 1200//2041 1190//2041
f  1034//2042 1154//2042 1022//2042
f  1195//2043 1201//2043 1198//2043
f  1195//2044 1029//2044 1201//2044
f  993//2045 994//2045 1202//2045
f  1203//2046 1198//2046 1201//2046
f  1200//2047 1198//2047 1204//2047
f  993//2048 1202//2048 1205//2048
f  1205//2049 1200//2049 1204//2049
f  1203//2050 1204//2050 1198//2050
f  982//2051 978//2051 1206//2051
f  982//2052 1206//2052 1199//2052
f  976//2053 982//2053 1199//2053
f  1203//2054 1197//2054 1207//2054
f  1207//2055 1204//2055 1203//2055
f  1208//2056 975//2056 1199//2056
f  1205//2057 1204//2057 1209//2057
f  993//2058 1205//2058 992//2058
f  1197//2059 1196//2059 1207//2059
f  1209//2060 992//2060 1205//2060
f  1210//2061 1143//2061 1142//2061
f  1209//2062 1211//2062 991//2062
f  991//2063 984//2063 1209//2063
f  983//2064 998//2064 1212//2064
f  1154//2065 1188//2065 1145//2065
f  944//2066 1144//2066 1210//2066
f  1188//2067 1154//2067 1193//2067
f  1191//2068 1142//2068 1188//2068
f  1031//2069 1193//2069 1034//2069
f  1027//2070 1194//2070 1031//2070
f  1191//2071 1194//2071 1192//2071
f  1190//2072 1202//2072 994//2072
f  1198//2073 1194//2073 1195//2073
f  1202//2074 1190//2074 1200//2074
f  1201//2075 1029//2075 1033//2075
f  1200//2076 1205//2076 1202//2076
f  1197//2077 1201//2077 1033//2077
f  1197//2078 1203//2078 1201//2078
f  1211//2079 1204//2079 1207//2079
f  1211//2080 1209//2080 1204//2080
f  1209//2081 984//2081 992//2081
f  1196//2082 1213//2082 1207//2082
f  1213//2083 1211//2083 1207//2083
f  1196//2084 1214//2084 1213//2084
f  1212//2085 991//2085 1211//2085
f  1212//2086 1211//2086 1213//2086
f  1214//2087 1196//2087 1024//2087
f  1212//2088 990//2088 991//2088
f  1024//2089 1206//2089 1214//2089
f  983//2090 1212//2090 1213//2090
f  1214//2091 983//2091 1213//2091
f  1212//2092 998//2092 990//2092
f  978//2093 1214//2093 1206//2093
f  1024//2094 1199//2094 1206//2094
f  978//2095 983//2095 1214//2095
f  975//2096 976//2096 1199//2096
f  1208//2097 1199//2097 1026//2097
f  1208//2098 1026//2098 1025//2098
f  975//2099 1208//2099 997//2099
f  997//2100 1208//2100 1025//2100
f  1143//2101 1210//2101 1144//2101
f  1193//2102 1154//2102 1034//2102
f  1191//2103 1188//2103 1193//2103
f  943//2104 944//2104 1210//2104
f  1210//2105 1142//2105 1191//2105
f  943//2106 1210//2106 1190//2106
f  1191//2107 1190//2107 1210//2107
f  1215//2108 1216//2108 964//2108
f  954//2109 1217//2109 964//2109
f  1217//2110 1215//2110 964//2110
f  1217//2111 679//2111 1215//2111
f  679//2112 681//2112 1215//2112
f  1218//2113 953//2113 958//2113
f  1219//2114 1220//2114 1221//2114
f  681//2115 1222//2115 1223//2115
f  1224//2116 1223//2116 1225//2116
f  681//2117 1223//2117 1224//2117
f  1226//2118 1227//2118 1228//2118
f  951//2119 999//2119 949//2119
f  958//2120 960//2120 1229//2120
f  1229//2121 1224//2121 1225//2121
f  960//2122 962//2122 1230//2122
f  960//2123 1224//2123 1229//2123
f  1230//2124 1224//2124 960//2124
f  1216//2125 1230//2125 967//2125
f  1216//2126 1224//2126 1230//2126
f  1216//2127 967//2127 964//2127
f  951//2128 953//2128 1231//2128
f  1222//2129 681//2129 680//2129
f  681//2130 1224//2130 1216//2130
f  1216//2131 1215//2131 681//2131
f  1231//2132 953//2132 1218//2132
f  1220//2133 1223//2133 1222//2133
f  1218//2134 1225//2134 1231//2134
f  679//2135 1217//2135 685//2135
f  1218//2136 1229//2136 1225//2136
f  956//2137 1217//2137 954//2137
f  1229//2138 1218//2138 958//2138
f  1230//2139 962//2139 967//2139
f  1217//2140 956//2140 685//2140
f  1226//2141 1231//2141 1225//2141
f  1232//2142 999//2142 951//2142
f  951//2143 1228//2143 1232//2143
f  1232//2144 1228//2144 1227//2144
f  1219//2145 1227//2145 1226//2145
f  1226//2146 1220//2146 1219//2146
f  951//2147 1231//2147 1228//2147
f  680//2148 1221//2148 1222//2148
f  1226//2149 1228//2149 1231//2149
f  1220//2150 1222//2150 1221//2150
f  1220//2151 1226//2151 1225//2151
f  1223//2152 1220//2152 1225//2152
f  1233//2153 790//2153 1036//2153
f  1234//2154 790//2154 1233//2154
f  1235//2155 1232//2155 1236//2155
f  1237//2156 1221//2156 1238//2156
f  1239//2157 1234//2157 1240//2157
f  1036//2158 999//2158 1235//2158
f  1237//2159 1238//2159 1241//2159
f  1242//2160 1237//2160 1241//2160
f  1243//2161 1244//2161 1245//2161
f  1242//2162 1246//2162 1219//2162
f  1242//2163 1241//2163 1247//2163
f  1239//2164 1248//2164 1249//2164
f  1250//2165 1036//2165 1236//2165
f  1236//2166 1246//2166 1251//2166
f  1236//2167 1232//2167 1227//2167
f  1252//2168 675//2168 1253//2168
f  1251//2169 1246//2169 1254//2169
f  1247//2170 1238//2170 680//2170
f  1247//2171 1241//2171 1238//2171
f  1255//2172 1256//2172 1257//2172
f  1250//2173 1233//2173 1036//2173
f  1258//2174 1257//2174 1256//2174
f  1247//2175 680//2175 675//2175
f  1254//2176 1259//2176 1255//2176
f  1243//2177 1239//2177 1240//2177
f  1234//2178 1251//2178 1254//2178
f  1234//2179 1233//2179 1250//2179
f  1239//2180 1243//2180 1245//2180
f  1256//2181 1247//2181 1258//2181
f  1248//2182 1260//2182 1249//2182
f  1249//2183 1260//2183 1261//2183
f  1252//2184 1245//2184 1244//2184
f  1258//2185 1247//2185 675//2185
f  1244//2186 675//2186 1252//2186
f  1234//2187 1254//2187 1240//2187
f  1257//2188 1240//2188 1255//2188
f  1257//2189 1243//2189 1240//2189
f  1221//2190 680//2190 1238//2190
f  1221//2191 1237//2191 1219//2191
f  1235//2192 999//2192 1232//2192
f  1246//2193 1236//2193 1227//2193
f  1246//2194 1227//2194 1219//2194
f  1219//2195 1237//2195 1242//2195
f  1249//2196 1234//2196 1239//2196
f  1239//2197 1245//2197 1248//2197
f  1261//2198 1234//2198 1249//2198
f  1261//2199 790//2199 1234//2199
f  1262//2200 1245//2200 1252//2200
f  1262//2201 1248//2201 1245//2201
f  1251//2202 1234//2202 1250//2202
f  1236//2203 1036//2203 1235//2203
f  1236//2204 1251//2204 1250//2204
f  1254//2205 1255//2205 1240//2205
f  1242//2206 1247//2206 1259//2206
f  1259//2207 1246//2207 1242//2207
f  1246//2208 1259//2208 1254//2208
f  1259//2209 1247//2209 1256//2209
f  1255//2210 1259//2210 1256//2210
f  1244//2211 1257//2211 1258//2211
f  1244//2212 1243//2212 1257//2212
f  1244//2213 1258//2213 675//2213
f  1261//2214 1260//2214 777//2214
f  1262//2215 1260//2215 1248//2215
f  1263//2216 777//2216 1260//2216
f  1263//2217 1260//2217 1262//2217
f  790//2218 1261//2218 777//2218
f  1262//2219 1252//2219 1264//2219
f  1262//2220 1264//2220 1265//2220
f  777//2221 1266//2221 752//2221
f  1263//2222 1262//2222 1265//2222
f  1265//2223 1266//2223 1263//2223
f  688//2224 683//2224 1267//2224
f  1268//2225 1267//2225 683//2225
f  1269//2226 1270//2226 1271//2226
f  1268//2227 1272//2227 1267//2227
f  740//2228 752//2228 1266//2228
f  785//2229 788//2229 1270//2229
f  1272//2230 1268//2230 764//2230
f  772//2231 1269//2231 1272//2231
f  1273//2232 787//2232 786//2232
f  682//2233 1273//2233 683//2233
f  786//2234 1268//2234 1273//2234
f  787//2235 1273//2235 682//2235
f  1264//2236 1252//2236 1253//2236
f  688//2237 1253//2237 675//2237
f  1267//2238 1271//2238 688//2238
f  1272//2239 1271//2239 1267//2239
f  1270//2240 1274//2240 1271//2240
f  1269//2241 1271//2241 1272//2241
f  1269//2242 785//2242 1270//2242
f  785//2243 1269//2243 772//2243
f  1263//2244 1266//2244 777//2244
f  1274//2245 1264//2245 1253//2245
f  1265//2246 1264//2246 1274//2246
f  1253//2247 1271//2247 1274//2247
f  1275//2248 1266//2248 1265//2248
f  688//2249 1271//2249 1253//2249
f  1275//2250 740//2250 1266//2250
f  1275//2251 1265//2251 1274//2251
f  1275//2252 788//2252 740//2252
f  1270//2253 1275//2253 1274//2253
f  1270//2254 788//2254 1275//2254
f  764//2255 772//2255 1272//2255
f  1268//2256 683//2256 1273//2256
f  756//2257 764//2257 1268//2257
f  756//2258 1268//2258 786//2258
f  1078//2259 771//2259 1276//2259
f  1078//2260 828//2260 771//2260
f  1077//2261 1078//2261 1276//2261
f  1277//2262 1276//2262 1278//2262
f  1277//2263 1077//2263 1276//2263
f  1279//2264 1277//2264 1278//2264
f  1279//2265 1278//2265 1280//2265
f  1279//2266 1280//2266 695//2266
f  694//2267 1279//2267 695//2267
f  1281//2268 1282//2268 1283//2268
f  1281//2269 1283//2269 1053//2269
f  1284//2270 1285//2270 1286//2270
f  1287//2271 1282//2271 1281//2271
f  767//2272 768//2272 1285//2272
f  767//2273 1285//2273 1284//2273
f  1287//2274 1286//2274 1282//2274
f  1288//2275 1286//2275 1287//2275
f  1284//2276 1286//2276 1288//2276
f  1280//2277 1053//2277 695//2277
f  1280//2278 1281//2278 1053//2278
f  1278//2279 1281//2279 1280//2279
f  1278//2280 1287//2280 1281//2280
f  1276//2281 1284//2281 1288//2281
f  1276//2282 1287//2282 1278//2282
f  1276//2283 1288//2283 1287//2283
f  771//2284 1284//2284 1276//2284
f  771//2285 767//2285 1284//2285
f  1289//2286 720//2286 1041//2286
f  1289//2287 1290//2287 720//2287
f  1291//2288 1290//2288 1289//2288
f  1292//2289 1290//2289 1291//2289
f  1293//2290 1292//2290 1291//2290
f  1294//2291 748//2291 1292//2291
f  1294//2292 1292//2292 1293//2292
f  750//2293 748//2293 1294//2293
f  1295//2294 1050//2294 1044//2294
f  1295//2295 1044//2295 1037//2295
f  1296//2296 1297//2296 1295//2296
f  1298//2297 1041//2297 1043//2297
f  1298//2298 1289//2298 1041//2298
f  1299//2299 1289//2299 1298//2299
f  1300//2300 1301//2300 1296//2300
f  1040//2301 1051//2301 1302//2301
f  1300//2302 1040//2302 1302//2302
f  1299//2303 1293//2303 1289//2303
f  1302//2304 1301//2304 1300//2304
f  1301//2305 1303//2305 1296//2305
f  1303//2306 1304//2306 1305//2306
f  1303//2307 1301//2307 1304//2307
f  1302//2308 1051//2308 1046//2308
f  1302//2309 1304//2309 1301//2309
f  1306//2310 1293//2310 1299//2310
f  1307//2311 768//2311 770//2311
f  1302//2312 1046//2312 1308//2312
f  1306//2313 1294//2313 1293//2313
f  1309//2314 1298//2314 1043//2314
f  1310//2315 1294//2315 1306//2315
f  1309//2316 1043//2316 1057//2316
f  1311//2317 1298//2317 1309//2317
f  1311//2318 1299//2318 1298//2318
f  750//2319 1294//2319 1310//2319
f  1306//2320 1299//2320 1311//2320
f  1309//2321 1057//2321 1055//2321
f  1312//2322 1309//2322 1055//2322
f  1312//2323 1055//2323 1313//2323
f  757//2324 750//2324 1310//2324
f  1055//2325 1050//2325 1313//2325
f  1314//2326 1311//2326 1312//2326
f  1295//2327 1313//2327 1050//2327
f  1314//2328 1306//2328 1311//2328
f  1315//2329 1306//2329 1314//2329
f  1302//2330 1308//2330 1304//2330
f  1310//2331 1306//2331 1315//2331
f  1314//2332 1312//2332 1313//2332
f  720//2333 1290//2333 1316//2333
f  1317//2334 1310//2334 1315//2334
f  760//2335 1310//2335 1317//2335
f  760//2336 757//2336 1310//2336
f  1318//2337 1314//2337 1313//2337
f  1319//2338 1314//2338 1318//2338
f  1319//2339 1315//2339 1314//2339
f  1318//2340 1313//2340 1295//2340
f  1318//2341 1295//2341 1297//2341
f  1317//2342 1315//2342 1319//2342
f  1309//2343 1312//2343 1311//2343
f  1296//2344 1295//2344 1037//2344
f  1320//2345 1317//2345 1319//2345
f  1321//2346 1318//2346 1297//2346
f  1321//2347 1319//2347 1318//2347
f  770//2348 760//2348 1317//2348
f  770//2349 1317//2349 1320//2349
f  1300//2350 1037//2350 1040//2350
f  1300//2351 1296//2351 1037//2351
f  1320//2352 1319//2352 1321//2352
f  1303//2353 1321//2353 1297//2353
f  1303//2354 1297//2354 1296//2354
f  1305//2355 1321//2355 1303//2355
f  1293//2356 1291//2356 1289//2356
f  1305//2357 1320//2357 1321//2357
f  1307//2358 1320//2358 1305//2358
f  770//2359 1320//2359 1307//2359
f  1283//2360 1046//2360 1048//2360
f  1322//2361 1305//2361 1304//2361
f  1285//2362 1307//2362 1305//2362
f  1283//2363 1308//2363 1046//2363
f  768//2364 1307//2364 1285//2364
f  1285//2365 1305//2365 1322//2365
f  1282//2366 1308//2366 1283//2366
f  1286//2367 1304//2367 1308//2367
f  1286//2368 1308//2368 1282//2368
f  1286//2369 1322//2369 1304//2369
f  1285//2370 1322//2370 1286//2370
f  1053//2371 1283//2371 1048//2371
f  1323//2372 718//2372 1316//2372
f  1324//2373 1323//2373 1316//2373
f  1325//2374 1326//2374 1327//2374
f  1324//2375 1325//2375 1327//2375
f  1327//2376 1326//2376 1328//2376
f  711//2377 718//2377 1323//2377
f  1324//2378 1329//2378 1323//2378
f  737//2379 1330//2379 775//2379
f  1331//2380 1330//2380 737//2380
f  1324//2381 1332//2381 1329//2381
f  1324//2382 1327//2382 1332//2382
f  1332//2383 1327//2383 1333//2383
f  1333//2384 1328//2384 1334//2384
f  1333//2385 1335//2385 1332//2385
f  1332//2386 1335//2386 717//2386
f  1335//2387 1333//2387 1336//2387
f  1334//2388 1336//2388 1333//2388
f  1331//2389 737//2389 734//2389
f  1330//2390 1336//2390 1334//2390
f  730//2391 1337//2391 734//2391
f  1335//2392 1338//2392 717//2392
f  1335//2393 1336//2393 1338//2393
f  1330//2394 1334//2394 744//2394
f  708//2395 1339//2395 1340//2395
f  709//2396 708//2396 1340//2396
f  1338//2397 1339//2397 717//2397
f  714//2398 1341//2398 724//2398
f  714//2399 1342//2399 1341//2399
f  714//2400 724//2400 1343//2400
f  1344//2401 1338//2401 1345//2401
f  1339//2402 1338//2402 1346//2402
f  1346//2403 1338//2403 1344//2403
f  791//2404 1347//2404 792//2404
f  1347//2405 1348//2405 792//2405
f  1348//2406 1347//2406 1342//2406
f  1348//2407 1342//2407 709//2407
f  1349//2408 748//2408 746//2408
f  718//2409 720//2409 1316//2409
f  1326//2410 1349//2410 1328//2410
f  1328//2411 1349//2411 746//2411
f  1333//2412 1327//2412 1328//2412
f  746//2413 744//2413 1334//2413
f  1329//2414 711//2414 1323//2414
f  1330//2415 1345//2415 1336//2415
f  1338//2416 1336//2416 1345//2416
f  1326//2417 1292//2417 748//2417
f  712//2418 711//2418 1329//2418
f  1334//2419 1328//2419 746//2419
f  712//2420 1329//2420 1332//2420
f  712//2421 1332//2421 717//2421
f  744//2422 775//2422 1330//2422
f  1339//2423 708//2423 717//2423
f  1345//2424 1330//2424 1331//2424
f  1331//2425 1344//2425 1345//2425
f  1339//2426 1346//2426 1340//2426
f  1337//2427 1344//2427 1331//2427
f  1337//2428 1331//2428 734//2428
f  792//2429 1350//2429 730//2429
f  1350//2430 1337//2430 730//2430
f  1350//2431 1344//2431 1337//2431
f  1346//2432 1350//2432 1348//2432
f  1346//2433 1344//2433 1350//2433
f  1348//2434 1340//2434 1346//2434
f  1348//2435 1350//2435 792//2435
f  1341//2436 1347//2436 791//2436
f  1341//2437 791//2437 753//2437
f  1348//2438 709//2438 1340//2438
f  1342//2439 1347//2439 1341//2439
f  724//2440 1341//2440 753//2440
f  714//2441 709//2441 1342//2441
f  783//2442 1343//2442 724//2442
f  782//2443 1343//2443 783//2443
f  714//2444 1343//2444 715//2444
f  715//2445 1343//2445 782//2445
f  1326//2446 748//2446 1349//2446
f  1292//2447 1325//2447 1290//2447
f  1325//2448 1292//2448 1326//2448
f  1325//2449 1316//2449 1290//2449
f  1325//2450 1324//2450 1316//2450
f  1351//2451 1352//2451 1353//2451
f  1353//2452 1352//2452 1354//2452
f  649//2453 1355//2453 650//2453
f  644//2454 652//2454 1356//2454
f  1357//2455 1358//2455 1359//2455
f  1357//2456 1360//2456 1358//2456
f  1359//2457 1358//2457 1361//2457
f  1356//2458 1362//2458 1363//2458
f  1363//2459 1364//2459 1360//2459
f  1356//2460 652//2460 1362//2460
f  1363//2461 1362//2461 1364//2461
f  1360//2462 1364//2462 1358//2462
f  1358//2463 1365//2463 1361//2463
f  1366//2464 1367//2464 1368//2464
f  1368//2465 1367//2465 1369//2465
f  1364//2466 1370//2466 1358//2466
f  1358//2467 1370//2467 1365//2467
f  1366//2468 1371//2468 1367//2468
f  1364//2469 1372//2469 1370//2469
f  1362//2470 1372//2470 1364//2470
f  1369//2471 1373//2471 1374//2471
f  1362//2472 1375//2472 1372//2472
f  1362//2473 650//2473 1375//2473
f  1369//2474 1376//2474 1373//2474
f  1367//2475 1376//2475 1369//2475
f  652//2476 650//2476 1362//2476
f  1371//2477 1377//2477 1367//2477
f  1367//2478 1377//2478 1376//2478
f  1374//2479 1373//2479 1359//2479
f  1371//2480 1356//2480 1377//2480
f  1378//2481 1356//2481 1371//2481
f  1378//2482 644//2482 1356//2482
f  1377//2483 1363//2483 1376//2483
f  1376//2484 1360//2484 1373//2484
f  1376//2485 1363//2485 1360//2485
f  1373//2486 1357//2486 1359//2486
f  1373//2487 1360//2487 1357//2487
f  1356//2488 1363//2488 1377//2488
f  636//2489 1378//2489 634//2489
f  644//2490 1378//2490 636//2490
f  1378//2491 1371//2491 634//2491
f  634//2492 1371//2492 633//2492
f  1371//2493 1366//2493 633//2493
f  1366//2494 1368//2494 633//2494
f  633//2495 1368//2495 641//2495
f  1066//2496 1063//2496 1379//2496
f  1380//2497 1069//2497 1066//2497
f  1381//2498 1069//2498 1380//2498
f  1382//2499 1379//2499 1071//2499
f  667//2500 666//2500 1381//2500
f  1379//2501 1383//2501 1384//2501
f  659//2502 667//2502 1385//2502
f  659//2503 1385//2503 1386//2503
f  1387//2504 1385//2504 1383//2504
f  1388//2505 1071//2505 851//2505
f  1382//2506 1383//2506 1379//2506
f  1389//2507 1387//2507 1390//2507
f  1379//2508 1063//2508 1071//2508
f  1385//2509 1387//2509 1386//2509
f  1071//2510 1063//2510 910//2510
f  1387//2511 1076//2511 1085//2511
f  1387//2512 1389//2512 1076//2512
f  1388//2513 1389//2513 1390//2513
f  1382//2514 1071//2514 1388//2514
f  1380//2515 1385//2515 1381//2515
f  1390//2516 1382//2516 1388//2516
f  1386//2517 660//2517 659//2517
f  1390//2518 1387//2518 1383//2518
f  1390//2519 1383//2519 1382//2519
f  1391//2520 1388//2520 851//2520
f  1388//2521 1391//2521 1389//2521
f  1386//2522 1387//2522 1085//2522
f  1384//2523 1383//2523 1385//2523
f  1079//2524 1391//2524 851//2524
f  1085//2525 660//2525 1386//2525
f  1076//2526 1389//2526 1391//2526
f  1076//2527 1391//2527 1079//2527
f  1385//2528 667//2528 1381//2528
f  1384//2529 1380//2529 1379//2529
f  1385//2530 1380//2530 1384//2530
f  1380//2531 1066//2531 1379//2531
f  701//2532 1392//2532 1393//2532
f  698//2533 1394//2533 1395//2533
f  701//2534 1393//2534 697//2534
f  704//2535 1392//2535 701//2535
f  704//2536 1396//2536 1392//2536
f  1065//2537 1397//2537 706//2537
f  697//2538 1394//2538 698//2538
f  1098//2539 1065//2539 706//2539
f  697//2540 1393//2540 1394//2540
f  704//2541 1397//2541 1396//2541
f  706//2542 1397//2542 704//2542
f  1075//2543 1077//2543 1277//2543
f  1279//2544 1075//2544 1277//2544
f  1279//2545 1084//2545 1075//2545
f  694//2546 1084//2546 1279//2546
f  693//2547 1084//2547 694//2547
f  693//2548 1083//2548 1084//2548
f  693//2549 1082//2549 1083//2549
f  692//2550 1082//2550 693//2550
f  692//2551 1080//2551 1082//2551
f  691//2552 1073//2552 1080//2552
f  691//2553 1080//2553 692//2553
f  691//2554 1074//2554 1073//2554
f  691//2555 690//2555 1074//2555
f  1398//2556 1399//2556 1400//2556
f  1399//2557 1401//2557 1400//2557
f  1399//2558 1402//2558 1401//2558
f  1401//2559 1402//2559 1403//2559
f  1402//2560 1404//2560 1403//2560
f  1404//2561 661//2561 1403//2561
f  1405//2562 661//2562 1404//2562
f  1354//2563 1352//2563 1406//2563
f  1352//2564 1407//2564 1406//2564
f  1406//2565 1407//2565 1400//2565
f  1407//2566 1398//2566 1400//2566
f  1408//2567 1409//2567 1410//2567
f  1410//2568 1409//2568 1353//2568
f  1409//2569 1351//2569 1353//2569
f  1411//2570 1412//2570 1413//2570
f  1412//2571 1414//2571 1413//2571
f  1414//2572 1415//2572 1413//2572
f  1413//2573 1415//2573 1416//2573
f  1415//2574 1417//2574 1416//2574
f  1416//2575 1417//2575 1410//2575
f  1417//2576 1408//2576 1410//2576
f  1418//2577 1412//2577 1419//2577
f  1412//2578 1411//2578 1419//2578
f  1420//2579 1421//2579 1422//2579
f  1421//2580 1423//2580 1422//2580
f  1422//2581 1423//2581 1419//2581
f  1423//2582 1418//2582 1419//2582
f  1424//2583 1425//2583 1426//2583
f  1426//2584 1427//2584 1428//2584
f  1425//2585 1427//2585 1426//2585
f  1428//2586 1429//2586 1430//2586
f  1427//2587 1429//2587 1428//2587
f  1430//2588 1431//2588 1432//2588
f  1429//2589 1431//2589 1430//2589
f  1431//2590 1421//2590 1432//2590
f  1432//2591 1421//2591 1420//2591
f  1433//2592 1434//2592 1435//2592
f  1436//2593 1434//2593 1433//2593
f  1434//2594 1424//2594 1435//2594
f  1435//2595 1424//2595 1426//2595
f  1437//2596 1438//2596 669//2596
f  669//2597 1438//2597 1439//2597
f  1438//2598 1440//2598 1439//2598
f  1439//2599 1441//2599 1442//2599
f  1440//2600 1441//2600 1439//2600
f  1442//2601 1436//2601 1433//2601
f  1441//2602 1436//2602 1442//2602
f  669//2603 1443//2603 1437//2603
f  661//2604 1405//2604 1444//2604
f  669//2605 661//2605 1444//2605
f  669//2606 1444//2606 1443//2606
f  1445//2607 811//2607 803//2607
f  1445//2608 1412//2608 1418//2608
f  811//2609 1445//2609 1418//2609
f  1445//2610 803//2610 1412//2610
f  1446//2611 1412//2611 803//2611
f  1412//2612 1446//2612 1414//2612
f  1418//2613 1423//2613 811//2613
f  1446//2614 803//2614 804//2614
f  1423//2615 1421//2615 818//2615
f  1423//2616 818//2616 811//2616
f  1415//2617 1414//2617 1446//2617
f  1447//2618 818//2618 1421//2618
f  805//2619 1446//2619 804//2619
f  805//2620 1415//2620 1446//2620
f  1447//2621 819//2621 818//2621
f  1431//2622 1447//2622 1421//2622
f  1415//2623 805//2623 1448//2623
f  1417//2624 1415//2624 1448//2624
f  817//2625 819//2625 1447//2625
f  1431//2626 1429//2626 817//2626
f  1431//2627 817//2627 1447//2627
f  1448//2628 805//2628 822//2628
f  1417//2629 1448//2629 1408//2629
f  817//2630 1427//2630 808//2630
f  1429//2631 1427//2631 817//2631
f  1427//2632 809//2632 808//2632
f  1425//2633 809//2633 1427//2633
f  1424//2634 809//2634 1425//2634
f  1449//2635 892//2635 866//2635
f  892//2636 1448//2636 822//2636
f  1409//2637 1448//2637 892//2637
f  1351//2638 1409//2638 1449//2638
f  1409//2639 1408//2639 1448//2639
f  1352//2640 1351//2640 1449//2640
f  1409//2641 892//2641 1449//2641
f  1424//2642 1434//2642 809//2642
f  809//2643 1434//2643 810//2643
f  810//2644 1434//2644 1436//2644
f  1407//2645 1450//2645 1398//2645
f  867//2646 1450//2646 1407//2646
f  1450//2647 867//2647 908//2647
f  1449//2648 866//2648 867//2648
f  1407//2649 1449//2649 867//2649
f  1407//2650 1352//2650 1449//2650
f  901//2651 1450//2651 908//2651
f  1399//2652 1450//2652 901//2652
f  1399//2653 1398//2653 1450//2653
f  1404//2654 1451//2654 902//2654
f  1404//2655 1402//2655 1451//2655
f  902//2656 1451//2656 901//2656
f  1451//2657 1402//2657 1399//2657
f  901//2658 1451//2658 1399//2658
f  829//2659 1440//2659 1438//2659
f  829//2660 1441//2660 1440//2660
f  829//2661 831//2661 1441//2661
f  831//2662 1436//2662 1441//2662
f  831//2663 810//2663 1436//2663
f  852//2664 1404//2664 902//2664
f  1405//2665 1404//2665 852//2665
f  829//2666 1437//2666 917//2666
f  1438//2667 1437//2667 829//2667
f  1452//2668 1444//2668 1405//2668
f  1437//2669 1443//2669 917//2669
f  1452//2670 1405//2670 852//2670
f  1444//2671 1452//2671 911//2671
f  1443//2672 915//2672 917//2672
f  911//2673 1452//2673 852//2673
f  915//2674 1444//2674 911//2674
f  915//2675 1443//2675 1444//2675
f  663//2676 605//2676 664//2676
f  603//2677 605//2676 663//2676
f  671//2678 609//2678 603//2678
f  671//2679 603//2679 663//2679
f  672//2680 609//2680 671//2680
f  1453//2681 1454//2681 612//2681
f  1453//2682 612//2682 611//2682
f  1455//2683 1453//2683 611//2683
f  1060//2684 1455//2684 611//2684
f  1456//2685 1457//2685 1458//2685
f  1459//2686 1456//2686 1458//2686
f  1460//2687 1456//2687 1459//2687
f  1461//2688 1456//2688 1460//2688
f  1461//2689 1062//2689 1456//2689
f  1453//2690 1459//2690 1462//2690
f  1453//2691 1460//2691 1459//2691
f  1062//2692 1461//2692 1455//2692
f  1455//2693 1461//2693 1460//2693
f  1455//2694 1460//2694 1453//2694
f  1060//2695 1062//2695 1455//2695
f  1454//2696 1453//2696 1462//2696
f  1062//2697 1059//2697 1463//2697
f  1464//2698 1465//2698 1466//2698
f  1466//2699 1465//2699 1467//2699
f  1464//2700 1468//2700 1469//2700
f  1059//2701 1468//2701 1464//2701
f  1463//2702 1464//2702 1466//2702
f  1466//2703 1467//2703 1457//2703
f  1465//2704 1469//2704 1470//2704
f  1464//2705 1469//2705 1465//2705
f  1463//2706 1059//2706 1464//2706
f  1466//2707 1457//2707 1456//2707
f  1463//2708 1456//2708 1062//2708
f  1463//2709 1466//2709 1456//2709
f  1471//2710 1470//2710 1469//2710
f  1471//2711 1472//2711 1470//2711
f  1473//2712 1469//2712 1468//2712
f  1473//2713 1471//2713 1469//2713
f  1058//2714 1468//2714 1059//2714
f  1058//2715 1473//2715 1468//2715
f  1474//2716 1475//2716 1476//2716
f  1477//2717 721//2717 1478//2717
f  1061//2718 1479//2718 1475//2718
f  1061//2719 1475//2719 1474//2719
f  1480//2720 1481//2720 1482//2720
f  1477//2721 719//2721 721//2721
f  1480//2722 1474//2722 1481//2722
f  1483//2723 719//2723 1477//2723
f  1484//2724 1061//2724 1474//2724
f  1484//2725 1474//2725 1480//2725
f  1483//2726 722//2726 719//2726
f  1480//2727 1482//2727 1485//2727
f  1058//2728 1061//2728 1484//2728
f  1486//2729 722//2729 1483//2729
f  1484//2730 1480//2730 1487//2730
f  1487//2731 1480//2731 1485//2731
f  1473//2732 1484//2732 1487//2732
f  1487//2733 1485//2733 1472//2733
f  1058//2734 1484//2734 1473//2734
f  1471//2735 1487//2735 1472//2735
f  1483//2736 1477//2736 1488//2736
f  1475//2737 1483//2737 1488//2737
f  1473//2738 1487//2738 1471//2738
f  1486//2739 1061//2739 722//2739
f  1474//2740 1476//2740 1481//2740
f  1479//2741 1483//2741 1475//2741
f  1475//2742 1488//2742 1476//2742
f  1479//2743 1486//2743 1483//2743
f  1061//2744 1486//2744 1479//2744
f  1454//2745 1489//2745 612//2745
f  1489//2746 638//2746 612//2746
f  1454//2747 1490//2747 1489//2747
f  612//2748 640//2748 613//2748
f  638//2749 640//2749 612//2749
f  1477//2750 1478//2750 1491//2750
f  1492//2751 1477//2751 1491//2751
f  1488//2752 1477//2752 1492//2752
f  1493//2753 1488//2753 1492//2753
f  1476//2754 1488//2754 1493//2754
f  1481//2755 1476//2755 1493//2755
f  1494//2756 1481//2756 1493//2756
f  1482//2757 1481//2757 1494//2757
f  1495//2758 1482//2758 1494//2758
f  1485//2759 1482//2759 1495//2759
f  1496//2760 1485//2760 1495//2760
f  1472//2761 1485//2761 1496//2761
f  1497//2762 1472//2762 1496//2762
f  1497//2763 1470//2763 1472//2763
f  1498//2764 1470//2764 1497//2764
f  1470//2765 1498//2765 1499//2765
f  1465//2766 1470//2766 1499//2766
f  1465//2767 1499//2767 1500//2767
f  1467//2768 1465//2768 1500//2768
f  1457//2769 1500//2769 1501//2769
f  1457//2770 1467//2770 1500//2770
f  1458//2771 1457//2771 1501//2771
f  1458//2772 1501//2772 1502//2772
f  1459//2773 1458//2773 1502//2773
f  1459//2774 1502//2774 1503//2774
f  1462//2775 1459//2775 1503//2775
f  1462//2776 1503//2776 1490//2776
f  1454//2777 1462//2777 1490//2777
f  638//2778 1489//2778 631//2778
f  1490//2779 618//2779 631//2779
f  1489//2780 1490//2780 631//2780
f  1503//2781 618//2781 1490//2781
f  642//2782 618//2782 1503//2782
f  642//2783 1503//2783 643//2783
f  654//2784 643//2784 1502//2784
f  1501//2785 654//2785 1502//2785
f  643//2786 1503//2786 1502//2786
f  647//2787 648//2787 1504//2787
f  1498//2788 647//2788 1499//2788
f  1504//2789 648//2789 1500//2789
f  1504//2790 1500//2790 1499//2790
f  648//2791 654//2791 1501//2791
f  648//2792 1501//2792 1500//2792
f  647//2793 1504//2793 1499//2793
f  647//2794 1498//2794 1497//2794
f  647//2795 1497//2795 645//2795
f  1495//2796 646//2796 645//2796
f  1491//2797 653//2797 1492//2797
f  645//2798 1497//2798 1496//2798
f  1505//2799 1491//2799 1506//2799
f  1507//2800 653//2800 1505//2800
f  1495//2801 1494//2801 646//2801
f  1493//2802 646//2802 1494//2802
f  1496//2803 1495//2803 645//2803
f  653//2804 646//2804 1493//2804
f  653//2805 1493//2805 1492//2805
f  1508//2806 1509//2806 1510//2806
f  1072//2807 1511//2807 1512//2807
f  1074//2808 1511//2808 1072//2808
f  1375//2809 1513//2809 1372//2809
f  1375//2810 1514//2810 1515//2810
f  1372//2811 1516//2811 1370//2811
f  1372//2812 1513//2812 1517//2812
f  1370//2813 1516//2813 1518//2813
f  1370//2814 1519//2814 1365//2814
f  1365//2815 1519//2815 1520//2815
f  650//2816 1507//2816 651//2816
f  650//2817 1514//2817 1375//2817
f  1491//2818 1478//2818 1506//2818
f  1521//2819 1522//2819 1523//2819
f  1521//2819 1523//2819 1524//2820
f  1525//2821 1526//2821 1521//2821
f  1526//2822 1527//2822 1528//2822
f  1521//2823 1526//2823 1528//2823
f  1525//2821 1521//2821 1524//2824
f  1529//2825 613//2825 1530//2825
f  1529//2826 614//2826 613//2826
f  1529//2827 1531//2827 614//2827
f  1532//2828 1533//2828 1534//2828
f  1535//2829 1536//2829 1537//2829
f  622//2830 1538//2830 623//2830
f  1536//2831 1539//2831 1537//2831
f  1540//2832 1534//2832 1541//2832
f  639//2820 632//2820 630//2820
f  1535//2833 1537//2833 1542//2833
f  1538//2834 1535//2834 1542//2834
f  1540//2835 1541//2835 629//2835
f  630//2836 1540//2836 629//2836
f  1534//2837 1533//2837 1543//2837
f  1538//2838 1542//2838 623//2838
f  639//2820 630//2820 629//2820
f  1534//2839 1543//2839 1541//2839
f  632//2840 623//2840 1542//2840
f  1544//2841 1545//2841 1536//2841
f  1545//2842 1546//2842 1547//2842
f  1547//2843 1548//2843 1532//2843
f  1537//2844 1539//2844 1540//2844
f  1541//2845 1543//2845 1549//2845
f  1547//2846 1532//2846 1539//2846
f  1545//2847 1547//2847 1536//2847
f  1541//2848 1549//2848 629//2848
f  1537//2849 1540//2849 630//2849
f  1542//2850 1537//2850 630//2850
f  639//2851 629//2851 1549//2851
f  640//2852 639//2852 1549//2852
f  641//2853 1544//2853 1538//2853
f  632//2854 1542//2854 630//2854
f  1548//2855 1550//2855 1551//2855
f  1546//2856 1550//2856 1548//2856
f  1539//2857 1532//2857 1534//2857
f  1544//2858 1536//2858 1535//2858
f  1532//2859 1548//2859 1551//2859
f  622//2860 641//2860 1538//2860
f  1532//2861 1551//2861 1533//2861
f  1540//2862 1539//2862 1534//2862
f  1544//2863 1535//2863 1538//2863
f  1546//2864 1548//2864 1547//2864
f  1536//2865 1547//2865 1539//2865
f  1552//2866 1553//2866 1554//2866
f  1546//2867 1554//2867 1555//2867
f  1546//2868 1552//2868 1554//2868
f  1556//2869 1546//2869 1555//2869
f  1557//2870 1558//2870 1559//2870
f  1560//2871 1561//2871 1553//2871
f  1550//2872 1546//2872 1556//2872
f  1560//2873 1559//2873 1561//2873
f  1562//2874 1550//2874 1556//2874
f  1552//2875 1560//2875 1553//2875
f  1563//2876 657//2876 656//2876
f  1564//2877 1563//2877 656//2877
f  657//2820 1565//2820 656//2820
f  1566//2820 656//2820 1565//2820
f  1567//2878 1568//2878 1569//2878
f  1570//2879 1571//2879 1572//2879
f  1570//2880 1573//2880 1571//2880
f  1574//2881 1575//2881 1576//2881
f  1576//2882 1575//2882 1567//2882
f  1575//2883 1568//2883 1567//2883
f  1575//2884 1577//2884 1568//2884
f  1572//2885 1578//2885 1579//2885
f  1572//2886 1579//2886 1570//2886
f  1578//2887 1580//2887 1579//2887
f  1579//2888 1580//2888 1581//2888
f  1581//2889 1580//2889 1527//2889
f  1580//2890 1528//2890 1527//2890
f  674//2891 1582//2891 1583//2891
f  1584//2892 1585//2892 1583//2892
f  1582//2893 1584//2893 1583//2893
f  1586//2894 1587//2894 1588//2894
f  682//2895 674//2895 1583//2895
f  682//2896 1583//2896 1589//2896
f  684//2897 685//2897 1588//2897
f  685//2898 1586//2898 1588//2898
f  684//2899 1588//2899 1590//2899
f  1590//2900 1588//2900 1591//2900
f  1589//2901 1583//2901 1592//2901
f  1591//2902 1588//2902 1593//2902
f  1583//2903 1585//2903 1588//2903
f  1585//2904 1593//2904 1588//2904
f  614//2905 1594//2905 690//2905
f  1531//2906 1595//2906 1594//2906
f  1531//2907 1596//2907 1595//2907
f  1531//2908 1597//2908 1596//2908
f  1531//2909 1594//2905 614//2905
f  1598//2910 1531//2910 1599//2910
f  1598//2911 1597//2911 1531//2911
f  1600//2912 699//2912 698//2912
f  1601//2913 1600//2913 1602//2913
f  1601//2914 1603//2914 699//2914
f  1601//2915 699//2915 1600//2915
f  1604//2916 1602//2916 1605//2916
f  1606//2917 1602//2917 1604//2917
f  1606//2918 1601//2918 1602//2918
f  1607//2919 1604//2919 1605//2919
f  707//2920 1608//2920 1609//2920
f  710//2921 1610//2921 1611//2921
f  713//2922 710//2922 1611//2922
f  707//2923 715//2923 1612//2923
f  716//2924 707//2924 1609//2924
f  716//2925 1609//2925 1613//2925
f  656//2926 713//2926 1614//2926
f  1615//2927 1616//2927 1617//2927
f  713//2928 1611//2928 1614//2928
f  656//2929 1614//2929 1564//2929
f  1618//2930 1615//2930 1617//2930
f  716//2931 1613//2931 1610//2931
f  1619//2932 1618//2932 1617//2932
f  710//2933 716//2933 1610//2933
f  1564//2934 1614//2934 1616//2934
f  707//2935 1612//2935 1608//2935
f  1616//2936 1614//2936 1617//2936
f  1620//2937 1621//2937 1622//2937
f  1623//2938 1624//2938 1625//2938
f  1623//2939 1626//2939 1627//2939
f  1628//2940 1626//2940 1625//2940
f  1626//2941 1623//2941 1625//2941
f  1628//2942 1625//2942 1629//2942
f  1627//2943 1626//2943 1630//2943
f  1631//2944 1630//2944 1626//2944
f  1632//2945 1628//2945 1629//2945
f  1626//2946 1628//2946 1631//2946
f  1633//2947 1630//2947 1631//2947
f  1629//2948 1634//2948 1632//2948
f  1634//2949 1635//2949 1636//2949
f  1637//2950 1638//2950 1639//2950
f  1640//2951 1639//2951 1641//2951
f  1639//2952 1638//2952 1641//2952
f  1642//2953 1640//2953 1641//2953
f  1632//2954 1634//2954 1636//2954
f  1642//2955 1641//2955 1643//2955
f  1644//2956 1642//2956 1643//2956
f  1641//2957 1638//2957 1643//2957
f  1638//2958 1645//2958 1643//2958
f  1646//2959 1644//2959 1647//2959
f  1644//2960 1643//2960 1647//2960
f  1635//2961 1648//2961 1636//2961
f  1620//2962 1622//2962 1649//2962
f  1650//2963 1651//2963 1652//2963
f  1643//2964 1645//2964 1647//2964
f  1653//2965 1646//2965 1647//2965
f  1622//2966 1650//2966 1652//2966
f  1631//2967 1628//2967 1632//2967
f  1636//2968 1648//2968 1654//2968
f  1653//2969 1647//2969 1645//2969
f  1632//2970 1636//2970 1655//2970
f  1653//2971 1645//2971 1656//2971
f  1622//2972 1652//2972 1657//2972
f  1645//2973 1658//2973 1656//2973
f  1631//2974 1632//2974 1659//2974
f  1633//2975 1631//2975 1659//2975
f  1652//2976 1651//2976 1660//2976
f  1656//2977 1658//2977 1661//2977
f  1622//2978 1657//2978 1649//2978
f  1652//2979 1660//2979 1662//2979
f  1663//2980 1664//2980 1661//2980
f  1658//2981 1665//2981 1663//2981
f  1661//2982 1658//2982 1663//2982
f  1652//2983 1662//2983 1657//2983
f  1666//2984 1656//2984 1661//2984
f  1664//2985 1666//2985 1661//2985
f  1663//2986 1665//2986 1667//2986
f  1655//2987 1636//2987 1654//2987
f  1660//2988 1668//2988 1662//2988
f  1657//2989 1662//2989 1669//2989
f  1633//2990 1659//2990 1639//2990
f  1632//2991 1655//2991 1670//2991
f  1659//2992 1632//2992 1670//2992
f  1671//2993 1633//2993 1639//2993
f  1669//2994 1662//2994 1672//2994
f  1662//2995 1668//2995 1672//2995
f  1648//2996 1673//2996 1654//2996
f  1655//2997 1654//2997 1674//2997
f  779//2998 781//2998 1675//2998
f  782//2999 784//2999 1676//2999
f  784//3000 779//3000 1675//3000
f  1669//3001 1672//3001 1624//3001
f  1668//3002 1677//3002 1672//3002
f  1624//3003 1672//3003 1625//3003
f  1676//3004 784//3004 1621//3004
f  781//3005 787//3005 1678//3005
f  1639//3006 1659//3006 1670//3006
f  784//3007 1675//3007 1621//3007
f  1675//3008 781//3008 1678//3008
f  1670//3009 1655//3009 1674//3009
f  1625//3010 1677//3010 1629//3010
f  1640//3011 1671//3011 1639//3011
f  1677//3012 1679//3012 1629//3012
f  1639//3013 1670//3013 1637//3013
f  1675//3014 1678//3014 1651//3014
f  1675//3015 1650//3015 1621//3015
f  1674//3016 1654//3016 1680//3016
f  1673//3017 1681//3017 1680//3017
f  1620//3018 1676//3018 1621//3018
f  1654//3019 1673//3019 1680//3019
f  1629//3020 1679//3020 1634//3020
f  1657//3021 1669//3021 1649//3021
f  1621//3022 1650//3022 1622//3022
f  1679//3023 1635//3023 1634//3023
f  1649//3024 1669//3024 1682//3024
f  1675//3025 1651//3025 1650//3025
f  1682//3026 1669//3026 1683//3026
f  1683//3027 1669//3027 1624//3027
f  1683//3028 1624//3028 1623//3028
f  1672//3029 1677//3029 1625//3029
f  1683//3030 1623//3030 1627//3030
f  1684//3031 1685//3031 1686//3031
f  1687//3032 1688//3032 1689//3032
f  1686//3033 1685//3033 1690//3033
f  1686//3034 1690//3034 1691//3034
f  1687//3035 1691//3035 1688//3035
f  1692//3036 1693//3036 1694//3036
f  1695//3037 1696//3037 1694//3037
f  1697//3038 1698//3038 1685//3038
f  1685//3039 1692//3039 1697//3039
f  1684//3040 1699//3040 1700//3040
f  1697//3041 1690//3041 1698//3041
f  1694//3042 1670//3042 1674//3042
f  1701//3043 1699//3043 1684//3043
f  1702//3044 1693//3044 1692//3044
f  1684//3045 1703//3045 1701//3045
f  1704//3046 1705//3046 1706//3046
f  1703//3047 1684//3047 1686//3047
f  1707//3048 1705//3048 1704//3048
f  1693//3049 1695//3049 1694//3049
f  1685//3050 1698//3050 1690//3050
f  1684//3051 1700//3051 1708//3051
f  1709//3052 1692//3052 1710//3052
f  1706//3053 1688//3053 1704//3053
f  1706//3054 1689//3054 1688//3054
f  1711//3055 1712//3055 1688//3055
f  1684//3056 1692//3056 1685//3056
f  1696//3057 1713//3057 1694//3057
f  1714//3058 1707//3058 1704//3058
f  1714//3059 1715//3059 1707//3059
f  1686//3060 1691//3060 1687//3060
f  1709//3061 1702//3061 1692//3061
f  1716//3062 1711//3062 1688//3062
f  1712//3063 1714//3063 1704//3063
f  1694//3064 1680//3064 1692//3064
f  1716//3065 1688//3065 1691//3065
f  1674//3066 1680//3066 1694//3066
f  1689//3067 1706//3067 1717//3067
f  1717//3068 1706//3068 1705//3068
f  1686//3069 1689//3069 1703//3069
f  1710//3070 1684//3070 1708//3070
f  1680//3071 1697//3071 1692//3071
f  1684//3072 1710//3072 1692//3072
f  1689//3073 1686//3073 1687//3073
f  1704//3074 1688//3074 1712//3074
f  1703//3075 1689//3075 1717//3075
f  1718//3076 1719//3076 1665//3076
f  1665//3077 1719//3077 1667//3077
f  1720//3078 1721//3078 1722//3078
f  1723//3079 1722//3079 1724//3079
f  1721//3080 1701//3080 1703//3080
f  1725//3081 1707//3081 1726//3081
f  1727//3082 1728//3082 1729//3082
f  1730//3083 1724//3083 1731//3083
f  1725//3084 1726//3084 1729//3084
f  1731//3085 1724//3085 1732//3085
f  1694//3086 1713//3086 1733//3086
f  1734//3087 1730//3087 1731//3087
f  1731//3088 1732//3088 1735//3088
f  1732//3089 1728//3089 1735//3089
f  1733//3090 1670//3090 1694//3090
f  1728//3091 1732//3091 1725//3091
f  1736//3092 1737//3092 1738//3092
f  1738//3093 1734//3093 1739//3093
f  1740//3094 1720//3094 1722//3094
f  1728//3095 1725//3095 1729//3095
f  1741//3096 1665//3096 1658//3096
f  1742//3097 1741//3097 1743//3097
f  1744//3098 1745//3098 1746//3098
f  1745//3099 1747//3099 1748//3099
f  1749//3100 1748//3100 1750//3100
f  1751//3101 1752//3101 1745//3101
f  1745//3102 1748//3102 1751//3102
f  1750//3103 1753//3103 1749//3103
f  1752//3104 1754//3104 1755//3104
f  1748//3105 1756//3105 1751//3105
f  1757//3106 1758//3106 1733//3106
f  1759//3107 1752//3107 1751//3107
f  1749//3108 1753//3108 1760//3108
f  1756//3109 1748//3109 1761//3109
f  1748//3110 1749//3110 1761//3110
f  1760//3111 1762//3111 1749//3111
f  1761//3112 1749//3112 1762//3112
f  1759//3113 1763//3113 1764//3113
f  1765//3114 1764//3114 1766//3114
f  1759//3115 1751//3115 1763//3115
f  1767//3116 1763//3116 1756//3116
f  1763//3117 1751//3117 1756//3117
f  1754//3118 1768//3118 1755//3118
f  1768//3119 1769//3119 1755//3119
f  1762//3120 1770//3120 1761//3120
f  1770//3121 1771//3121 1761//3121
f  1764//3122 1763//3122 1772//3122
f  1763//3123 1773//3123 1772//3123
f  1773//3124 1763//3124 1774//3124
f  1773//3125 1775//3125 1776//3125
f  1762//3126 1760//3126 1777//3126
f  1778//3127 1779//3127 1780//3127
f  1781//3128 1773//3128 1774//3128
f  1773//3129 1781//3129 1775//3129
f  1774//3130 1782//3130 1781//3130
f  1713//3131 1783//3131 1733//3131
f  1750//3132 1740//3132 1753//3132
f  1762//3133 1777//3133 1770//3133
f  1784//3134 1785//3134 1786//3134
f  1781//3135 1782//3135 1787//3135
f  1788//3136 1787//3136 1782//3136
f  1789//3137 1781//3137 1790//3137
f  1760//3138 1791//3138 1777//3138
f  1637//3139 1670//3139 1733//3139
f  1792//3140 1793//3140 1741//3140
f  1753//3141 1723//3141 1791//3141
f  1730//3142 1734//3142 1737//3142
f  1794//3143 1737//3143 1736//3143
f  1795//3144 1796//3144 1732//3144
f  1795//3145 1717//3145 1796//3145
f  1736//3146 1797//3146 1798//3146
f  1733//3147 1758//3147 1799//3147
f  1741//3148 1733//3148 1799//3148
f  1796//3149 1707//3149 1725//3149
f  1734//3150 1800//3150 1739//3150
f  1638//3151 1637//3151 1733//3151
f  1799//3152 1792//3152 1741//3152
f  1801//3153 1742//3153 1802//3153
f  1764//3154 1765//3154 1759//3154
f  1753//3155 1791//3155 1760//3155
f  1774//3156 1763//3156 1767//3156
f  1645//3157 1741//3157 1658//3157
f  1781//3158 1789//3158 1803//3158
f  1728//3159 1727//3159 1800//3159
f  1726//3160 1707//3160 1715//3160
f  1718//3161 1741//3161 1742//3161
f  1804//3162 1787//3162 1788//3162
f  1787//3163 1804//3163 1805//3163
f  1718//3164 1665//3164 1741//3164
f  1743//3165 1802//3165 1742//3165
f  1802//3166 1806//3166 1744//3166
f  1750//3167 1747//3167 1806//3167
f  1744//3168 1747//3168 1745//3168
f  1747//3169 1750//3169 1748//3169
f  1807//3170 1746//3170 1752//3170
f  1752//3171 1746//3171 1745//3171
f  1807//3172 1752//3172 1755//3172
f  1754//3173 1752//3173 1765//3173
f  1752//3174 1759//3174 1765//3174
f  1769//3175 1807//3175 1755//3175
f  1808//3176 1720//3176 1740//3176
f  1754//3177 1765//3177 1766//3177
f  1809//3178 1723//3178 1730//3178
f  1801//3179 1802//3179 1744//3179
f  1810//3180 1768//3180 1754//3180
f  1746//3181 1801//3181 1744//3181
f  1747//3182 1744//3182 1806//3182
f  1764//3183 1811//3183 1812//3183
f  1810//3184 1754//3184 1766//3184
f  1813//3185 1810//3185 1766//3185
f  1756//3186 1761//3186 1767//3186
f  1761//3187 1771//3187 1767//3187
f  1813//3188 1766//3188 1812//3188
f  1770//3189 1814//3189 1771//3189
f  1779//3190 1813//3190 1812//3190
f  1779//3191 1812//3191 1811//3191
f  1767//3192 1771//3192 1774//3192
f  1766//3193 1764//3193 1812//3193
f  1779//3194 1778//3194 1813//3194
f  1776//3195 1772//3195 1773//3195
f  1771//3196 1814//3196 1788//3196
f  1783//3197 1757//3197 1733//3197
f  1774//3198 1771//3198 1782//3198
f  1764//3199 1772//3199 1811//3199
f  1782//3200 1771//3200 1788//3200
f  1785//3201 1815//3201 1775//3201
f  1784//3202 1815//3202 1785//3202
f  1816//3203 1804//3203 1814//3203
f  1779//3204 1811//3204 1815//3204
f  1775//3205 1786//3205 1785//3205
f  1811//3206 1772//3206 1776//3206
f  1815//3207 1811//3207 1776//3207
f  1806//3208 1808//3208 1740//3208
f  1750//3209 1806//3209 1740//3209
f  1816//3210 1814//3210 1770//3210
f  1775//3211 1815//3211 1776//3211
f  1790//3212 1781//3212 1787//3212
f  1817//3213 1794//3213 1777//3213
f  1794//3214 1770//3214 1777//3214
f  1740//3215 1723//3215 1753//3215
f  1777//3216 1809//3216 1817//3216
f  1779//3217 1815//3217 1784//3217
f  1798//3218 1816//3218 1794//3218
f  1804//3219 1788//3219 1814//3219
f  1777//3220 1791//3220 1809//3220
f  1780//3221 1779//3221 1784//3221
f  1638//3222 1733//3222 1645//3222
f  1733//3223 1741//3223 1645//3223
f  1721//3224 1703//3224 1722//3224
f  1723//3225 1724//3225 1730//3225
f  1786//3226 1775//3226 1803//3226
f  1817//3227 1809//3227 1737//3227
f  1724//3228 1722//3228 1795//3228
f  1795//3229 1732//3229 1724//3229
f  1809//3230 1730//3230 1737//3230
f  1722//3231 1703//3231 1795//3231
f  1794//3232 1817//3232 1737//3232
f  1803//3233 1775//3233 1781//3233
f  1795//3234 1703//3234 1717//3234
f  1793//3235 1743//3235 1741//3235
f  1734//3236 1731//3236 1735//3236
f  1798//3237 1794//3237 1736//3237
f  1770//3238 1794//3238 1816//3238
f  1734//3239 1738//3239 1737//3239
f  1717//3240 1705//3240 1796//3240
f  1725//3241 1732//3241 1796//3241
f  1805//3242 1804//3242 1816//3242
f  1735//3243 1728//3243 1800//3243
f  1797//3244 1805//3244 1816//3244
f  1797//3245 1816//3245 1798//3245
f  1707//3246 1796//3246 1705//3246
f  1734//3247 1735//3247 1800//3247
f  1723//3248 1809//3248 1791//3248
f  1740//3249 1722//3249 1723//3249
f  1787//3250 1805//3250 1818//3250
f  1819//3251 1820//3251 1778//3251
f  1821//3252 1822//3252 1790//3252
f  1818//3253 1823//3253 1787//3253
f  1813//3254 1824//3254 1810//3254
f  1778//3255 1820//3255 1813//3255
f  1787//3256 1823//3256 1821//3256
f  1780//3257 1825//3257 1778//3257
f  1825//3258 1819//3258 1778//3258
f  1790//3259 1787//3259 1821//3259
f  1820//3260 1824//3260 1813//3260
f  1826//3261 1827//3261 1803//3261
f  1789//3262 1790//3262 1828//3262
f  1790//3263 1822//3263 1828//3263
f  1803//3264 1789//3264 1828//3264
f  1828//3265 1826//3265 1803//3265
f  1786//3266 1803//3266 1827//3266
f  1824//3267 1829//3267 1810//3267
f  1786//3268 1827//3268 1830//3268
f  1784//3269 1786//3269 1830//3269
f  1831//3270 1768//3270 1829//3270
f  1810//3271 1829//3271 1768//3271
f  1784//3272 1830//3272 1780//3272
f  1830//3273 1825//3273 1780//3273
f  1831//3274 1769//3274 1768//3274
f  1832//3275 1818//3275 1805//3275
f  1714//3276 1712//3276 1833//3276
f  1834//3277 1835//3277 1833//3277
f  1714//3278 1833//3278 1836//3278
f  1715//3279 1714//3279 1836//3279
f  1833//3280 1835//3280 1836//3280
f  1726//3281 1715//3281 1836//3281
f  1835//3282 1837//3282 1836//3282
f  1726//3283 1836//3283 1838//3283
f  1729//3284 1726//3284 1838//3284
f  1727//3285 1729//3285 1838//3285
f  1837//3286 1838//3286 1836//3286
f  1800//3287 1727//3287 1838//3287
f  1839//3288 1800//3288 1838//3288
f  1840//3289 1841//3289 1842//3289
f  1690//3290 1840//3290 1842//3290
f  1841//3291 1843//3291 1844//3291
f  1845//3292 956//3292 955//3292
f  1842//3293 1841//3293 1844//3293
f  1843//3294 1846//3294 1847//3294
f  1843//3295 1847//3295 1844//3295
f  1846//3296 1848//3296 1849//3296
f  1849//3297 1848//3297 1850//3297
f  1848//3298 1851//3298 1850//3298
f  1850//3299 1851//3299 1852//3299
f  1853//3300 1845//3300 1854//3300
f  1851//3301 1855//3301 1856//3301
f  1852//3302 1851//3302 1856//3302
f  1853//3303 1854//3303 1856//3303
f  1855//3304 1853//3304 1856//3304
f  1857//3305 1845//3305 969//3305
f  1857//3306 1854//3306 1845//3306
f  1854//3307 1858//3307 1856//3307
f  1858//3308 1852//3308 1856//3308
f  1842//3309 1859//3309 1690//3309
f  1850//3310 1852//3310 1860//3310
f  1860//3311 1861//3311 1850//3311
f  969//3312 974//3312 1857//3312
f  974//3313 1862//3313 1857//3313
f  1858//3314 1863//3314 1864//3314
f  1857//3315 1862//3315 1863//3315
f  1862//3316 1864//3316 1863//3316
f  1852//3317 1858//3317 1865//3317
f  1736//3318 1738//3318 1866//3318
f  1860//3319 1852//3319 1865//3319
f  1866//3320 1738//3320 1867//3320
f  1738//3321 1739//3321 1867//3321
f  1867//3322 1739//3322 1868//3322
f  1864//3323 1869//3323 1858//3323
f  1739//3324 1800//3324 1868//3324
f  1858//3325 1869//3325 1865//3325
f  1868//3326 1800//3326 1839//3326
f  1865//3327 1870//3327 1860//3327
f  1845//3328 955//3328 969//3328
f  1871//3329 1872//3329 1873//3329
f  1716//3330 1691//3330 1874//3330
f  1875//3331 1876//3331 1874//3331
f  1877//3332 1878//3332 1873//3332
f  1873//3333 1878//3333 1871//3333
f  1876//3334 1716//3334 1874//3334
f  1872//3335 1871//3335 1875//3335
f  1871//3336 1879//3336 1875//3336
f  1711//3337 1716//3337 1876//3337
f  1879//3338 1880//3338 1875//3338
f  1876//3339 1875//3339 1880//3339
f  1881//3340 1834//3340 1833//3340
f  1854//3341 1857//3341 1863//3341
f  1854//3342 1863//3342 1858//3342
f  1842//3343 1844//3343 1859//3343
f  1844//3344 1882//3344 1859//3344
f  1849//3345 1850//3345 1861//3345
f  1861//3346 1883//3346 1849//3346
f  1844//3347 1883//3347 1882//3347
f  1872//3348 1874//3348 1859//3348
f  1872//3349 1859//3349 1882//3349
f  997//3350 1862//3350 974//3350
f  1690//3351 1859//3351 1691//3351
f  1859//3352 1874//3352 1691//3352
f  1873//3353 1883//3353 1877//3353
f  1883//3354 1884//3354 1877//3354
f  1874//3355 1872//3355 1875//3355
f  1861//3356 1870//3356 1884//3356
f  1885//3357 1840//3357 1697//3357
f  1840//3358 1690//3358 1697//3358
f  1883//3359 1844//3359 1847//3359
f  1846//3360 1883//3360 1847//3360
f  1883//3361 1846//3361 1849//3361
f  1861//3362 1884//3362 1883//3362
f  1883//3363 1873//3363 1882//3363
f  1873//3364 1872//3364 1882//3364
f  1860//3365 1870//3365 1861//3365
f  1712//3366 1711//3366 1876//3366
f  1876//3367 1880//3367 1833//3367
f  1880//3368 1881//3368 1833//3368
f  1712//3369 1876//3369 1833//3369
f  1886//3370 1001//3370 699//3370
f  1002//3371 1887//3371 1003//3371
f  699//3372 1603//3372 1886//3372
f  1005//3373 1888//3373 1889//3373
f  1008//3374 1010//3374 1890//3374
f  1887//3375 1891//3375 1003//3375
f  1008//3376 1890//3376 1892//3376
f  1893//3377 1890//3377 1010//3377
f  1003//3378 1891//3378 1893//3378
f  1894//3379 1002//3379 1015//3379
f  1016//3380 1895//3380 1888//3380
f  1002//3381 1894//3381 1887//3381
f  1018//3382 1008//3382 1892//3382
f  1893//3383 1010//3383 1003//3383
f  1015//3384 1889//3384 1894//3384
f  1019//3385 1895//3385 1016//3385
f  1016//3386 1888//3386 1005//3386
f  1889//3387 1015//3387 1005//3387
f  1020//3388 1896//3388 1021//3388
f  1892//3389 1897//3389 1018//3389
f  1018//3390 1897//3390 1020//3390
f  1897//3391 1896//3391 1020//3391
f  1895//3392 1019//3392 1001//3392
f  1886//3393 1895//3393 1001//3393
f  1898//3394 1899//3394 1025//3394
f  1900//3395 1901//3395 1028//3395
f  1030//3396 1902//3396 1028//3396
f  1902//3397 1900//3397 1028//3397
f  1901//3398 1903//3398 1032//3398
f  1904//3399 1030//3399 1021//3399
f  1028//3400 1901//3400 1032//3400
f  1904//3401 1021//3401 1896//3401
f  1903//3402 1898//3402 1035//3402
f  1898//3403 1025//3403 1035//3403
f  1903//3404 1035//3404 1032//3404
f  1904//3405 1902//3405 1030//3405
f  1905//3406 1885//3406 1697//3406
f  1681//3407 1905//3407 1680//3407
f  1680//3408 1905//3408 1697//3408
f  1736//3409 1866//3409 1797//3409
f  1797//3410 1866//3410 1832//3410
f  1797//3411 1832//3411 1805//3411
f  1906//3412 1907//3412 1908//3412
f  1906//3413 1909//3413 1907//3413
f  1910//3414 1911//3414 1912//3414
f  1910//3415 1912//3415 1619//3415
f  1913//3416 1908//3416 1914//3416
f  1915//3417 1916//3417 1917//3417
f  1913//3418 1906//3418 1908//3418
f  1617//3419 1910//3419 1619//3419
f  1915//3420 1917//3420 1918//3420
f  1919//3421 1913//3421 1914//3421
f  1920//3422 1915//3422 1918//3422
f  1919//3423 1914//3423 1921//3423
f  1922//3424 1599//3424 1923//3424
f  1922//3425 1598//3425 1599//3425
f  1924//3426 1919//3426 1921//3426
f  1909//3427 1920//3427 1918//3427
f  1924//3428 1921//3428 1925//3428
f  1909//3429 1918//3429 1907//3429
f  1926//3430 1924//3430 1925//3430
f  1916//3431 1922//3431 1923//3431
f  1916//3432 1923//3432 1917//3432
f  1911//3433 1926//3433 1925//3433
f  1911//3434 1925//3434 1912//3434
f  1599//3435 1531//3435 1529//3435
f  1927//3436 1912//3436 1925//3436
f  1928//3437 1927//3437 1925//3437
f  1929//3438 1599//3438 1529//3438
f  1929//3439 1923//3439 1599//3439
f  1928//3440 1925//3440 1921//3440
f  1927//3441 1930//3441 1619//3441
f  1928//3442 1921//3442 1914//3442
f  1930//3443 1618//3443 1619//3443
f  1927//3444 1619//3444 1912//3444
f  1929//3445 1917//3445 1923//3445
f  1929//3446 1918//3446 1917//3446
f  1929//3447 1907//3447 1918//3447
f  1929//3448 1908//3448 1907//3448
f  1929//3449 1914//3449 1908//3449
f  1929//3450 1928//3450 1914//3450
f  1931//3451 1928//3451 1929//3451
f  1807//3452 1769//3452 1746//3452
f  1769//3453 1831//3453 1746//3453
f  1746//3454 1831//3454 1932//3454
f  1831//3455 1933//3455 1932//3455
f  1933//3456 1934//3456 1932//3456
f  1932//3457 1934//3457 1935//3457
f  1936//3458 1934//3458 1937//3458
f  1935//3459 1934//3459 1936//3459
f  1935//3460 1936//3460 1938//3460
f  1934//3461 1939//3461 1937//3461
f  1801//3462 1746//3462 1932//3462
f  1742//3463 1801//3463 1940//3463
f  1941//3464 1074//3464 1942//3464
f  1579//3465 1943//3465 1570//3465
f  1570//3466 1944//3466 1945//3466
f  1944//3467 1946//3467 1945//3467
f  1946//3468 1719//3468 1947//3468
f  1941//3469 1942//3469 1948//3469
f  1945//3470 1946//3470 1947//3470
f  1941//3471 1948//3471 1949//3471
f  1949//3472 1948//3472 1525//3472
f  1947//3473 1719//3473 1742//3473
f  1525//3474 1948//3474 1950//3474
f  1719//3475 1718//3475 1742//3475
f  1570//3476 1943//3476 1944//3476
f  1525//3477 1950//3477 1951//3477
f  1525//3478 1951//3478 1526//3478
f  1526//3479 1951//3479 1952//3479
f  1526//3480 1952//3480 1527//3480
f  1569//3481 1573//3481 1953//3481
f  1581//3482 1527//3482 1943//3482
f  1527//3483 1952//3483 1943//3483
f  1581//3484 1943//3484 1579//3484
f  1573//3485 1570//3485 1945//3485
f  1953//3486 1573//3486 1945//3486
f  1954//3487 1955//3487 1956//3487
f  1957//3488 1958//3488 1606//3488
f  1959//3489 1955//3489 1954//3489
f  1959//3490 1954//3490 1958//3490
f  1959//3491 1960//3491 1955//3491
f  1961//3492 1962//3492 1963//3492
f  1964//3493 1961//3493 1963//3493
f  1960//3494 1964//3494 1963//3494
f  1818//3495 1832//3495 1965//3495
f  1964//3496 1934//3496 1961//3496
f  1933//3497 1961//3497 1934//3497
f  1964//3498 1966//3498 1934//3498
f  1822//3499 1967//3499 1826//3499
f  1822//3500 1826//3500 1828//3500
f  1968//3501 1965//3501 1969//3501
f  1970//3502 1822//3502 1821//3502
f  1970//3503 1967//3503 1822//3503
f  1971//3504 1823//3504 1818//3504
f  1826//3505 1967//3505 1972//3505
f  1970//3506 1973//3506 1967//3506
f  1967//3507 1973//3507 1972//3507
f  1821//3508 1823//3508 1971//3508
f  1974//3509 1826//3509 1972//3509
f  1970//3510 1975//3510 1976//3510
f  1975//3511 1965//3511 1968//3511
f  1973//3512 1970//3512 1976//3512
f  1977//3513 1975//3513 1968//3513
f  1978//3514 1972//3514 1973//3514
f  1979//3515 1977//3515 1968//3515
f  1980//3516 1981//3516 1978//3516
f  1979//3517 1968//3517 1982//3517
f  1979//3518 1975//3518 1977//3518
f  1983//3519 1825//3519 1830//3519
f  1984//3520 1979//3520 1982//3520
f  1985//3521 1986//3521 1987//3521
f  1976//3522 1975//3522 1979//3522
f  1981//3523 1988//3523 1983//3523
f  1985//3524 1976//3524 1979//3524
f  1989//3525 1984//3525 1982//3525
f  1985//3526 1979//3526 1984//3526
f  1990//3527 1987//3527 1986//3527
f  1991//3528 1980//3528 1990//3528
f  1984//3529 1986//3529 1985//3529
f  1988//3530 1825//3530 1983//3530
f  1986//3531 1992//3531 1990//3531
f  1986//3532 1984//3532 1989//3532
f  1601//3533 1986//3533 1989//3533
f  1992//3534 1986//3534 1601//3534
f  1965//3535 1971//3535 1818//3535
f  1965//3536 1975//3536 1971//3536
f  1993//3537 1988//3537 1994//3537
f  1992//3538 1958//3538 1991//3538
f  1970//3539 1821//3539 1971//3539
f  1601//3540 1606//3540 1992//3540
f  1970//3541 1971//3541 1975//3541
f  1983//3542 1827//3542 1974//3542
f  1963//3543 1962//3543 1995//3543
f  1996//3544 1963//3544 1995//3544
f  1824//3545 1962//3545 1829//3545
f  1604//3546 1997//3546 1957//3546
f  1961//3547 1829//3547 1962//3547
f  1997//3548 1604//3548 1607//3548
f  1997//3549 1607//3549 1966//3549
f  1997//3550 1966//3550 1998//3550
f  1831//3551 1829//3551 1933//3551
f  1961//3552 1933//3552 1829//3552
f  1972//3553 1978//3553 1974//3553
f  1987//3554 1973//3554 1976//3554
f  1999//3555 1973//3555 1987//3555
f  1987//3556 1976//3556 1985//3556
f  1980//3557 1978//3557 1999//3557
f  1974//3558 1827//3558 1826//3558
f  1999//3559 1987//3559 1990//3559
f  1981//3560 1980//3560 1994//3560
f  1830//3561 1827//3561 1983//3561
f  1981//3562 1994//3562 1988//3562
f  1992//3563 1991//3563 1990//3563
f  1825//3564 1988//3564 1993//3564
f  1978//3565 1983//3565 1974//3565
f  1996//3566 1993//3566 1994//3566
f  1995//3567 1820//3567 1819//3567
f  1993//3568 1996//3568 1995//3568
f  1981//3569 1983//3569 1978//3569
f  1962//3570 1824//3570 1820//3570
f  1962//3571 1820//3571 1995//3571
f  1963//3572 1996//3572 1955//3572
f  1606//3573 1604//3573 1957//3573
f  1957//3574 1959//3574 1958//3574
f  1963//3575 1955//3575 1960//3575
f  1959//3576 1998//3576 1964//3576
f  1959//3577 1964//3577 1960//3577
f  1957//3578 1997//3578 1998//3578
f  1957//3579 1998//3579 1959//3579
f  1964//3580 1998//3580 1966//3580
f  1973//3581 1999//3581 1978//3581
f  1994//3582 1980//3582 2000//3582
f  1990//3583 1980//3583 1999//3583
f  1991//3584 2000//3584 1980//3584
f  1993//3585 1819//3585 1825//3585
f  2000//3586 1991//3586 1958//3586
f  1956//3587 1994//3587 2000//3587
f  1995//3588 1819//3588 1993//3588
f  1996//3589 1994//3589 1956//3589
f  1954//3590 1956//3590 2000//3590
f  1606//3591 1958//3591 1992//3591
f  1954//3592 2000//3592 1958//3592
f  1955//3593 1996//3593 1956//3593
f  1866//3594 1965//3594 1832//3594
f  2001//3595 1965//3595 1866//3595
f  2001//3596 1969//3596 1965//3596
f  2002//3597 1969//3597 2001//3597
f  2002//3598 1968//3598 1969//3598
f  2003//3599 1982//3599 1968//3599
f  2003//3600 1968//3600 2002//3600
f  2004//3601 1982//3601 2003//3601
f  2004//3602 1989//3602 1982//3602
f  2005//3603 1989//3603 2004//3603
f  2005//3604 1601//3604 1989//3604
f  1603//3605 1601//3605 2005//3605
f  2006//3606 1866//3606 1867//3606
f  1886//3607 2007//3607 1895//3607
f  2001//3608 1866//3608 2006//3608
f  2002//3609 2001//3609 2006//3609
f  2002//3610 2006//3610 2008//3610
f  2009//3611 2010//3611 2011//3611
f  2012//3612 1837//3612 1835//3612
f  2013//3613 2009//3613 2011//3613
f  2014//3614 2015//3614 2016//3614
f  2017//3615 2018//3615 2019//3615
f  2020//3616 1837//3616 2012//3616
f  2021//3617 2013//3617 2022//3617
f  2023//3618 2024//3618 2017//3618
f  1896//3619 2021//3619 2022//3619
f  2025//3620 2010//3620 2009//3620
f  2020//3621 2012//3621 2010//3621
f  2026//3622 2027//3622 2023//3622
f  2026//3623 2028//3623 2027//3623
f  2029//3624 2009//3624 2013//3624
f  2029//3625 2025//3625 2009//3625
f  2025//3626 2020//3626 2010//3626
f  2003//3627 2002//3627 2030//3627
f  2021//3628 2029//3628 2013//3628
f  2031//3629 2016//3629 2032//3629
f  2031//3630 2033//3630 2016//3630
f  2033//3631 2031//3631 2034//3631
f  2016//3632 2035//3632 2032//3632
f  2031//3633 2020//3633 2025//3633
f  2031//3634 2032//3634 2020//3634
f  2036//3635 2033//3635 2037//3635
f  1897//3636 2021//3636 1896//3636
f  1890//3637 2036//3637 2037//3637
f  2014//3638 2036//3638 2038//3638
f  2039//3639 2029//3639 2021//3639
f  1893//3640 2038//3640 2036//3640
f  2040//3641 1837//3641 2020//3641
f  2034//3642 2031//3642 2025//3642
f  2034//3643 2025//3643 2029//3643
f  2040//3644 1838//3644 1837//3644
f  2032//3645 2040//3645 2020//3645
f  1897//3646 2039//3646 2021//3646
f  2017//3647 2019//3647 2041//3647
f  2018//3648 2017//3648 2024//3648
f  2039//3649 2034//3649 2029//3649
f  1892//3650 2039//3650 1897//3650
f  2023//3651 2017//3651 2042//3651
f  2024//3652 2023//3652 2027//3652
f  2037//3653 2034//3653 2039//3653
f  2035//3654 2040//3654 2032//3654
f  2043//3655 2028//3655 2044//3655
f  1892//3656 2037//3656 2039//3656
f  2045//3657 2044//3657 2028//3657
f  2044//3658 2008//3658 2043//3658
f  2030//3659 2008//3659 2044//3659
f  2030//3660 2002//3660 2008//3660
f  2046//3661 2030//3661 2044//3661
f  2003//3662 2030//3662 2046//3662
f  2047//3663 2040//3663 2035//3663
f  2048//3664 1838//3664 2040//3664
f  2037//3665 2033//3665 2034//3665
f  2014//3666 2016//3666 2033//3666
f  2014//3667 2033//3667 2036//3667
f  2047//3668 2048//3668 2040//3668
f  2042//3669 2017//3669 2041//3669
f  2026//3670 2023//3670 2049//3670
f  2048//3671 1839//3671 1838//3671
f  2047//3672 2035//3672 2016//3672
f  1893//3673 2036//3673 1890//3673
f  2046//3674 2044//3674 2045//3674
f  2046//3675 2045//3675 2007//3675
f  2015//3676 2047//3676 2016//3676
f  2050//3677 2048//3677 2047//3677
f  2004//3678 2003//3678 2046//3678
f  2004//3679 2046//3679 2005//3679
f  2051//3680 2015//3680 2014//3680
f  2018//3681 2050//3681 2047//3681
f  2051//3682 2014//3682 2038//3682
f  2050//3683 1839//3683 2048//3683
f  2015//3684 2018//3684 2047//3684
f  2042//3685 2041//3685 2052//3685
f  2049//3686 2023//3686 2042//3686
f  2053//3687 2026//3687 2049//3687
f  1891//3688 2051//3688 2038//3688
f  2019//3689 2015//3689 2051//3689
f  2019//3690 2018//3690 2015//3690
f  2005//3691 2046//3691 2007//3691
f  2054//3692 2051//3692 1891//3692
f  2037//3693 1892//3693 1890//3693
f  2041//3694 2019//3694 2051//3694
f  2038//3695 1893//3695 1891//3695
f  2054//3696 1894//3696 2041//3696
f  2024//3697 2050//3697 2018//3697
f  2052//3698 2041//3698 1894//3698
f  2049//3699 2042//3699 2052//3699
f  2054//3700 2041//3700 2051//3700
f  2053//3701 2049//3701 1888//3701
f  2053//3702 1888//3702 1895//3702
f  1887//3703 2054//3703 1891//3703
f  2007//3704 2045//3704 1895//3704
f  2005//3705 2007//3705 1886//3705
f  2024//3706 2055//3706 2050//3706
f  2055//3707 1839//3707 2050//3707
f  2013//3708 2011//3708 2056//3708
f  1894//3709 2054//3709 1887//3709
f  2055//3710 1868//3710 1839//3710
f  1603//3711 2005//3711 1886//3711
f  2027//3712 2055//3712 2024//3712
f  1889//3713 2052//3713 1894//3713
f  1889//3714 2049//3714 2052//3714
f  2057//3715 1868//3715 2055//3715
f  2043//3716 2057//3716 2055//3716
f  2043//3717 2055//3717 2027//3717
f  2057//3718 1867//3718 1868//3718
f  1888//3719 2049//3719 1889//3719
f  2028//3720 2043//3720 2027//3720
f  2045//3721 2028//3721 2026//3721
f  2006//3722 1867//3722 2057//3722
f  2045//3723 2026//3723 2053//3723
f  1895//3724 2045//3724 2053//3724
f  2008//3725 2057//3725 2043//3725
f  2008//3726 2006//3726 2057//3726
f  2058//3727 2059//3727 2060//3727
f  1834//3728 1881//3728 2058//3728
f  2060//3729 2061//3729 2062//3729
f  2061//3730 1902//3730 2062//3730
f  1900//3731 2061//3731 2063//3731
f  2064//3732 1903//3732 2065//3732
f  2066//3733 2061//3733 2059//3733
f  2066//3734 2059//3734 2058//3734
f  2064//3735 1898//3735 1903//3735
f  2067//3736 1899//3736 1898//3736
f  2063//3737 1901//3737 1900//3737
f  2066//3738 2058//3738 2068//3738
f  1904//3739 1896//3739 2022//3739
f  2063//3740 2066//3740 2069//3740
f  2063//3741 2069//3741 1901//3741
f  1880//3742 2070//3742 1881//3742
f  2071//3743 2069//3743 2066//3743
f  2068//3744 2072//3744 2066//3744
f  1880//3745 2073//3745 2070//3745
f  2073//3746 2072//3746 2068//3746
f  2071//3747 2066//3747 2072//3747
f  1869//3748 2074//3748 1865//3748
f  1869//3749 2067//3749 2074//3749
f  1864//3750 2067//3750 1869//3750
f  2071//3751 2075//3751 2065//3751
f  2075//3752 2071//3752 2072//3752
f  2076//3753 2067//3753 1862//3753
f  2073//3754 2077//3754 2072//3754
f  1880//3755 1879//3755 2073//3755
f  2065//3756 2075//3756 2064//3756
f  2077//3757 2073//3757 1879//3757
f  2078//3758 2011//3758 2010//3758
f  2077//3759 1878//3759 2079//3759
f  1878//3760 2077//3760 1871//3760
f  1870//3761 2080//3761 1884//3761
f  2022//3762 2013//3762 2056//3762
f  1835//3763 2078//3763 2012//3763
f  2056//3764 2062//3764 2022//3764
f  2060//3765 2056//3765 2011//3765
f  1902//3766 1904//3766 2062//3766
f  1900//3767 1902//3767 2061//3767
f  2060//3768 2059//3768 2061//3768
f  2058//3769 1881//3769 2070//3769
f  2066//3770 2063//3770 2061//3770
f  2070//3771 2068//3771 2058//3771
f  2069//3772 1903//3772 1901//3772
f  2068//3773 2070//3773 2073//3773
f  2065//3774 1903//3774 2069//3774
f  2065//3775 2069//3775 2071//3775
f  2079//3776 2075//3776 2072//3776
f  2079//3777 2072//3777 2077//3777
f  2077//3778 1879//3778 1871//3778
f  2064//3779 2075//3779 2081//3779
f  2081//3780 2075//3780 2079//3780
f  2064//3781 2081//3781 2082//3781
f  2080//3782 2079//3782 1878//3782
f  2080//3783 2081//3783 2079//3783
f  2082//3784 1898//3784 2064//3784
f  2080//3785 1878//3785 1877//3785
f  1898//3786 2082//3786 2074//3786
f  1870//3787 2081//3787 2080//3787
f  2082//3788 2081//3788 1870//3788
f  2080//3789 1877//3789 1884//3789
f  1865//3790 2074//3790 2082//3790
f  1898//3791 2074//3791 2067//3791
f  1865//3792 2082//3792 1870//3792
f  1862//3793 2067//3793 1864//3793
f  2076//3794 1899//3794 2067//3794
f  2076//3795 1025//3795 1899//3795
f  1862//3796 997//3796 2076//3796
f  997//3797 1025//3797 2076//3797
f  2010//3798 2012//3798 2078//3798
f  2062//3799 1904//3799 2022//3799
f  2060//3800 2062//3800 2056//3800
f  1834//3801 2078//3801 1835//3801
f  2078//3802 2060//3802 2011//3802
f  1834//3803 2058//3803 2078//3803
f  2060//3804 2078//3804 2058//3804
f  2083//3805 1853//3805 2084//3805
f  1845//3806 1853//3806 2085//3806
f  2085//3807 1853//3807 2083//3807
f  2085//3808 2083//3808 1586//3808
f  1586//3809 2083//3809 1587//3809
f  2086//3810 1846//3810 1843//3810
f  2087//3811 2088//3811 2089//3811
f  1587//3812 2090//3812 2091//3812
f  2092//3813 2093//3813 2090//3813
f  1587//3814 2092//3814 2090//3814
f  2094//3815 2095//3815 2096//3815
f  1841//3816 1840//3816 1885//3816
f  1846//3817 2097//3817 1848//3817
f  2097//3818 2093//3818 2092//3818
f  1848//3819 2098//3819 1851//3819
f  1848//3820 2097//3820 2092//3820
f  2098//3821 1848//3821 2092//3821
f  2084//3822 1855//3822 2098//3822
f  2084//3823 2098//3823 2092//3823
f  2084//3824 1853//3824 1855//3824
f  1841//3825 2099//3825 1843//3825
f  2091//3826 1588//3826 1587//3826
f  1587//3827 2084//3827 2092//3827
f  2084//3828 1587//3828 2083//3828
f  2099//3829 2086//3829 1843//3829
f  2089//3830 2091//3830 2090//3830
f  2086//3831 2099//3831 2093//3831
f  1586//3832 685//3832 2085//3832
f  2086//3833 2093//3833 2097//3833
f  956//3834 1845//3834 2085//3834
f  2097//3835 1846//3835 2086//3835
f  2098//3836 1855//3836 1851//3836
f  2085//3837 685//3837 956//3837
f  2094//3838 2093//3838 2099//3838
f  2100//3839 1841//3839 1885//3839
f  1841//3840 2100//3840 2095//3840
f  2100//3841 2096//3841 2095//3841
f  2087//3842 2094//3842 2096//3842
f  2094//3843 2087//3843 2089//3843
f  1841//3844 2095//3844 2099//3844
f  1588//3845 2091//3845 2088//3845
f  2094//3846 2099//3846 2095//3846
f  2089//3847 2088//3847 2091//3847
f  2089//3848 2093//3848 2094//3848
f  2090//3849 2093//3849 2089//3849
f  2101//3850 1905//3850 1681//3850
f  2102//3851 2101//3851 1681//3851
f  2103//3852 2104//3852 2100//3852
f  2105//3853 2106//3853 2088//3853
f  2107//3854 2108//3854 2102//3854
f  1905//3855 2103//3855 1885//3855
f  2105//3856 2109//3856 2106//3856
f  2110//3857 2109//3857 2105//3857
f  2111//3858 2112//3858 2113//3858
f  2110//3859 2087//3859 2114//3859
f  2110//3860 2115//3860 2109//3860
f  2107//3861 2116//3861 2117//3861
f  2118//3862 2104//3862 1905//3862
f  2104//3863 2119//3863 2114//3863
f  2104//3864 2096//3864 2100//3864
f  2120//3865 2121//3865 1583//3865
f  2119//3866 2122//3866 2114//3866
f  2115//3867 1588//3867 2106//3867
f  2115//3868 2106//3868 2109//3868
f  2123//3869 2124//3869 2125//3869
f  2118//3870 1905//3870 2101//3870
f  2126//3871 2125//3871 2124//3871
f  2115//3872 1583//3872 1588//3872
f  2122//3873 2123//3873 2127//3873
f  2111//3874 2108//3874 2107//3874
f  2102//3875 2122//3875 2119//3875
f  2102//3876 2118//3876 2101//3876
f  2107//3877 2112//3877 2111//3877
f  2125//3878 2126//3878 2115//3878
f  2117//3879 2116//3879 2128//3879
f  2116//3880 2129//3880 2128//3880
f  2120//3881 2113//3881 2112//3881
f  2126//3882 1583//3882 2115//3882
f  2113//3883 2120//3883 1583//3883
f  2102//3884 2108//3884 2122//3884
f  2124//3885 2123//3885 2108//3885
f  2124//3886 2108//3886 2111//3886
f  2088//3887 2106//3887 1588//3887
f  2088//3888 2087//3888 2105//3888
f  2103//3889 2100//3889 1885//3889
f  2114//3890 2096//3890 2104//3890
f  2114//3891 2087//3891 2096//3891
f  2087//3892 2110//3892 2105//3892
f  2116//3893 2107//3893 2102//3893
f  2107//3894 2117//3894 2112//3894
f  2129//3895 2116//3895 2102//3895
f  2129//3896 2102//3896 1681//3896
f  2130//3897 2120//3897 2112//3897
f  2130//3898 2112//3898 2117//3898
f  2119//3899 2118//3899 2102//3899
f  2104//3900 2103//3900 1905//3900
f  2104//3901 2118//3901 2119//3901
f  2122//3902 2108//3902 2123//3902
f  2110//3903 2127//3903 2115//3903
f  2127//3904 2110//3904 2114//3904
f  2114//3905 2122//3905 2127//3905
f  2127//3906 2125//3906 2115//3906
f  2123//3907 2125//3907 2127//3907
f  2113//3908 2126//3908 2124//3908
f  2113//3909 2124//3909 2111//3909
f  2113//3910 1583//3910 2126//3910
f  2129//3911 1673//3911 2128//3911
f  2130//3912 2117//3912 2128//3912
f  2131//3913 2128//3913 1673//3913
f  2131//3914 2130//3914 2128//3914
f  1681//3915 1673//3915 2129//3915
f  2130//3916 2132//3916 2120//3916
f  2130//3917 2133//3917 2132//3917
f  1673//3918 1648//3918 2134//3918
f  2131//3919 2133//3919 2130//3919
f  2133//3920 2131//3920 2134//3920
f  1592//3921 2135//3921 1589//3921
f  2136//3922 1589//3922 2135//3922
f  2137//3923 2138//3923 2139//3923
f  2136//3924 2135//3924 2140//3924
f  1635//3925 2134//3925 1648//3925
f  1677//3926 2139//3926 1679//3926
f  2140//3927 1660//3927 2136//3927
f  1668//3928 2140//3928 2137//3928
f  2141//3929 1678//3929 787//3929
f  682//3930 1589//3930 2141//3930
f  1678//3931 2141//3931 2136//3931
f  787//3932 682//3932 2141//3932
f  2132//3933 2121//3933 2120//3933
f  1592//3934 1583//3934 2121//3934
f  2135//3935 1592//3935 2138//3935
f  2140//3936 2135//3936 2138//3936
f  2139//3937 2138//3937 2142//3937
f  2137//3938 2140//3938 2138//3938
f  2137//3939 2139//3939 1677//3939
f  1677//3940 1668//3940 2137//3940
f  2131//3941 1673//3941 2134//3941
f  2142//3942 2121//3942 2132//3942
f  2133//3943 2142//3943 2132//3943
f  2121//3944 2142//3944 2138//3944
f  2143//3945 2133//3945 2134//3945
f  1592//3946 2121//3946 2138//3946
f  2143//3947 2134//3947 1635//3947
f  2143//3948 2142//3948 2133//3948
f  2143//3949 1635//3949 1679//3949
f  2139//3950 2142//3950 2143//3950
f  2139//3951 2143//3951 1679//3951
f  1660//3952 2140//3952 1668//3952
f  2136//3953 2141//3953 1589//3953
f  1651//3954 2136//3954 1660//3954
f  1651//3955 1678//3955 2136//3955
f  1946//3956 2144//3956 1667//3956
f  1946//3957 1667//3957 1719//3957
f  1944//3958 2144//3958 1946//3958
f  2145//3959 2146//3959 2144//3959
f  2145//3960 2144//3960 1944//3960
f  2147//3961 2146//3961 2145//3961
f  2147//3962 2148//3962 2146//3962
f  2147//3963 1598//3963 2148//3963
f  1597//3964 1598//3964 2147//3964
f  2149//3965 2150//3965 2151//3965
f  2149//3966 1922//3966 2150//3966
f  2152//3967 2153//3967 2154//3967
f  2155//3968 2149//3968 2151//3968
f  1663//3969 2154//3969 1664//3969
f  1663//3970 2152//3970 2154//3970
f  2155//3971 2151//3971 2153//3971
f  2156//3972 2155//3972 2153//3972
f  2152//3973 2156//3973 2153//3973
f  2148//3974 1598//3974 1922//3974
f  2148//3975 1922//3975 2149//3975
f  2146//3976 2148//3976 2149//3976
f  2146//3977 2149//3977 2155//3977
f  2144//3978 2156//3978 2152//3978
f  2144//3979 2146//3979 2155//3979
f  2144//3980 2155//3980 2156//3980
f  1667//3981 2144//3981 2152//3981
f  1667//3982 2152//3982 1663//3982
f  2157//3983 1910//3983 1617//3983
f  2157//3984 1617//3984 2158//3984
f  2159//3985 2157//3985 2158//3985
f  2160//3986 2159//3986 2158//3986
f  2161//3987 2159//3987 2160//3987
f  2162//3988 2160//3988 1644//3988
f  2162//3989 2161//3989 2160//3989
f  1646//3990 2162//3990 1644//3990
f  2163//3991 1913//3991 1919//3991
f  2163//3992 1906//3992 1913//3992
f  2164//3993 2163//3993 2165//3993
f  2166//3994 1911//3994 1910//3994
f  2166//3995 1910//3995 2157//3995
f  2167//3996 2166//3996 2157//3996
f  2168//3997 2164//3997 2169//3997
f  1909//3998 2170//3998 1920//3998
f  2168//3999 2170//3999 1909//3999
f  2167//4000 2157//4000 2161//4000
f  2170//4001 2168//4001 2169//4001
f  2169//4002 2164//4002 2171//4002
f  2171//4003 2172//4003 2173//4003
f  2171//4004 2173//4004 2169//4004
f  2170//4005 1915//4005 1920//4005
f  2170//4006 2169//4006 2173//4006
f  2174//4007 2167//4007 2161//4007
f  2175//4008 1666//4008 1664//4008
f  2170//4009 2176//4009 1915//4009
f  2174//4010 2161//4010 2162//4010
f  2177//4011 1911//4011 2166//4011
f  2178//4012 2174//4012 2162//4012
f  2177//4013 1926//4013 1911//4013
f  2179//4014 2177//4014 2166//4014
f  2179//4015 2166//4015 2167//4015
f  1646//4016 2178//4016 2162//4016
f  2174//4017 2179//4017 2167//4017
f  2177//4018 1924//4018 1926//4018
f  2180//4019 1924//4019 2177//4019
f  2180//4020 2181//4020 1924//4020
f  1653//4021 2178//4021 1646//4021
f  1924//4022 2181//4022 1919//4022
f  2182//4023 2180//4023 2179//4023
f  2163//4024 1919//4024 2181//4024
f  2182//4025 2179//4025 2174//4025
f  2183//4026 2182//4026 2174//4026
f  2170//4027 2173//4027 2176//4027
f  2178//4028 2183//4028 2174//4028
f  2182//4029 2181//4029 2180//4029
f  1617//4030 2184//4030 2158//4030
f  2185//4031 2183//4031 2178//4031
f  1656//4032 2185//4032 2178//4032
f  1656//4033 2178//4033 1653//4033
f  2186//4034 2181//4034 2182//4034
f  2187//4035 2186//4035 2182//4035
f  2187//4036 2182//4036 2183//4036
f  2186//4037 2163//4037 2181//4037
f  2186//4038 2165//4038 2163//4038
f  2185//4039 2187//4039 2183//4039
f  2177//4040 2179//4040 2180//4040
f  2164//4041 1906//4041 2163//4041
f  2188//4042 2187//4042 2185//4042
f  2189//4043 2165//4043 2186//4043
f  2189//4044 2186//4044 2187//4044
f  1666//4045 2185//4045 1656//4045
f  1666//4046 2188//4046 2185//4046
f  2168//4047 1909//4047 1906//4047
f  2168//4048 1906//4048 2164//4048
f  2188//4049 2189//4049 2187//4049
f  2171//4050 2165//4050 2189//4050
f  2171//4051 2164//4051 2165//4051
f  2172//4052 2171//4052 2189//4052
f  2161//4053 2157//4053 2159//4053
f  2172//4054 2189//4054 2188//4054
f  2175//4055 2172//4055 2188//4055
f  1666//4056 2175//4056 2188//4056
f  2150//4057 1916//4057 1915//4057
f  2190//4058 2173//4058 2172//4058
f  2154//4059 2172//4059 2175//4059
f  2150//4060 1915//4060 2176//4060
f  1664//4061 2154//4061 2175//4061
f  2154//4062 2190//4062 2172//4062
f  2151//4063 2150//4063 2176//4063
f  2153//4064 2176//4064 2173//4064
f  2153//4065 2151//4065 2176//4065
f  2153//4066 2173//4066 2190//4066
f  2154//4067 2153//4067 2190//4067
f  1922//4068 1916//4068 2150//4068
f  2191//4069 2184//4069 1614//4069
f  2192//4070 2184//4070 2191//4070
f  2193//4071 2194//4071 2195//4071
f  2192//4072 2194//4072 2193//4072
f  2194//4073 2196//4073 2195//4073
f  1611//4074 2191//4074 1614//4074
f  2192//4075 2191//4075 2197//4075
f  1633//4076 1671//4076 2198//4076
f  2199//4077 1633//4077 2198//4077
f  2192//4078 2197//4078 2200//4078
f  2192//4079 2200//4079 2194//4079
f  2200//4080 2201//4080 2194//4080
f  2201//4081 2202//4081 2196//4081
f  2201//4082 2200//4082 2203//4082
f  2200//4083 1613//4083 2203//4083
f  2203//4084 2204//4084 2201//4084
f  2202//4085 2201//4085 2204//4085
f  2199//4086 1630//4086 1633//4086
f  2198//4087 2202//4087 2204//4087
f  1627//4088 1630//4088 2205//4088
f  2203//4089 1613//4089 2206//4089
f  2203//4090 2206//4090 2204//4090
f  2198//4091 1640//4091 2202//4091
f  1609//4092 2207//4092 2208//4092
f  1608//4093 2207//4093 1609//4093
f  2206//4094 1613//4094 2208//4094
f  1612//4095 1620//4095 2209//4095
f  1612//4096 2209//4096 2210//4096
f  1612//4097 2211//4097 1620//4097
f  2212//4098 2213//4098 2206//4098
f  2208//4099 2214//4099 2206//4099
f  2214//4100 2212//4100 2206//4100
f  1682//4101 1683//4101 2215//4101
f  2215//4102 1683//4102 2216//4102
f  2216//4103 2210//4103 2215//4103
f  2216//4104 1608//4104 2210//4104
f  2217//4105 1642//4105 1644//4105
f  1614//4106 2184//4106 1617//4106
f  2195//4107 2196//4107 2217//4107
f  2196//4108 1642//4108 2217//4108
f  2201//4109 2196//4109 2194//4109
f  1642//4110 2202//4110 1640//4110
f  2197//4111 2191//4111 1611//4111
f  2198//4112 2204//4112 2213//4112
f  2206//4113 2213//4113 2204//4113
f  2195//4114 1644//4114 2160//4114
f  1610//4115 2197//4115 1611//4115
f  2202//4116 1642//4116 2196//4116
f  1610//4117 2200//4117 2197//4117
f  1610//4118 1613//4118 2200//4118
f  1640//4119 2198//4119 1671//4119
f  2208//4120 1613//4120 1609//4120
f  2213//4121 2199//4121 2198//4121
f  2199//4122 2213//4122 2212//4122
f  2208//4123 2207//4123 2214//4123
f  2205//4124 2199//4124 2212//4124
f  2205//4125 1630//4125 2199//4125
f  1683//4126 1627//4126 2218//4126
f  2218//4127 1627//4127 2205//4127
f  2218//4128 2205//4128 2212//4128
f  2214//4129 2216//4129 2218//4129
f  2214//4130 2218//4130 2212//4130
f  2216//4131 2214//4131 2207//4131
f  2216//4132 1683//4132 2218//4132
f  2209//4133 1682//4133 2215//4133
f  2209//4134 1649//4134 1682//4134
f  2216//4135 2207//4135 1608//4135
f  2210//4136 2209//4136 2215//4136
f  1620//4137 1649//4137 2209//4137
f  1612//4138 2210//4138 1608//4138
f  1676//4139 1620//4139 2211//4139
f  782//4140 1676//4140 2211//4140
f  1612//4141 715//4141 2211//4141
f  715//4142 782//4142 2211//4142
f  2195//4143 2217//4143 1644//4143
f  2160//4144 2158//4144 2193//4144
f  2193//4145 2195//4145 2160//4145
f  2193//4146 2158//4146 2184//4146
f  2193//4147 2184//4147 2192//4147
f  2219//4148 2220//4148 2221//4148
f  2220//4149 2222//4149 2221//4149
f  1557//4150 1559//4150 2223//4150
f  1552//4151 2224//4151 1560//4151
f  2225//4152 1359//4152 2226//4152
f  2225//4153 2226//4153 2227//4153
f  1359//4154 1361//4154 2226//4154
f  2224//4155 2228//4155 2229//4155
f  2228//4156 2227//4156 2230//4156
f  2224//4157 2229//4157 1560//4157
f  2228//4158 2230//4158 2229//4158
f  2227//4159 2226//4159 2230//4159
f  2226//4160 1361//4160 1365//4160
f  2231//2820 1374//2820 1369//2820
f  1368//2820 2231//2820 1369//2820
f  2232//4161 1368//4161 2233//4161
f  1368//4162 1369//4162 2233//4162
f  2230//4163 2226//4163 2234//4163
f  2226//4164 1365//4164 2234//4164
f  1361//2820 2235//2820 1365//2820
f  2232//4165 2233//4165 2236//4165
f  2230//4166 2234//4166 2237//4166
f  2229//4167 2230//4167 2237//4167
f  1369//4168 1374//4168 2238//4168
f  2229//4169 2237//4169 2239//4169
f  2229//4170 2239//4170 1559//4170
f  1369//4171 2238//4171 2240//4171
f  2233//4172 1369//4172 2240//4172
f  1560//4173 2229//4173 1559//4173
f  2236//4174 2233//4174 2241//4174
f  2233//4175 2240//4175 2241//4175
f  1374//4176 1359//4176 2238//4176
f  2236//4177 2241//4177 2224//4177
f  2242//4178 2236//4178 2224//4178
f  2242//4179 2224//4179 1552//4179
f  2241//4180 2240//4180 2228//4180
f  2240//4181 2238//4181 2227//4181
f  2240//4182 2227//4182 2228//4182
f  2238//4183 1359//4183 2225//4183
f  2238//4184 2225//4184 2227//4184
f  2224//4185 2241//4185 2228//4185
f  1546//4186 1545//4186 2242//4186
f  1552//4187 1546//4187 2242//4187
f  2242//4188 1545//4188 2236//4188
f  1545//4189 1544//4189 2236//4189
f  2236//4190 1544//4190 2232//4190
f  2232//4191 1544//4191 1368//4191
f  1544//4192 641//4192 1368//4192
f  641//2820 622//2820 2231//2820
f  1368//2820 641//2820 2231//2820
f  1935//4193 2243//4193 1932//4193
f  2244//4194 1935//4194 1938//4194
f  2245//4195 2244//4195 1938//4195
f  2246//4196 1940//4196 2243//4196
f  1576//4197 2245//4197 1574//4197
f  2243//4198 2247//4198 2248//4198
f  1567//4199 2249//4199 1576//4199
f  1567//4200 2250//4200 2249//4200
f  2251//4201 2248//4201 2249//4201
f  2252//4202 1742//4202 1940//4202
f  2246//4203 2243//4203 2248//4203
f  2253//4204 2254//4204 2251//4204
f  2243//4205 1940//4205 1932//4205
f  2249//4206 2250//4206 2251//4206
f  1940//4207 1801//4207 1932//4207
f  2251//4208 1953//4208 1945//4208
f  2251//4209 1945//4209 2253//4209
f  2252//4210 2254//4210 2253//4210
f  2246//4211 2252//4211 1940//4211
f  2244//4212 2245//4212 2249//4212
f  2254//4213 2252//4213 2246//4213
f  2250//4214 1567//4214 1569//4214
f  2254//4215 2248//4215 2251//4215
f  2254//4216 2246//4216 2248//4216
f  2255//4217 1742//4217 2252//4217
f  2252//4218 2253//4218 2255//4218
f  2250//4219 1953//4219 2251//4219
f  2247//4220 2249//4220 2248//4220
f  1947//4221 1742//4221 2255//4221
f  1953//4222 2250//4222 1569//4222
f  1945//4223 2255//4223 2253//4223
f  1945//4224 1947//4224 2255//4224
f  2249//4225 2245//4225 1576//4225
f  2247//4226 2243//4226 2244//4226
f  2249//4227 2247//4227 2244//4227
f  2244//4228 2243//4228 1935//4228
f  1602//4229 2256//4229 2257//4229
f  698//4230 1395//4230 2258//4230
f  1602//4231 1600//4231 2256//4231
f  1605//4232 1602//4232 2257//4232
f  1605//4233 2257//4233 2259//4233
f  1934//4234 1607//4234 2260//4234
f  1600//4235 698//4235 2258//4235
f  1966//4236 1607//4236 1934//4236
f  1600//4237 2258//4237 2256//4237
f  1605//4238 2259//4238 2260//4238
f  1607//4239 1605//4239 2260//4239
f  1943//4240 2145//4240 1944//4240
f  2147//4241 2145//4241 1943//4241
f  2147//4242 1943//4242 1952//4242
f  1597//4243 2147//4243 1952//4243
f  1596//4244 1597//4244 1952//4244
f  1596//4245 1952//4245 1951//4245
f  1596//4246 1951//4246 1950//4246
f  1595//4247 1596//4247 1950//4247
f  1595//4248 1950//4248 1948//4248
f  1594//4249 1948//4249 1942//4249
f  1594//4250 1595//4250 1948//4250
f  1594//4251 1942//4251 1074//4251
f  1594//4252 1074//4252 690//4252
f  2261//4253 2262//4253 2263//4253
f  2263//4254 2262//4254 2264//4254
f  2263//4255 2264//4255 2265//4255
f  2264//4256 2266//4256 2265//4256
f  2265//4257 2266//4257 2267//4257
f  2267//4258 2266//4258 1568//4258
f  2268//4259 2267//4259 1568//4259
f  2222//4260 2269//4260 2221//4260
f  2221//4261 2269//4261 2270//4261
f  2269//4262 2262//4262 2270//4262
f  2270//4263 2262//4263 2261//4263
f  2271//4264 2272//4264 2273//4264
f  2272//4265 2220//4265 2273//4265
f  2273//4266 2220//4266 2219//4266
f  2274//4267 2275//4267 2276//4267
f  2276//4268 2275//4268 2277//4268
f  2277//4269 2275//4269 2278//4269
f  2275//4270 2279//4270 2278//4270
f  2278//4271 2279//4271 2280//4271
f  2279//4272 2272//4272 2280//4272
f  2280//4273 2272//4273 2271//4273
f  2281//4274 2282//4274 2276//4274
f  2276//4275 2282//4275 2274//4275
f  2283//4276 2284//4276 2285//4276
f  2285//4277 2284//4277 2286//4277
f  2284//4278 2282//4278 2286//4278
f  2286//4279 2282//4279 2281//4279
f  2287//4280 2288//4280 2289//4280
f  2288//4281 2290//4281 2291//4281
f  2289//4282 2288//4282 2291//4282
f  2290//4283 2292//4283 2293//4283
f  2291//4284 2290//4284 2293//4284
f  2292//4285 2294//4285 2295//4285
f  2293//4286 2292//4286 2295//4286
f  2295//4287 2294//4287 2285//4287
f  2294//4288 2283//4288 2285//4288
f  2296//4289 2297//4289 2298//4289
f  2299//4290 2296//4290 2298//4290
f  2298//4291 2297//4291 2287//4291
f  2297//4292 2288//4292 2287//4292
f  2300//4293 1577//4293 2301//4293
f  1577//4294 2302//4294 2301//4294
f  2301//4295 2302//4295 2303//4295
f  2302//4296 2304//4296 2305//4296
f  2303//4297 2302//4297 2305//4297
f  2304//4298 2296//4298 2299//4298
f  2305//4299 2304//4299 2299//4299
f  1577//4300 2300//4300 2306//4300
f  1568//4301 2307//4301 2268//4301
f  1577//4302 2307//4302 1568//4302
f  1577//4303 2306//4303 2307//4303
f  2308//4304 1693//4304 1702//4304
f  2308//4305 2281//4305 2276//4305
f  1702//4306 2281//4306 2308//4306
f  2308//4307 2276//4307 1693//4307
f  2309//4308 1693//4308 2276//4308
f  2276//4309 2277//4309 2309//4309
f  2281//4310 1702//4310 2286//4310
f  2309//4311 1695//4311 1693//4311
f  2286//4312 1709//4312 2285//4312
f  2286//4313 1702//4313 1709//4313
f  2278//4314 2309//4314 2277//4314
f  2310//4315 2285//4315 1709//4315
f  1696//4316 1695//4316 2309//4316
f  1696//4317 2309//4317 2278//4317
f  2310//4318 1709//4318 1710//4318
f  2295//4319 2285//4319 2310//4319
f  2278//4320 2311//4320 1696//4320
f  2280//4321 2311//4321 2278//4321
f  1708//4322 2310//4322 1710//4322
f  2295//4323 1708//4323 2293//4323
f  2295//4324 2310//4324 1708//4324
f  2311//4325 1713//4325 1696//4325
f  2280//4326 2271//4326 2311//4326
f  1708//4327 1700//4327 2291//4327
f  2293//4328 1708//4328 2291//4328
f  2291//4329 1700//4329 1699//4329
f  2289//4330 2291//4330 1699//4330
f  2287//4331 2289//4331 1699//4331
f  2312//4332 1757//4332 1783//4332
f  1783//4333 1713//4333 2311//4333
f  2273//4334 1783//4334 2311//4334
f  2219//4335 2312//4335 2273//4335
f  2273//4336 2311//4336 2271//4336
f  2221//4337 2312//4337 2219//4337
f  2273//4338 2312//4338 1783//4338
f  2287//4339 1699//4339 2298//4339
f  1699//4340 1701//4340 2298//4340
f  1701//4341 2299//4341 2298//4341
f  2270//4342 2261//4342 2313//4342
f  1758//4343 2270//4343 2313//4343
f  2313//4344 1799//4344 1758//4344
f  2312//4345 1758//4345 1757//4345
f  2270//4346 1758//4346 2312//4346
f  2270//4347 2312//4347 2221//4347
f  1792//4348 1799//4348 2313//4348
f  2263//4349 1792//4349 2313//4349
f  2263//4350 2313//4350 2261//4350
f  2267//4351 1793//4351 2314//4351
f  2267//4352 2314//4352 2265//4352
f  1793//4353 1792//4353 2314//4353
f  2314//4354 2263//4354 2265//4354
f  1792//4355 2263//4355 2314//4355
f  1720//4356 2301//4356 2303//4356
f  1720//4357 2303//4357 2305//4357
f  1720//4358 2305//4358 1721//4358
f  1721//4359 2305//4359 2299//4359
f  1721//4360 2299//4360 1701//4360
f  1743//4361 1793//4361 2267//4361
f  2268//4362 1743//4362 2267//4362
f  1720//4363 1808//4363 2300//4363
f  2301//4364 1720//4364 2300//4364
f  2315//4365 2268//4365 2307//4365
f  2300//4366 1808//4366 2306//4366
f  2315//4367 1743//4367 2268//4367
f  2307//4368 1802//4368 2315//4368
f  2306//4369 1808//4369 1806//4369
f  1802//4370 1743//4370 2315//4370
f  1806//4371 1802//4371 2307//4371
f  1806//4372 2307//4372 2306//4372
f  1572//4373 1571//4373 1522//4373
f  1521//4374 1572//4373 1522//4373
f  1578//4375 1521//4375 1528//4375
f  1578//4376 1572//4376 1521//4376
f  1580//4377 1578//4377 1528//4377
f  2316//4378 1530//4378 2317//4378
f  2316//4379 1529//4379 1530//4379
f  2318//4380 1529//4380 2316//4380
f  1929//4381 1529//4381 2318//4381
f  2319//4382 2320//4382 2321//4382
f  2322//4383 2320//4383 2319//4383
f  2323//4384 2322//4384 2319//4384
f  2324//4385 2323//4385 2319//4385
f  2324//4386 2319//4386 1931//4386
f  2316//4387 2325//4387 2322//4387
f  2316//4388 2322//4388 2323//4388
f  1931//4389 2318//4389 2324//4389
f  2318//4390 2323//4390 2324//4390
f  2318//4391 2316//4391 2323//4391
f  1929//4392 2318//4392 1931//4392
f  2317//4393 2325//4393 2316//4393
f  1931//4394 2326//4394 1928//4394
f  2327//4395 2328//4395 2329//4395
f  2328//4396 2330//4396 2329//4396
f  2327//4397 2331//4397 2332//4397
f  1928//4398 2327//4398 2332//4398
f  2326//4399 2328//4399 2327//4399
f  2328//4400 2321//4400 2330//4400
f  2329//4401 2333//4401 2331//4401
f  2327//4402 2329//4402 2331//4402
f  2326//4403 2327//4403 1928//4403
f  2328//4404 2319//4404 2321//4404
f  2326//4405 1931//4405 2319//4405
f  2326//4406 2319//4406 2328//4406
f  2334//4407 2331//4407 2333//4407
f  2334//4408 2333//4408 2335//4408
f  2336//4409 2332//4409 2331//4409
f  2336//4410 2331//4410 2334//4410
f  1927//4411 1928//4411 2332//4411
f  1927//4412 2332//4412 2336//4412
f  2337//4413 2338//4413 2339//4413
f  2340//4414 2341//4414 1616//4414
f  1930//4415 2339//4415 2342//4415
f  1930//4416 2337//4416 2339//4416
f  2343//4417 2344//4417 2345//4417
f  2340//4418 1616//4418 1615//4418
f  2343//4419 2345//4419 2337//4419
f  2346//4420 2340//4420 1615//4420
f  2347//4421 2337//4421 1930//4421
f  2347//4422 2343//4422 2337//4422
f  2346//4423 1615//4423 1618//4423
f  2343//4424 2348//4424 2344//4424
f  1927//4425 2347//4425 1930//4425
f  2349//4426 2346//4426 1618//4426
f  2347//4427 2350//4427 2343//4427
f  2350//4428 2348//4428 2343//4428
f  2336//4429 2350//4429 2347//4429
f  2350//4430 2335//4430 2348//4430
f  1927//4431 2336//4431 2347//4431
f  2334//4432 2335//4432 2350//4432
f  2346//4433 2351//4433 2340//4433
f  2339//4434 2351//4434 2346//4434
f  2336//4435 2334//4435 2350//4435
f  2349//4436 1618//4436 1930//4436
f  2337//4437 2345//4437 2338//4437
f  2342//4438 2339//4438 2346//4438
f  2339//4439 2338//4439 2351//4439
f  2342//4440 2346//4440 2349//4440
f  1930//4441 2342//4441 2349//4441
f  2317//4442 1530//4442 2352//4442
f  2352//4443 1530//4443 1549//4443
f  2317//4444 2352//4444 2353//4444
f  1530//4445 613//4445 640//4445
f  1549//4446 1530//4446 640//4446
f  2340//4447 2354//4447 2341//4447
f  2355//4448 2354//4448 2340//4448
f  2351//4449 2355//4449 2340//4449
f  2356//4450 2355//4450 2351//4450
f  2338//4451 2356//4451 2351//4451
f  2345//4452 2356//4452 2338//4452
f  2357//4453 2356//4453 2345//4453
f  2344//4454 2357//4454 2345//4454
f  2358//4455 2357//4455 2344//4455
f  2348//4456 2358//4456 2344//4456
f  2359//4457 2358//4457 2348//4457
f  2335//4458 2359//4458 2348//4458
f  2360//4459 2359//4459 2335//4459
f  2360//4460 2335//4460 2333//4460
f  2361//4461 2360//4461 2333//4461
f  2333//4462 2362//4462 2361//4462
f  2329//4463 2362//4463 2333//4463
f  2329//4464 2363//4464 2362//4464
f  2330//4465 2363//4465 2329//4465
f  2321//4466 2364//4466 2363//4466
f  2321//4467 2363//4467 2330//4467
f  2320//4468 2364//4468 2321//4468
f  2320//4469 2365//4469 2364//4469
f  2322//4470 2365//4470 2320//4470
f  2322//4471 2366//4471 2365//4471
f  2325//4472 2366//4472 2322//4472
f  2325//4473 2353//4473 2366//4473
f  2317//4474 2353//4474 2325//4474
f  1549//4475 1543//4475 2352//4475
f  2353//4476 1543//4476 1533//4476
f  2352//4477 1543//4477 2353//4477
f  2366//4478 2353//4478 1533//4478
f  1551//4479 2366//4479 1533//4479
f  1551//4480 1550//4480 2366//4480
f  1562//4481 2365//4481 1550//4481
f  2364//4482 2365//4482 1562//4482
f  1550//4483 2365//4483 2366//4483
f  1555//4484 2367//4484 1556//4484
f  2361//4485 2362//4485 1555//4485
f  2367//4486 2363//4486 1556//4486
f  2367//4487 2362//4487 2363//4487
f  1556//4488 2364//4488 1562//4488
f  1556//4489 2363//4489 2364//4489
f  1555//4490 2362//4490 2367//4490
f  1555//4491 2360//4491 2361//4491
f  1555//4492 1554//4492 2360//4492
f  2358//4493 1554//4493 1553//4493
f  2354//4494 2355//4494 1561//4494
f  1554//4495 2359//4495 2360//4495
f  2368//4496 2354//4496 1561//4496
f  2369//4497 2368//4497 1561//4497
f  2358//4498 1553//4498 2357//4498
f  2356//4499 2357//4499 1553//4499
f  2359//4500 1554//4500 2358//4500
f  1561//4501 2356//4501 1553//4501
f  1561//4502 2355//4502 2356//4502
f  2370//4503 2371//4503 1395//4503
f  1941//4504 2372//4504 2373//4504
f  1074//4505 1941//4505 2373//4505
f  2239//4506 2374//4506 2375//4506
f  2239//4507 2375//4507 2376//4507
f  2377//4508 2237//4508 2234//4508
f  2237//4509 2378//4509 2374//4509
f  2234//4510 2379//4510 2377//4510
f  2234//4511 2380//4511 2379//4511
f  1365//4512 1520//4512 2380//4512
f  1559//4513 2369//4513 1561//4513
f  1559//4514 2376//4514 2223//4514
f  2235//2820 2381//2820 2382//2820
f  2235//2820 1520//2820 1365//2820
f  2354//4515 2383//4515 2341//4515
f  1505//4516 653//4516 1491//4516
f  1375//4517 1515//4517 1513//4517
f  1372//4518 1517//4518 1516//4518
f  1370//4519 1518//4519 1519//4519
f  650//4520 653//4520 1507//4520
f  650//4521 1355//4521 1514//4521
f  2368//4522 2383//4522 2354//4522
f  2239//4523 2237//4523 2374//4523
f  2377//4524 2378//4524 2237//4524
f  2234//4525 1365//4525 2380//4525
f  1559//4526 1558//4526 2369//4526
f  1559//4527 2239//4527 2376//4527
f  2235//2820 2382//2820 1520//2820
f  1585//4528 2384//4528 2385//4528
f  2386//4529 2387//4529 2388//4529
f  689//4530 2389//4530 2388//4530
f  1590//4531 2390//4531 684//4531
f  1584//4532 2391//4532 2384//4532
f  677//4533 2392//4533 676//4533
f  1582//4534 2393//4534 2391//4534
f  1593//4535 2385//4535 2386//4535
f  686//4536 2390//4536 2394//4536
f  1591//4537 2395//4537 1590//4537
f  1593//4538 2396//4538 1591//4538
f  687//4539 2394//4539 2389//4539
f  676//4540 2393//4540 674//4540
f  678//4541 2397//4541 677//4541
f  689//4542 2387//4542 678//4542
f  1585//4528 1584//4543 2384//4528
f  2394//4544 2390//4544 2388//4544
f  2395//4545 2396//4545 2386//4545
f  2386//4529 2385//4529 2387//4529
f  2384//4546 2391//4546 2385//4546
f  2393//4547 2392//4547 2387//4547
f  2397//4548 2387//4548 2392//4548
f  2388//4549 2389//4549 2394//4549
f  2390//4550 2395//4550 2386//4550
f  2385//4551 2391//4551 2393//4551
f  2393//4552 2387//4552 2385//4552
f  2388//4553 2390//4553 2386//4553
f  689//4530 687//4554 2389//4530
f  1590//4531 2395//4555 2390//4531
f  1584//4532 1582//4556 2391//4532
f  677//4533 2397//4557 2392//4533
f  1582//4534 674//4558 2393//4534
f  1593//4535 1585//4559 2385//4535
f  686//4536 684//4560 2390//4536
f  1591//4537 2396//4561 2395//4537
f  1593//4538 2386//4562 2396//4538
f  687//4539 686//4563 2394//4539
f  676//4540 2392//4564 2393//4540
f  678//4541 2387//4565 2397//4541
f  689//4542 2388//4566 2387//4542
f  1081//4567 2398//4567 2399//4567
f  1524//4568 2400//4568 1525//4568
f  1523//4569 2401//4569 2402//4569
f  1525//4570 2403//4570 1949//4570
f  1949//4571 2404//4571 1941//4571
f  606//4572 2405//4572 2406//4572
f  604//4573 2407//4573 2408//4573
f  1941//4574 2409//4574 1072//4574
f  2410//4575 2260//4575 2411//4575
f  2399//4576 607//4576 1081//4576
f  2412//4577 2256//4577 2413//4577
f  2414//4578 1394//4578 2415//4578
f  2416//4579 2257//4579 2417//4579
f  2418//4580 1396//4580 1397//4580
f  2419//4581 2257//4581 2256//4581
f  2420//4582 2421//4582 1393//4582
f  1070//4583 1397//4583 1065//4583
f  2422//4584 2423//4584 1396//4584
f  2424//4585 2425//4585 2260//4585
f  2426//4586 1393//4586 2421//4586
f  2427//4587 2428//4587 1936//4587
f  2429//4588 1068//4588 1067//4588
f  2402//4589 2430//4589 1523//4589
f  2431//4590 2411//4590 2260//4590
f  2432//4591 2258//4591 2433//4591
f  2434//4592 2258//4592 1395//4592
f  2435//4593 2256//4593 2258//4593
f  2414//4594 1509//4594 1395//4594
f  2436//4595 2437//4595 1397//4595
f  2420//4596 1392//4596 2438//4596
f  2416//4597 2439//4597 2259//4597
f  2371//4598 2434//4598 1395//4598
f  2440//4599 2441//4599 1523//4599
f  2442//4600 2415//4600 1394//4600
f  2430//4601 2440//4601 1523//4601
f  2443//4602 2259//4602 2439//4602
f  2444//4603 1392//4603 1396//4603
f  2408//4604 2445//4604 604//4604
f  2446//4605 2398//4605 1072//4574
f  2445//4606 2447//4606 604//4606
f  2437//4607 2418//4607 1397//4607
f  1508//4608 1395//4608 1509//4608
f  1068//4609 2448//4609 1070//4609
f  2449//4610 1937//3461 1939//3461
f  1934//4611 2410//4611 1939//4611
f  2370//4612 2450//4612 2371//4612
f  1081//4567 1072//4613 2398//4567
f  1524//4614 1523//4614 2451//4614
f  2451//4615 2400//4568 1524//4568
f  1523//4616 2441//4616 2451//4615
f  1525//4570 2400//4617 2403//4570
f  1949//4571 2403//4618 2404//4571
f  2407//4619 604//4619 2406//4619
f  606//4620 607//4620 2452//4620
f  606//4620 2452//4620 2405//4621
f  2406//4622 604//4622 606//4622
f  1941//4574 2404//4623 2409//4574
f  2410//4624 1934//4624 2260//4624
f  2399//4576 2452//4625 607//4576
f  2412//4577 2419//4626 2256//4577
f  2414//4627 1395//4627 1394//4627
f  2416//4579 2259//4628 2257//4579
f  2418//4580 2453//4629 1396//4580
f  2419//4581 2417//4630 2257//4581
f  1070//4631 2436//4631 1397//4631
f  1396//4584 2453//4632 2422//4584
f  2423//4584 2444//4633 1396//4584
f  2260//4634 2443//4634 2424//4634
f  2425//4585 2431//4635 2260//4585
f  2426//4636 1394//4636 1393//4636
f  1937//4637 2449//4637 2427//4637
f  2427//4638 2454//4638 2428//4638
f  2428//4639 2455//4639 2456//4639
f  1936//4587 1937//4640 2427//4587
f  2428//4587 2456//4641 1936//4587
f  1067//4642 2457//4642 2458//4642
f  2459//4643 2460//4643 1067//4643
f  1067//4644 2458//4644 2459//4644
f  2448//4645 1068//4645 2429//4645
f  2460//4643 2429//4646 1067//4643
f  2432//4591 2435//4647 2258//4591
f  2434//4648 2433//4648 2258//4648
f  2435//4649 2413//4649 2256//4649
f  2420//4650 1393//4650 1392//4650
f  1394//4600 2426//4651 2461//4651
f  2461//4651 2442//4600 1394//4600
f  2443//4652 2260//4652 2259//4652
f  2444//4603 2438//4653 1392//4603
f  1072//4574 2409//4574 2462//4654
f  2462//4654 2446//4605 1072//4574

# Mesh 'Part__Feature005_000-mesh' with 42 faces
g Part__Feature005_000-mesh
usemtl Part__Feature005_001_005_001
f  669//4655 1419//4655 1411//4655
f  2282//4656 1577//4656 2274//4656
f  1422//4657 1419//4657 1426//4657
f  1411//4658 1413//4658 1416//4658
f  1416//4659 1410//4659 1353//4659
f  1353//4660 1354//4660 1416//4660
f  1406//4661 1400//4661 661//4661
f  1401//4662 1403//4662 1400//4662
f  661//4663 669//4655 1411//4655
f  1439//4664 1442//4664 1433//4664
f  1433//4665 669//4665 1439//4665
f  1426//4666 1428//4666 1422//4666
f  1430//4667 1432//4667 1428//4667
f  1420//2820 1422//2820 1432//2820
f  1411//4668 1416//4668 1354//4668
f  1354//4669 1406//4669 1411//4669
f  1403//4670 661//4670 1400//4670
f  1433//4671 1435//4671 669//4671
f  1428//4672 1432//4672 1422//4672
f  1419//4673 669//4673 1435//4673
f  1406//4674 661//4674 1411//4674
f  1435//4675 1426//4675 1419//4675
f  2266//4676 2264//4676 2262//4676
f  2262//4677 2269//4677 1568//4677
f  2222//4678 2220//4678 2279//4678
f  2272//4679 2279//4679 2220//4679
f  2275//4680 2274//4680 2279//4680
f  2282//4681 2284//4681 2290//4681
f  2283//1123 2294//1123 2284//1123
f  2292//4682 2290//4682 2294//4682
f  2288//4683 2282//4683 2290//4683
f  2296//4684 2304//4684 2302//4684
f  2302//4685 1577//4685 2296//4685
f  1568//4686 2266//4686 2262//4686
f  2269//4687 2222//4687 2274//4687
f  2279//4688 2274//4688 2222//4688
f  2284//4689 2294//4689 2290//4689
f  2288//4690 2297//4690 2282//4690
f  2296//4691 1577//4691 2297//4691
f  1568//4692 2269//4692 2274//4692
f  2274//4656 1577//4656 1568//4693
f  2297//4694 1577//4694 2282//4694

# Mesh 'Part__Feature_011-mesh' with 2310 faces
g Part__Feature_011-mesh
usemtl Part__Feature_009_005
f  2463//4695 2464//4695 2465//4695
f  2466//4696 2467//4696 2468//4696
f  2469//4697 2467//4697 2466//4697
f  2469//4698 2470//4698 2467//4698
f  2471//4699 2472//4699 2470//4699
f  2473//4700 2474//4700 2472//4700
f  2471//4701 2473//4701 2472//4701
f  2467//4702 2470//4702 2472//4702
f  2475//4703 2473//4703 2471//4703
f  2473//4704 2476//4704 2474//4704
f  2477//4705 2473//4705 2475//4705
f  2478//4706 2476//4706 2473//4706
f  2477//4707 2478//4707 2473//4707
f  2479//4708 2480//4708 2481//4708
f  2472//4709 2468//4709 2467//4709
f  2482//4710 2481//4710 2483//4710
f  2484//4711 2476//4711 2478//4711
f  2466//4712 2479//4712 2481//4712
f  2485//4713 2484//4713 2478//4713
f  2482//4714 2466//4714 2481//4714
f  2486//4715 2466//4715 2482//4715
f  2487//4716 2484//4716 2485//4716
f  2466//4717 2468//4717 2479//4717
f  2487//4718 2488//4718 2484//4718
f  2469//4719 2466//4719 2486//4719
f  2489//4720 2484//4720 2488//4720
f  2465//4721 2488//4721 2487//4721
f  2472//4722 2474//4722 2468//4722
f  2464//4723 2489//4723 2488//4723
f  2464//4724 2488//4724 2465//4724
f  2490//4725 2491//4725 2492//4725
f  2493//4726 2494//4726 2495//4726
f  2491//4727 2490//4727 2496//4727
f  2497//4728 2498//4728 2499//4728
f  2500//4729 2501//4729 2493//4729
f  2502//4730 2503//4730 2504//4730
f  2502//4731 2499//4731 2503//4731
f  2505//4732 2506//4732 2507//4732
f  2508//4733 2506//4733 2505//4733
f  2493//4734 2501//4734 2494//4734
f  2509//4735 2510//4735 2511//4735
f  2491//4736 2496//4736 2512//4736
f  2511//4737 2513//4737 2497//4737
f  2499//4738 2498//4738 2503//4738
f  2478//4739 2514//4739 2485//4739
f  2511//4740 2510//4740 2513//4740
f  2500//4741 2515//4741 2516//4741
f  2500//4742 2516//4742 2501//4742
f  2506//4743 2508//4743 2510//4743
f  2512//4744 2517//4744 2518//4744
f  2519//4745 2517//4745 2515//4745
f  2497//4746 2513//4746 2498//4746
f  2496//4747 2517//4747 2512//4747
f  2518//4748 2517//4748 2519//4748
f  2504//4749 2503//4749 2520//4749
f  2494//4750 2521//4750 2514//4750
f  2494//4751 2501//4751 2522//4751
f  2523//4752 2517//4752 2496//4752
f  2515//4753 2517//4753 2516//4753
f  2494//4754 2522//4754 2521//4754
f  2514//4755 2521//4755 2485//4755
f  2498//4756 2524//4756 2503//4756
f  2501//4757 2516//4757 2522//4757
f  2503//4758 2525//4758 2520//4758
f  2510//4759 2526//4759 2513//4759
f  2510//4760 2508//4760 2526//4760
f  2513//4761 2527//4761 2498//4761
f  2485//4762 2521//4762 2487//4762
f  2517//4763 2528//4763 2516//4763
f  2520//4764 2525//4764 2529//4764
f  2503//4765 2524//4765 2525//4765
f  2530//4766 2526//4766 2508//4766
f  2523//4767 2531//4767 2517//4767
f  2513//4768 2526//4768 2532//4768
f  2513//4769 2532//4769 2527//4769
f  2533//4770 2498//4770 2527//4770
f  2524//4771 2498//4771 2533//4771
f  2517//4772 2531//4772 2528//4772
f  2534//4773 2522//4773 2535//4773
f  2521//4774 2536//4774 2487//4774
f  2528//4775 2535//4775 2516//4775
f  2516//4776 2535//4776 2522//4776
f  2521//4777 2534//4777 2536//4777
f  2522//4778 2534//4778 2521//4778
f  2530//4779 2537//4779 2526//4779
f  2538//4780 2537//4780 2530//4780
f  2533//4781 2539//4781 2524//4781
f  2524//4782 2539//4782 2525//4782
f  2526//4783 2537//4783 2532//4783
f  2533//4784 2540//4784 2539//4784
f  2540//4785 2541//4785 2539//4785
f  2542//4786 2528//4786 2531//4786
f  2536//4787 2543//4787 2487//4787
f  2528//4788 2544//4788 2535//4788
f  2534//4789 2545//4789 2536//4789
f  2544//4790 2528//4790 2542//4790
f  2539//4791 2546//4791 2525//4791
f  2536//4792 2545//4792 2543//4792
f  2525//4793 2546//4793 2529//4793
f  2529//4794 2546//4794 2547//4794
f  2548//4795 2549//4795 2545//4795
f  2550//4796 2551//4796 2541//4796
f  2541//4797 2551//4797 2539//4797
f  2539//4798 2551//4798 2552//4798
f  2539//4799 2552//4799 2546//4799
f  2553//4800 2554//4800 2555//4800
f  2537//4801 2554//4801 2553//4801
f  2556//4802 2551//4802 2550//4802
f  2556//4803 2555//4803 2551//4803
f  2487//4804 2543//4804 2465//4804
f  2545//4805 2549//4805 2543//4805
f  2542//4806 2557//4806 2544//4806
f  2544//4807 2557//4807 2558//4807
f  2548//4808 2559//4808 2549//4808
f  2538//4809 2554//4809 2537//4809
f  2560//4810 2558//4810 2561//4810
f  2560//4811 2561//4811 2562//4811
f  2562//4812 2561//4812 2559//4812
f  2563//4813 2554//4813 2538//4813
f  2558//4814 2557//4814 2561//4814
f  2559//4815 2561//4815 2549//4815
f  2563//4816 2564//4816 2554//4816
f  2555//4817 2565//4817 2551//4817
f  2543//4818 2463//4818 2465//4818
f  2566//4819 2557//4819 2542//4819
f  2555//4820 2564//4820 2565//4820
f  2546//4821 2567//4821 2547//4821
f  2554//4822 2564//4822 2555//4822
f  2551//4823 2565//4823 2552//4823
f  2561//4824 2568//4824 2549//4824
f  2546//4825 2552//4825 2567//4825
f  2543//4826 2549//4826 2569//4826
f  2549//4827 2568//4827 2569//4827
f  2543//4828 2569//4828 2463//4828
f  2561//4829 2570//4829 2568//4829
f  2547//4830 2567//4830 2571//4830
f  2561//4831 2557//4831 2570//4831
f  2564//4832 2572//4832 2565//4832
f  2566//4833 2570//4833 2557//4833
f  2573//4834 2564//4834 2563//4834
f  2552//4835 2574//4835 2575//4835
f  2565//4836 2574//4836 2552//4836
f  2569//4837 2576//4837 2463//4837
f  2569//4838 2577//4838 2578//4838
f  2568//4839 2577//4839 2569//4839
f  2552//4840 2575//4840 2567//4840
f  2567//4841 2575//4841 2579//4841
f  2568//4842 2580//4842 2577//4842
f  2565//4843 2572//4843 2574//4843
f  2573//4844 2581//4844 2564//4844
f  2582//4845 2564//4845 2583//4845
f  2572//4846 2564//4846 2582//4846
f  2564//4847 2581//4847 2583//4847
f  2584//4848 2581//4848 2585//4848
f  2585//4849 2581//4849 2573//4849
f  2578//4850 2576//4850 2569//4850
f  2568//4851 2570//4851 2580//4851
f  2580//4852 2570//4852 2586//4852
f  2566//4853 2587//4853 2570//4853
f  2570//4854 2588//4854 2586//4854
f  2578//4855 2589//4855 2576//4855
f  2570//4856 2587//4856 2588//4856
f  2463//4857 2576//4857 2590//4857
f  2589//4858 2591//4858 2576//4858
f  2592//4859 2593//4859 2594//4859
f  2593//4860 2595//4860 2594//4860
f  2594//4861 2595//4861 2475//4861
f  2596//4862 2597//4862 2598//4862
f  2599//4863 2597//4863 2596//4863
f  2589//4864 2600//4864 2591//4864
f  2589//4865 2598//4865 2600//4865
f  2576//4866 2591//4866 2590//4866
f  2587//4867 2601//4867 2588//4867
f  2602//4868 2601//4868 2587//4868
f  2603//4869 2604//4869 2605//4869
f  2605//4870 2604//4870 2606//4870
f  2598//4871 2597//4871 2600//4871
f  2607//4872 2608//4872 2593//4872
f  2606//4873 2609//4873 2610//4873
f  2607//4874 2611//4874 2608//4874
f  2606//4875 2604//4875 2609//4875
f  2612//4876 2609//4876 2611//4876
f  2593//4877 2608//4877 2595//4877
f  2612//4878 2610//4878 2609//4878
f  2475//4879 2613//4879 2477//4879
f  2475//4880 2595//4880 2613//4880
f  2591//4881 2614//4881 2590//4881
f  2615//4882 2601//4882 2616//4882
f  2591//4883 2600//4883 2614//4883
f  2611//4884 2609//4884 2608//4884
f  2602//4885 2616//4885 2601//4885
f  2615//4886 2616//4886 2599//4886
f  2599//4887 2616//4887 2597//4887
f  2604//4888 2617//4888 2609//4888
f  2608//4889 2618//4889 2595//4889
f  2609//4890 2619//4890 2608//4890
f  2590//4891 2614//4891 2502//4891
f  2620//4892 2616//4892 2602//4892
f  2477//4893 2613//4893 2478//4893
f  2597//4894 2621//4894 2600//4894
f  2617//4895 2490//4895 2609//4895
f  2597//4896 2622//4896 2621//4896
f  2616//4897 2622//4897 2597//4897
f  2609//4898 2490//4898 2619//4898
f  2600//4899 2499//4899 2614//4899
f  2595//4900 2618//4900 2613//4900
f  2608//4901 2623//4901 2618//4901
f  2600//4902 2624//4902 2499//4902
f  2625//4903 2499//4903 2624//4903
f  2620//4904 2626//4904 2616//4904
f  2618//4905 2494//4905 2613//4905
f  2600//4906 2621//4906 2624//4906
f  2613//4907 2514//4907 2478//4907
f  2616//4908 2626//4908 2622//4908
f  2613//4909 2494//4909 2514//4909
f  2490//4910 2492//4910 2619//4910
f  2608//4911 2627//4911 2623//4911
f  2618//4912 2623//4912 2628//4912
f  2505//4913 2626//4913 2620//4913
f  2619//4914 2627//4914 2608//4914
f  2618//4915 2628//4915 2494//4915
f  2494//4916 2628//4916 2495//4916
f  2496//4917 2490//4917 2617//4917
f  2614//4918 2499//4918 2502//4918
f  2619//4919 2629//4919 2627//4919
f  2619//4920 2492//4920 2629//4920
f  2505//4921 2507//4921 2626//4921
f  2625//4922 2497//4922 2499//4922
f  2496//4923 2617//4923 2523//4923
f  2630//4924 2631//4924 2632//4924
f  2633//4925 2634//4925 2635//4925
f  2612//4926 2611//4926 2610//4926
f  2519//4927 2515//4927 2518//4927
f  2636//4928 2637//4928 2638//4928
f  2639//4929 2640//4929 2641//4929
f  2634//4930 2633//4930 2640//4930
f  2642//4931 2643//4931 2636//4931
f  2644//4932 2645//4932 2646//4932
f  2636//4933 2643//4933 2637//4933
f  2647//4934 2648//4934 2649//4934
f  2649//4935 2648//4935 2650//4935
f  2486//4936 2651//4936 2469//4936
f  2486//4937 2646//4937 2651//4937
f  2637//4938 2652//4938 2653//4938
f  2642//4939 2654//4939 2643//4939
f  2655//4940 2645//4940 2644//4940
f  2633//4941 2635//4941 2640//4941
f  2640//4942 2635//4942 2656//4942
f  2657//4943 2654//4943 2642//4943
f  2646//4944 2645//4944 2651//4944
f  2655//4945 2658//4945 2645//4945
f  2650//4946 2648//4946 2659//4946
f  2659//4947 2660//4947 2661//4947
f  2662//4948 2658//4948 2655//4948
f  2663//4949 2664//4949 2657//4949
f  2665//4950 2658//4950 2662//4950
f  2637//4951 2643//4951 2652//4951
f  2661//4952 2660//4952 2664//4952
f  2664//4953 2660//4953 2657//4953
f  2648//4954 2660//4954 2659//4954
f  2666//4955 2660//4955 2648//4955
f  2667//4956 2656//4956 2668//4956
f  2667//4957 2668//4957 2665//4957
f  2654//4958 2669//4958 2643//4958
f  2670//4959 2668//4959 2635//4959
f  2635//4960 2668//4960 2656//4960
f  2665//4961 2668//4961 2658//4961
f  2645//4962 2671//4962 2651//4962
f  2657//4963 2660//4963 2672//4963
f  2652//4964 2673//4964 2653//4964
f  2645//4965 2658//4965 2674//4965
f  2643//4966 2669//4966 2652//4966
f  2657//4967 2672//4967 2654//4967
f  2645//4968 2674//4968 2671//4968
f  2653//4969 2673//4969 2675//4969
f  2666//4970 2676//4970 2660//4970
f  2651//4971 2677//4971 2469//4971
f  2660//4972 2676//4972 2672//4972
f  2654//4973 2672//4973 2669//4973
f  2658//4974 2678//4974 2674//4974
f  2674//4975 2678//4975 2671//4975
f  2669//4976 2679//4976 2652//4976
f  2651//4977 2671//4977 2677//4977
f  2652//4978 2679//4978 2680//4978
f  2668//4979 2681//4979 2658//4979
f  2658//4980 2682//4980 2678//4980
f  2652//4981 2680//4981 2673//4981
f  2469//4982 2677//4982 2470//4982
f  2658//4983 2681//4983 2682//4983
f  2683//4984 2669//4984 2684//4984
f  2670//4985 2681//4985 2668//4985
f  2669//4986 2672//4986 2684//4986
f  2669//4987 2683//4987 2679//4987
f  2666//4988 2685//4988 2676//4988
f  2671//4989 2686//4989 2677//4989
f  2672//4990 2687//4990 2684//4990
f  2672//4991 2676//4991 2687//4991
f  2673//4992 2688//4992 2675//4992
f  2678//4993 2686//4993 2671//4993
f  2670//4994 2689//4994 2681//4994
f  2673//4995 2680//4995 2688//4995
f  2687//4996 2676//4996 2690//4996
f  2676//4997 2691//4997 2690//4997
f  2685//4998 2691//4998 2676//4998
f  2692//4999 2680//4999 2693//4999
f  2689//5000 2694//5000 2681//5000
f  2682//5001 2681//5001 2694//5001
f  2680//5002 2692//5002 2695//5002
f  2689//5003 2631//5003 2694//5003
f  2680//5004 2695//5004 2688//5004
f  2677//5005 2696//5005 2470//5005
f  2697//5006 2686//5006 2698//5006
f  2699//5007 2691//5007 2685//5007
f  2677//5008 2686//5008 2696//5008
f  2692//5009 2700//5009 2695//5009
f  2697//5010 2701//5010 2686//5010
f  2702//5011 2703//5011 2704//5011
f  2692//5012 2704//5012 2700//5012
f  2686//5013 2701//5013 2696//5013
f  2699//5014 2703//5014 2702//5014
f  2685//5015 2705//5015 2699//5015
f  2706//5016 2707//5016 2697//5016
f  2470//5017 2696//5017 2471//5017
f  2708//5018 2709//5018 2707//5018
f  2710//5019 2709//5019 2708//5019
f  2694//5020 2630//5020 2710//5020
f  2631//5021 2630//5021 2694//5021
f  2685//5022 2711//5022 2705//5022
f  2688//5023 2712//5023 2675//5023
f  2675//5024 2712//5024 2713//5024
f  2697//5025 2707//5025 2701//5025
f  2710//5026 2630//5026 2709//5026
f  2699//5027 2705//5027 2703//5027
f  2704//5028 2703//5028 2700//5028
f  2688//5029 2695//5029 2712//5029
f  2696//5030 2714//5030 2471//5030
f  2707//5031 2709//5031 2701//5031
f  2695//5032 2715//5032 2712//5032
f  2701//5033 2716//5033 2696//5033
f  2705//5034 2717//5034 2703//5034
f  2695//5035 2700//5035 2715//5035
f  2709//5036 2718//5036 2701//5036
f  2705//5037 2711//5037 2717//5037
f  2696//5038 2716//5038 2714//5038
f  2701//5039 2719//5039 2716//5039
f  2713//5040 2720//5040 2483//5040
f  2712//5041 2720//5041 2713//5041
f  2712//5042 2715//5042 2720//5042
f  2709//5043 2721//5043 2718//5043
f  2701//5044 2718//5044 2719//5044
f  2722//5045 2717//5045 2711//5045
f  2471//5046 2594//5046 2475//5046
f  2714//5047 2594//5047 2471//5047
f  2715//5048 2700//5048 2723//5048
f  2716//5049 2594//5049 2714//5049
f  2724//5050 2715//5050 2723//5050
f  2632//5051 2721//5051 2630//5051
f  2630//5052 2721//5052 2709//5052
f  2716//5053 2592//5053 2594//5053
f  2716//5054 2719//5054 2592//5054
f  2725//5055 2723//5055 2700//5055
f  2703//5056 2726//5056 2700//5056
f  2700//5057 2726//5057 2725//5057
f  2567//5058 2579//5058 2727//5058
f  2703//5059 2728//5059 2726//5059
f  2729//5060 2717//5060 2722//5060
f  2632//5061 2605//5061 2721//5061
f  2703//5062 2730//5062 2728//5062
f  2718//5063 2731//5063 2719//5063
f  2567//5064 2732//5064 2571//5064
f  2717//5065 2730//5065 2703//5065
f  2724//5066 2720//5066 2715//5066
f  2603//5067 2605//5067 2632//5067
f  2718//5068 2733//5068 2731//5068
f  2734//5069 2720//5069 2724//5069
f  2721//5070 2733//5070 2718//5070
f  2717//5071 2735//5071 2730//5071
f  2721//5072 2605//5072 2733//5072
f  2736//5073 2737//5073 2727//5073
f  2735//5074 2717//5074 2738//5074
f  2567//5075 2727//5075 2732//5075
f  2729//5076 2738//5076 2717//5076
f  2483//5077 2720//5077 2482//5077
f  2734//5078 2739//5078 2720//5078
f  2727//5079 2737//5079 2732//5079
f  2740//5080 2739//5080 2734//5080
f  2740//5081 2741//5081 2739//5081
f  2742//5082 2737//5082 2736//5082
f  2738//5083 2729//5083 2743//5083
f  2571//5084 2732//5084 2744//5084
f  2745//5085 2746//5085 2742//5085
f  2745//5086 2584//5086 2746//5086
f  2741//5087 2747//5087 2739//5087
f  2748//5088 2743//5088 2729//5088
f  2743//5089 2749//5089 2747//5089
f  2585//5090 2746//5090 2584//5090
f  2737//5091 2750//5091 2732//5091
f  2720//5092 2739//5092 2751//5092
f  2742//5093 2746//5093 2752//5093
f  2748//5094 2749//5094 2743//5094
f  2585//5095 2753//5095 2746//5095
f  2732//5096 2754//5096 2744//5096
f  2720//5097 2751//5097 2482//5097
f  2739//5098 2755//5098 2751//5098
f  2737//5099 2752//5099 2750//5099
f  2742//5100 2752//5100 2737//5100
f  2747//5101 2749//5101 2639//5101
f  2747//5102 2639//5102 2739//5102
f  2739//5103 2639//5103 2755//5103
f  2750//5104 2638//5104 2732//5104
f  2751//5105 2646//5105 2482//5105
f  2748//5106 2634//5106 2749//5106
f  2732//5107 2638//5107 2754//5107
f  2482//5108 2646//5108 2486//5108
f  2639//5109 2641//5109 2755//5109
f  2752//5110 2756//5110 2750//5110
f  2753//5111 2647//5111 2746//5111
f  2751//5112 2644//5112 2646//5112
f  2749//5113 2640//5113 2639//5113
f  2750//5114 2756//5114 2757//5114
f  2750//5115 2757//5115 2638//5115
f  2647//5116 2649//5116 2746//5116
f  2754//5117 2637//5117 2744//5117
f  2751//5118 2758//5118 2644//5118
f  2754//5119 2638//5119 2637//5119
f  2746//5120 2649//5120 2752//5120
f  2751//5121 2759//5121 2758//5121
f  2755//5122 2759//5122 2751//5122
f  2634//5123 2640//5123 2749//5123
f  2744//5124 2637//5124 2653//5124
f  2752//5125 2649//5125 2756//5125
f  2755//5126 2641//5126 2759//5126
f  2657//5127 2642//5127 2663//5127
f  2738//5128 2724//5128 2735//5128
f  2724//5129 2723//5129 2735//5129
f  2735//5130 2725//5130 2730//5130
f  2723//5131 2725//5131 2735//5131
f  2730//5132 2725//5132 2728//5132
f  2728//5133 2725//5133 2726//5133
f  2667//5134 2655//5134 2656//5134
f  2644//5135 2758//5135 2656//5135
f  2656//5136 2758//5136 2640//5136
f  2758//5137 2759//5137 2640//5137
f  2759//5138 2641//5138 2640//5138
f  2655//5139 2644//5139 2656//5139
f  2760//5140 2520//5140 2761//5140
f  2504//5141 2520//5141 2760//5141
f  2483//5142 2481//5142 2713//5142
f  2547//5143 2762//5143 2529//5143
f  2547//5144 2763//5144 2762//5144
f  2547//5145 2764//5145 2763//5145
f  2520//5146 2529//5146 2762//5146
f  2480//5147 2713//5147 2481//5147
f  2571//5148 2764//5148 2547//5148
f  2764//5149 2765//5149 2763//5149
f  2762//5150 2761//5150 2520//5150
f  2744//5151 2764//5151 2571//5151
f  2766//5152 2765//5152 2764//5152
f  2762//5153 2763//5153 2761//5153
f  2767//5154 2768//5154 2489//5154
f  2767//5155 2489//5155 2464//5155
f  2590//5156 2767//5156 2464//5156
f  2766//5157 2769//5157 2765//5157
f  2744//5158 2766//5158 2764//5158
f  2590//5159 2464//5159 2463//5159
f  2653//5160 2766//5160 2744//5160
f  2760//5161 2761//5161 2768//5161
f  2770//5162 2769//5162 2766//5162
f  2760//5163 2768//5163 2767//5163
f  2502//5164 2767//5164 2590//5164
f  2502//5165 2760//5165 2767//5165
f  2653//5166 2770//5166 2766//5166
f  2675//5167 2770//5167 2653//5167
f  2504//5168 2760//5168 2502//5168
f  2761//5169 2763//5169 2768//5169
f  2713//5170 2769//5170 2770//5170
f  2713//5171 2480//5171 2769//5171
f  2713//5172 2770//5172 2675//5172
f  2647//5173 2666//5173 2648//5173
f  2753//5174 2585//5174 2647//5174
f  2573//5175 2563//5175 2585//5175
f  2505//5176 2620//5176 2508//5176
f  2572//5177 2582//5177 2574//5177
f  2690//5178 2679//5178 2687//5178
f  2687//5179 2679//5179 2684//5179
f  2684//5180 2679//5180 2683//5180
f  2621//5181 2622//5181 2624//5181
f  2763//5182 2765//5182 2468//5182
f  2768//5183 2474//5183 2476//5183
f  2768//5184 2476//5184 2484//5184
f  2763//5185 2468//5185 2474//5185
f  2765//5186 2769//5186 2479//5186
f  2765//5187 2479//5187 2468//5187
f  2763//5188 2474//5188 2768//5188
f  2769//5189 2480//5189 2479//5189
f  2768//5190 2484//5190 2489//5190
f  2771//5191 2531//5191 2523//5191
f  2772//5192 2771//5192 2523//5192
f  2771//5193 2542//5193 2531//5193
f  2772//5194 2523//5194 2617//5194
f  2771//5195 2566//5195 2542//5195
f  2773//5196 2617//5196 2604//5196
f  2773//5197 2772//5197 2617//5197
f  2774//5198 2566//5198 2771//5198
f  2774//5199 2587//5199 2566//5199
f  2773//5200 2604//5200 2603//5200
f  2774//5201 2602//5201 2587//5201
f  2775//5202 2773//5202 2603//5202
f  2775//5203 2603//5203 2632//5203
f  2774//5204 2620//5204 2602//5204
f  2631//5205 2775//5205 2632//5205
f  2776//5206 2620//5206 2774//5206
f  2776//5207 2508//5207 2620//5207
f  2777//5208 2775//5205 2631//5205
f  2689//5209 2777//5209 2631//5209
f  2776//5210 2530//5210 2508//5210
f  2778//5211 2777//5211 2689//5211
f  2670//5212 2778//5212 2689//5212
f  2779//5213 2530//5213 2776//5213
f  2635//5214 2778//5214 2670//5214
f  2538//5215 2530//5215 2779//5215
f  2634//5216 2780//5216 2778//5216
f  2634//5217 2778//5217 2635//5217
f  2563//5218 2538//5218 2779//5218
f  2748//5219 2780//5219 2634//5219
f  2585//5220 2563//5220 2779//5220
f  2585//5221 2779//5221 2781//5221
f  2729//5222 2780//5222 2748//5222
f  2729//5223 2782//5223 2780//5223
f  2722//5224 2782//5224 2729//5224
f  2711//5225 2782//5225 2722//5225
f  2647//5226 2585//5226 2781//5226
f  2647//5227 2781//5227 2783//5227
f  2685//5228 2782//5228 2711//5228
f  2666//5229 2647//5229 2783//5229
f  2685//5230 2783//5230 2782//5230
f  2685//5231 2666//5231 2783//5231
f  2783//5232 2781//5232 2784//5232
f  2774//5233 2785//5233 2786//5233
f  2783//5234 2784//5234 2787//5234
f  2776//5235 2774//5235 2786//5235
f  2776//5236 2786//5236 2788//5236
f  2782//5237 2787//5237 2789//5237
f  2782//5238 2783//5238 2787//5238
f  2779//5239 2776//5239 2788//5239
f  2779//5240 2788//5240 2790//5240
f  2782//5241 2789//5241 2791//5241
f  2780//5242 2782//5242 2791//5242
f  2780//5243 2791//5243 2792//5243
f  2779//5244 2790//5244 2793//5244
f  2781//5245 2779//5245 2793//5245
f  2781//5246 2793//5246 2784//5246
f  2794//5247 2795//5247 2796//5247
f  2797//5248 2798//5248 2799//5248
f  2795//5249 2798//5249 2797//5249
f  2800//5250 2801//5250 2802//5250
f  2803//5251 2804//5251 2787//5251
f  2800//5252 2791//5252 2801//5252
f  2798//5253 2788//5253 2799//5253
f  2805//5254 2787//5254 2784//5254
f  2806//5255 2807//5255 2808//5255
f  2809//5256 2810//5256 2804//5256
f  2807//5257 2811//5257 2808//5257
f  2794//5258 2812//5258 2795//5258
f  2813//5259 2798//5259 2795//5259
f  2814//5260 2807//5260 2806//5260
f  2815//5261 2810//5261 2809//5261
f  2795//5262 2812//5262 2813//5262
f  2804//5263 2789//5263 2787//5263
f  2816//5264 2817//5264 2809//5264
f  2818//5265 2793//5265 2790//5265
f  2819//5266 2812//5266 2794//5266
f  2817//5267 2815//5267 2809//5267
f  2808//5268 2805//5268 2818//5268
f  2804//5269 2810//5269 2789//5269
f  2805//5270 2793//5270 2818//5270
f  2811//5271 2805//5271 2808//5271
f  2813//5272 2788//5272 2798//5272
f  2820//5273 2817//5273 2816//5273
f  2800//5274 2792//5274 2791//5274
f  2812//5275 2821//5275 2813//5275
f  2822//5276 2796//5276 2823//5276
f  2815//5277 2824//5277 2810//5277
f  2823//5278 2797//5278 2825//5278
f  2796//5279 2797//5279 2823//5279
f  2813//5280 2790//5280 2788//5280
f  2826//5281 2817//5281 2820//5281
f  2824//5282 2789//5282 2810//5282
f  2807//5283 2803//5283 2811//5283
f  2825//5284 2799//5284 2827//5284
f  2814//5285 2828//5285 2807//5285
f  2805//5286 2784//5286 2793//5286
f  2819//5287 2829//5287 2812//5287
f  2811//5288 2803//5288 2805//5288
f  2799//5289 2786//5289 2827//5289
f  2830//5290 2828//5290 2814//5290
f  2828//5291 2803//5291 2807//5291
f  2797//5292 2799//5292 2825//5292
f  2815//5293 2801//5293 2824//5293
f  2812//5294 2829//5294 2821//5294
f  2821//5295 2790//5295 2813//5295
f  2817//5296 2801//5296 2815//5296
f  2829//5297 2818//5297 2821//5297
f  2816//5298 2828//5298 2830//5298
f  2824//5299 2791//5299 2789//5299
f  2821//5300 2818//5300 2790//5300
f  2826//5301 2831//5301 2817//5301
f  2806//5302 2808//5302 2819//5302
f  2819//5303 2808//5303 2829//5303
f  2817//5304 2831//5304 2801//5304
f  2816//5305 2809//5305 2828//5305
f  2801//5306 2791//5306 2824//5306
f  2796//5307 2795//5307 2797//5307
f  2809//5308 2804//5308 2828//5308
f  2808//5309 2818//5309 2829//5309
f  2799//5310 2788//5310 2786//5310
f  2803//5311 2787//5311 2805//5311
f  2828//5312 2804//5312 2803//5312
f  2802//5313 2801//5313 2831//5313
f  2832//5314 2826//5314 2833//5314
f  2834//5315 2806//5315 2835//5315
f  2835//5316 2806//5316 2819//5316
f  2836//5317 2826//5317 2832//5317
f  2837//5318 2806//5318 2834//5318
f  2837//5319 2814//5319 2806//5319
f  2837//5320 2830//5320 2814//5320
f  2838//5321 2830//5321 2837//5321
f  2839//5322 2796//5322 2822//5322
f  2840//5323 2796//5323 2839//5323
f  2841//5324 2816//5324 2838//5324
f  2838//5325 2816//5325 2830//5325
f  2840//5326 2794//5326 2796//5326
f  2835//5327 2794//5327 2840//5327
f  2833//5328 2816//5328 2841//5328
f  2833//5329 2820//5329 2816//5329
f  2833//5330 2826//5330 2820//5330
f  2835//5331 2819//5331 2794//5331
f  2842//5332 2843//5332 2844//5332
f  2845//5333 2846//5333 2847//5333
f  2848//5334 2849//5334 2850//5334
f  2845//5335 2832//5335 2846//5335
f  2851//5336 2840//5336 2852//5336
f  2853//5337 2854//5337 2855//5337
f  2842//5338 2834//5338 2843//5338
f  2855//5339 2856//5339 2851//5339
f  2857//5340 2858//5340 2859//5340
f  2849//5341 2860//5341 2857//5341
f  2861//5342 2862//5342 2863//5342
f  2859//5343 2858//5343 2838//5343
f  2863//5344 2864//5344 2842//5344
f  2854//5345 2865//5345 2855//5345
f  2848//5346 2866//5346 2849//5346
f  2858//5347 2841//5347 2838//5347
f  2860//5348 2858//5348 2857//5348
f  2867//5349 2862//5349 2861//5349
f  2868//5350 2869//5350 2848//5350
f  2869//5351 2866//5351 2848//5351
f  2864//5352 2837//5352 2842//5352
f  2855//5353 2870//5353 2856//5353
f  2865//5354 2870//5354 2855//5354
f  2842//5355 2837//5355 2834//5355
f  2851//5356 2856//5356 2840//5356
f  2866//5357 2871//5357 2849//5357
f  2849//5358 2871//5358 2860//5358
f  2850//5359 2867//5359 2861//5359
f  2841//5360 2858//5360 2833//5360
f  2862//5361 2864//5361 2863//5361
f  2872//5362 2873//5362 2874//5362
f  2856//5363 2835//5363 2840//5363
f  2873//5364 2852//5364 2875//5364
f  2869//5365 2876//5365 2866//5365
f  2877//5366 2865//5366 2854//5366
f  2860//5367 2871//5367 2858//5367
f  2852//5368 2839//5368 2875//5368
f  2871//5369 2846//5369 2858//5369
f  2876//5370 2871//5370 2866//5370
f  2846//5371 2833//5371 2858//5371
f  2870//5372 2843//5372 2856//5372
f  2862//5373 2859//5373 2864//5373
f  2877//5374 2863//5374 2865//5374
f  2865//5375 2844//5375 2870//5375
f  2843//5376 2835//5376 2856//5376
f  2863//5377 2844//5377 2865//5377
f  2864//5378 2838//5378 2837//5378
f  2859//5379 2838//5379 2864//5379
f  2844//5380 2843//5380 2870//5380
f  2878//5381 2876//5381 2869//5381
f  2850//5382 2849//5382 2867//5382
f  2843//5383 2834//5383 2835//5383
f  2867//5384 2857//5384 2862//5384
f  2852//5385 2840//5385 2839//5385
f  2849//5386 2857//5386 2867//5386
f  2873//5387 2851//5387 2852//5387
f  2876//5388 2847//5388 2871//5388
f  2833//5389 2846//5389 2832//5389
f  2872//5390 2855//5390 2873//5390
f  2857//5391 2859//5391 2862//5391
f  2877//5392 2861//5392 2863//5392
f  2863//5393 2842//5393 2844//5393
f  2847//5394 2846//5394 2871//5394
f  2879//5395 2876//5395 2878//5395
f  2853//5396 2855//5396 2872//5396
f  2879//5397 2847//5397 2876//5397
f  2855//5398 2851//5398 2873//5398
f  2880//5399 2877//5399 2881//5399
f  2880//5400 2861//5400 2877//5400
f  2882//5401 2861//5401 2880//5401
f  2882//5402 2850//5402 2861//5402
f  2883//5403 2872//5403 2884//5403
f  2884//5404 2872//5404 2885//5404
f  2886//5405 2850//5405 2882//5405
f  2887//5406 2848//5406 2886//5406
f  2886//5407 2848//5407 2850//5407
f  2883//5408 2853//5408 2872//5408
f  2888//5409 2853//5409 2883//5409
f  2887//5410 2868//5410 2848//5410
f  2889//5411 2853//5411 2888//5411
f  2890//5412 2868//5412 2887//5412
f  2889//5413 2854//5413 2853//5413
f  2890//5414 2869//5414 2868//5414
f  2881//5415 2854//5415 2889//5415
f  2891//5416 2878//5416 2890//5416
f  2890//5417 2878//5417 2869//5417
f  2881//5418 2877//5418 2854//5418
f  2892//5419 2893//5419 2894//5419
f  2895//5420 2896//5420 2882//5420
f  2897//5421 2898//5421 2899//5421
f  2900//5422 2896//5422 2895//5422
f  2896//5423 2886//5423 2882//5423
f  2901//5424 2902//5424 2903//5424
f  2898//5425 2904//5425 2905//5425
f  2906//5426 2888//5426 2883//5426
f  2893//5427 2891//5427 2907//5427
f  2900//5428 2908//5428 2896//5428
f  2907//5429 2891//5429 2890//5429
f  2897//5430 2909//5430 2898//5430
f  2910//5431 2911//5431 2912//5431
f  2905//5432 2913//5432 2906//5432
f  2904//5433 2913//5433 2905//5433
f  2914//5434 2893//5434 2892//5434
f  2909//5435 2904//5435 2898//5435
f  2914//5436 2891//5436 2893//5436
f  2912//5437 2911//5437 2915//5437
f  2906//5438 2913//5438 2888//5438
f  2915//5439 2880//5439 2881//5439
f  2902//5440 2900//5440 2903//5440
f  2916//5441 2910//5441 2917//5441
f  2911//5442 2880//5442 2915//5442
f  2908//5443 2886//5443 2896//5443
f  2902//5444 2918//5444 2900//5444
f  2897//5445 2919//5445 2909//5445
f  2910//5446 2920//5446 2911//5446
f  2918//5447 2908//5447 2900//5447
f  2913//5448 2889//5448 2888//5448
f  2916//5449 2903//5449 2910//5449
f  2904//5450 2921//5450 2913//5450
f  2909//5451 2921//5451 2904//5451
f  2920//5452 2880//5452 2911//5452
f  2903//5453 2922//5453 2910//5453
f  2923//5454 2919//5454 2897//5454
f  2908//5455 2887//5455 2886//5455
f  2913//5456 2921//5456 2889//5456
f  2918//5457 2907//5457 2908//5457
f  2910//5458 2922//5458 2920//5458
f  2920//5459 2882//5459 2880//5459
f  2907//5460 2890//5460 2908//5460
f  2924//5461 2894//5461 2902//5461
f  2890//5462 2887//5462 2908//5462
f  2894//5463 2918//5463 2902//5463
f  2925//5464 2905//5464 2926//5464
f  2927//5465 2899//5465 2928//5465
f  2922//5466 2895//5466 2920//5466
f  2899//5467 2898//5467 2928//5467
f  2928//5468 2898//5468 2925//5468
f  2901//5469 2903//5469 2916//5469
f  2919//5470 2915//5470 2909//5470
f  2898//5471 2905//5471 2925//5471
f  2921//5472 2881//5472 2889//5472
f  2926//5473 2883//5473 2929//5473
f  2894//5474 2893//5474 2918//5474
f  2909//5475 2915//5475 2921//5475
f  2929//5476 2883//5476 2884//5476
f  2895//5477 2882//5477 2920//5477
f  2903//5478 2900//5478 2922//5478
f  2917//5479 2910//5479 2923//5479
f  2923//5480 2910//5480 2919//5480
f  2905//5481 2906//5481 2926//5481
f  2918//5482 2893//5482 2907//5482
f  2921//5483 2915//5483 2881//5483
f  2900//5484 2895//5484 2922//5484
f  2910//5485 2912//5485 2919//5485
f  2906//5486 2883//5486 2926//5486
f  2924//5487 2930//5487 2894//5487
f  2931//5488 2930//5488 2924//5488
f  2919//5489 2912//5489 2915//5489
f  2930//5490 2892//5490 2894//5490
f  2932//5491 2899//5491 2927//5491
f  2933//5492 2902//5492 2934//5492
f  2933//5493 2924//5493 2902//5493
f  2935//5494 2931//5494 2924//5494
f  2936//5495 2917//5495 2923//5495
f  2937//5496 2938//5496 2939//5496
f  2936//5497 2923//5497 2940//5497
f  2938//5498 2937//5498 2928//5498
f  2937//5499 2941//5499 2928//5499
f  2936//5500 2942//5500 2917//5500
f  2928//5501 2941//5501 2927//5501
f  2943//5502 2944//5502 2945//5502
f  2941//5503 2932//5503 2927//5503
f  2944//5504 2946//5504 2945//5504
f  2947//5505 2899//5505 2932//5505
f  2899//5506 2947//5506 2897//5506
f  2946//5507 2948//5507 2949//5507
f  2949//5508 2948//5508 2950//5508
f  2951//5509 2897//5509 2947//5509
f  2948//5510 2939//5510 2950//5510
f  2950//5511 2939//5511 2938//5511
f  2951//5512 2923//5512 2897//5512
f  2940//5513 2923//5513 2951//5513
f  2952//5514 2953//5514 2954//5514
f  2955//5515 2953//5515 2952//5515
f  2956//5516 2957//5516 2958//5516
f  2959//5517 2956//5517 2960//5517
f  2961//5518 2962//5518 2963//5518
f  2964//5519 2965//5519 2966//5519
f  2954//5520 2953//5520 2940//5520
f  2963//5521 2962//5521 2967//5521
f  2968//5522 2969//5522 2955//5522
f  2970//5523 2971//5523 2972//5523
f  2973//5524 2974//5524 2975//5524
f  2972//5525 2971//5525 2973//5525
f  2976//5526 2947//5526 2932//5526
f  2962//5527 2977//5527 2967//5527
f  2940//5528 2953//5528 2936//5528
f  2957//5529 2978//5529 2979//5529
f  2977//5530 2976//5530 2967//5530
f  2933//5531 2978//5531 2935//5531
f  2979//5532 2978//5532 2933//5532
f  2969//5533 2953//5533 2955//5533
f  2980//5534 2968//5534 2981//5534
f  2971//5535 2974//5535 2973//5535
f  2959//5536 2982//5536 2956//5536
f  2983//5537 2982//5537 2959//5537
f  2961//5538 2984//5538 2962//5538
f  2974//5539 2964//5539 2975//5539
f  2982//5540 2985//5540 2956//5540
f  2984//5541 2986//5541 2962//5541
f  2987//5542 2984//5542 2961//5542
f  2970//5543 2988//5543 2971//5543
f  2956//5544 2985//5544 2957//5544
f  2980//5545 2989//5545 2968//5545
f  2965//5546 2964//5546 2990//5546
f  2986//5547 2977//5547 2962//5547
f  2985//5548 2978//5548 2957//5548
f  2968//5549 2989//5549 2969//5549
f  2991//5550 2985//5550 2982//5550
f  2970//5551 2960//5551 2988//5551
f  2988//5552 2974//5552 2971//5552
f  2989//5553 2966//5553 2969//5553
f  2947//5554 2976//5554 2951//5554
f  2936//5555 2953//5555 2942//5555
f  2991//5556 2978//5556 2985//5556
f  2992//5557 2978//5557 2991//5557
f  2974//5558 2993//5558 2964//5558
f  2994//5559 2963//5559 2995//5559
f  2996//5560 2978//5560 2992//5560
f  2997//5561 2963//5561 2994//5561
f  2935//5562 2978//5562 2996//5562
f  2977//5563 2954//5563 2976//5563
f  2969//5564 2998//5564 2953//5564
f  2966//5565 2998//5565 2969//5565
f  2963//5566 2999//5566 2995//5566
f  2980//5567 2972//5567 2989//5567
f  2990//5568 2993//5568 2934//5568
f  2964//5569 2993//5569 2990//5569
f  2986//5570 2952//5570 2977//5570
f  2976//5571 2954//5571 2951//5571
f  2984//5572 2955//5572 2986//5572
f  2952//5573 2954//5573 2977//5573
f  2988//5574 2979//5574 2974//5574
f  2972//5575 2973//5575 2989//5575
f  2955//5576 2952//5576 2986//5576
f  2960//5577 2958//5577 2988//5577
f  2953//5578 2998//5578 2942//5578
f  2979//5579 2993//5579 2974//5579
f  2987//5580 2981//5580 2984//5580
f  3000//5581 2981//5581 2987//5581
f  2968//5582 2955//5582 2984//5582
f  2963//5583 2967//5583 2999//5583
f  2958//5584 2979//5584 2988//5584
f  2941//5585 3001//5585 2932//5585
f  2993//5586 2933//5586 2934//5586
f  2981//5587 2968//5587 2984//5587
f  2951//5588 2954//5588 2940//5588
f  2999//5589 2967//5589 3001//5589
f  2967//5590 2976//5590 3001//5590
f  2979//5591 2933//5591 2993//5591
f  3001//5592 2976//5592 2932//5592
f  2958//5593 2957//5593 2979//5593
f  2973//5594 2975//5594 2989//5594
f  2989//5595 2975//5595 2966//5595
f  2960//5596 2956//5596 2958//5596
f  2961//5597 2963//5597 2997//5597
f  2966//5598 2965//5598 2998//5598
f  2975//5599 2964//5599 2966//5599
f  2981//5600 3002//5600 2980//5600
f  3003//5601 2961//5601 2997//5601
f  3002//5602 3004//5602 2980//5602
f  3004//5603 3005//5603 2980//5603
f  2980//5604 3005//5604 2972//5604
f  3006//5605 2959//5605 2960//5605
f  3005//5606 3007//5606 2972//5606
f  3007//5607 2970//5607 2972//5607
f  3008//5608 3009//5608 3010//5608
f  3010//5609 3009//5609 3011//5609
f  3003//5610 3008//5610 2961//5610
f  3012//5611 3013//5611 3014//5611
f  3015//5612 3014//5612 3013//5612
f  3016//5613 3017//5613 3018//5613
f  3018//5614 3017//5614 3019//5614
f  3006//5615 3016//5615 2959//5615
f  3020//5616 3021//5616 3022//5616
f  3022//5617 3021//5617 3023//5617
f  2994//5618 3024//5618 2997//5618
f  3007//5619 3025//5619 2970//5619
f  2970//5620 3025//5620 2960//5620
f  3024//5621 3026//5621 2997//5621
f  3025//5622 3020//5622 2960//5622
f  2960//5623 3020//5623 3022//5623
f  3027//5624 3020//5624 3025//5624
f  3026//5625 3015//5625 2997//5625
f  3022//5626 3006//5626 2960//5626
f  2997//5627 3015//5627 3013//5627
f  3028//5628 3015//5628 3026//5628
f  3013//5629 3003//5629 2997//5629
f  3016//5630 3018//5630 2959//5630
f  3008//5631 3010//5631 2961//5631
f  3018//5632 3029//5632 2959//5632
f  3010//5633 3030//5633 2961//5633
f  2959//5634 3029//5634 2983//5634
f  2961//5635 3030//5635 2987//5635
f  3030//5636 3031//5636 2987//5636
f  3029//5637 3032//5637 2983//5637
f  2987//5638 3031//5638 3000//5638
f  3031//5639 3033//5639 3000//5639
f  3000//5640 3033//5640 2981//5640
f  3033//5641 3034//5641 2981//5641
f  2981//5642 3034//5642 3002//5642
f  3034//5643 3004//5643 3002//5643
f  3035//5644 3028//5644 3026//5644
f  3036//5645 3037//5645 3032//5645
f  3036//5646 3032//5646 3029//5646
f  3038//5647 3026//5647 3024//5647
f  3038//5648 3035//5648 3026//5648
f  3039//5649 3038//5649 3024//5649
f  3036//5650 3018//5650 3040//5650
f  3036//5651 3029//5651 3018//5651
f  3041//5652 3036//5652 3040//5652
f  3042//5653 3039//5653 3024//5653
f  3043//5654 3040//5654 3018//5654
f  3038//5655 3039//5655 3044//5655
f  3043//5656 3018//5656 3045//5656
f  3046//5657 3038//5657 3044//5657
f  3047//5658 3043//5658 3045//5658
f  3041//5659 3048//5659 3036//5659
f  3049//5660 3050//5660 3051//5660
f  3050//5661 3052//5661 3051//5661
f  3052//5662 3053//5662 3054//5662
f  3053//5663 3055//5663 3054//5663
f  3056//5664 3057//5664 3004//5664
f  3057//5665 3058//5665 3005//5665
f  3047//5666 3045//5666 3027//5666
f  3059//5667 3036//5667 3048//5667
f  3059//5668 3048//5668 3047//5668
f  3059//5669 3047//5669 3027//5669
f  3059//5670 3027//5670 3025//5670
f  3060//5671 3059//5671 3025//5671
f  3060//5672 3025//5672 3007//5672
f  3061//5673 3060//5673 3007//5673
f  3062//5674 3061//5674 3007//5674
f  3063//5675 3060//5675 3061//5675
f  3049//5676 3060//5676 3063//5676
f  3064//5677 3062//5677 3007//5677
f  3058//5678 3007//5678 3005//5678
f  3058//5679 3064//5679 3007//5679
f  3051//5680 3060//5680 3049//5680
f  3057//5681 3005//5681 3004//5681
f  3054//5682 3051//5682 3052//5682
f  3065//5683 3004//5683 3034//5683
f  3056//5684 3004//5684 3065//5684
f  3066//5685 3065//5685 3034//5685
f  3067//5686 3066//5686 3034//5686
f  3067//5687 3034//5687 3033//5687
f  3068//5688 3054//5688 3055//5688
f  3068//5689 3055//5689 3069//5689
f  3068//5690 3033//5690 3031//5690
f  3068//5691 3067//5691 3033//5691
f  3068//5692 3069//5692 3067//5692
f  3070//5693 3068//5693 3031//5693
f  3070//5694 3031//5694 3030//5694
f  3070//5695 3030//5695 3010//5695
f  3035//5696 3070//5696 3010//5696
f  3035//5697 3010//5697 3028//5697
f  2747//5698 2741//5698 2743//5698
f  2741//5699 2740//5699 2743//5699
f  2740//5700 2734//5700 2743//5700
f  2734//5701 2724//5701 2743//5701
f  2743//5702 2724//5702 2738//5702
f  2742//5703 2736//5703 2745//5703
f  2736//5704 2727//5704 2745//5704
f  2745//5705 2727//5705 2584//5705
f  2584//5706 2575//5706 2581//5706
f  2579//5707 2575//5707 2584//5707
f  2581//5708 2575//5708 2583//5708
f  2583//5709 2575//5709 2582//5709
f  2575//5710 2574//5710 2582//5710
f  2727//5711 2579//5711 2584//5711
f  2611//5712 2607//5712 2610//5712
f  2610//5713 2607//5713 2606//5713
f  2607//5714 2593//5714 2606//5714
f  2606//5715 2593//5715 2605//5715
f  2605//5716 2719//5716 2733//5716
f  2592//5717 2719//5717 2605//5717
f  2733//5718 2719//5718 2731//5718
f  2593//5719 2592//5719 2605//5719
f  2665//5720 2662//5720 2667//5720
f  2662//5721 2655//5721 2667//5721
f  2702//5722 2692//5722 2699//5722
f  2704//5723 2692//5723 2702//5723
f  2680//5724 2679//5724 2691//5724
f  2691//5725 2679//5725 2690//5725
f  2692//5726 2693//5726 2699//5726
f  2699//5727 2680//5727 2691//5727
f  2693//5728 2680//5728 2699//5728
f  2562//5729 2559//5729 2560//5729
f  2559//5730 2548//5730 2560//5730
f  2560//5731 2548//5731 2558//5731
f  2548//5732 2545//5732 2558//5732
f  2544//5733 2534//5733 2535//5733
f  2558//5734 2534//5734 2544//5734
f  2545//5735 2534//5735 2558//5735
f  2599//5736 2596//5736 2615//5736
f  2615//5737 2598//5737 2601//5737
f  2596//5738 2598//5738 2615//5738
f  2598//5739 2589//5739 2601//5739
f  2601//5740 2578//5740 2588//5740
f  2588//5741 2577//5741 2586//5741
f  2578//5742 2577//5742 2588//5742
f  2589//5743 2578//5743 2601//5743
f  2577//5744 2580//5744 2586//5744
f  2707//5745 2706//5745 2708//5745
f  2708//5746 2697//5746 2710//5746
f  2706//5747 2697//5747 2708//5747
f  2686//5748 2678//5748 2694//5748
f  2697//5749 2698//5749 2710//5749
f  2694//5750 2678//5750 2682//5750
f  2710//5751 2686//5751 2694//5751
f  2698//5752 2686//5752 2710//5752
f  2663//5753 2642//5753 2664//5753
f  2664//5754 2642//5754 2661//5754
f  2661//5755 2642//5755 2659//5755
f  2636//5756 2638//5756 2650//5756
f  2650//5757 2757//5757 2649//5757
f  2638//5758 2757//5758 2650//5758
f  2659//5759 2636//5759 2650//5759
f  2649//5760 2757//5760 2756//5760
f  2642//5761 2636//5761 2659//5761
f  2556//5762 2550//5762 2555//5762
f  2555//5763 2541//5763 2553//5763
f  2550//5764 2541//5764 2555//5764
f  2533//5765 2527//5765 2537//5765
f  2541//5766 2540//5766 2553//5766
f  2537//5767 2527//5767 2532//5767
f  2553//5768 2540//5768 2537//5768
f  2540//5769 2533//5769 2537//5769
f  2511//5770 2497//5770 2509//5770
f  2509//5771 2497//5771 2510//5771
f  2510//5772 2497//5772 2506//5772
f  2625//5773 2624//5773 2507//5773
f  2507//5774 2624//5774 2626//5774
f  2506//5775 2625//5775 2507//5775
f  2626//5776 2624//5776 2622//5776
f  2497//5777 2625//5777 2506//5777
f  2515//5778 2500//5778 2518//5778
f  2500//5779 2493//5779 2518//5779
f  2518//5780 2493//5780 2512//5780
f  2495//5781 2628//5781 2491//5781
f  2491//5782 2623//5782 2492//5782
f  2628//5783 2623//5783 2491//5783
f  2492//5784 2623//5784 2629//5784
f  2512//5785 2495//5785 2491//5785
f  2623//5786 2627//5786 2629//5786
f  2493//5787 2495//5787 2512//5787
f  2773//5788 3071//5788 3072//5788
f  2772//5789 2773//5789 3072//5789
f  2772//5790 3072//5790 3073//5790
f  2778//5791 2780//5791 2792//5791
f  2771//5792 2772//5792 3073//5792
f  2778//5793 2792//5793 3074//5793
f  2777//5794 2778//5794 3074//5794
f  2777//5795 3074//5795 3075//5795
f  2771//5796 3073//5796 3076//5796
f  2774//5797 2771//5797 3076//5797
f  2775//5798 3075//5798 3077//5798
f  2775//5799 2777//5799 3075//5799
f  2774//5800 3076//5800 2785//5800
f  2773//5801 3077//5801 3071//5801
f  2773//5802 2775//5802 3077//5802
f  3078//5803 3079//5803 3080//5803
f  3079//5804 3073//5804 3071//5804
f  3071//5805 3073//5805 3072//5805
f  3081//5806 3082//5806 3083//5806
f  3084//5807 3085//5807 2800//5807
f  3086//5808 3078//5808 3080//5808
f  2786//5809 2785//5809 2827//5809
f  3082//5810 3087//5810 3083//5810
f  3088//5811 3084//5811 3089//5811
f  3085//5812 3074//5812 2800//5812
f  3090//5813 3088//5813 3089//5813
f  2800//5814 3074//5814 2792//5814
f  3091//5815 3082//5815 3081//5815
f  3082//5816 3092//5816 3087//5816
f  3078//5817 3093//5817 3079//5817
f  3088//5818 3085//5818 3084//5818
f  3091//5819 3094//5819 3082//5819
f  3086//5820 3095//5820 3078//5820
f  3092//5821 3077//5821 3087//5821
f  3093//5822 3073//5822 3079//5822
f  3095//5823 3093//5823 3078//5823
f  3094//5824 3096//5824 3082//5824
f  3082//5825 3096//5825 3092//5825
f  3097//5826 3098//5826 3086//5826
f  3090//5827 3099//5827 3088//5827
f  3096//5828 3071//5828 3092//5828
f  3088//5829 3100//5829 3085//5829
f  3098//5830 3095//5830 3086//5830
f  3092//5831 3071//5831 3077//5831
f  3101//5832 3098//5832 3097//5832
f  2836//5833 2831//5833 2826//5833
f  3100//5834 3075//5834 3085//5834
f  3085//5835 3075//5835 3074//5835
f  3099//5836 3100//5836 3088//5836
f  3095//5837 3076//5837 3093//5837
f  3076//5838 3073//5838 3093//5838
f  3090//5839 3083//5839 3099//5839
f  3102//5840 3080//5840 3091//5840
f  2831//5841 3084//5841 2802//5841
f  3091//5842 3080//5842 3094//5842
f  3099//5843 3087//5843 3100//5843
f  3098//5844 3103//5844 3095//5844
f  2836//5845 3089//5845 2831//5845
f  3104//5846 3083//5846 3090//5846
f  3103//5847 2785//5847 3095//5847
f  3094//5848 3080//5848 3096//5848
f  3089//5849 3084//5849 2831//5849
f  3095//5850 2785//5850 3076//5850
f  3080//5851 3079//5851 3096//5851
f  3084//5852 2800//5852 2802//5852
f  2823//5853 2825//5853 3101//5853
f  3101//5854 2825//5854 3098//5854
f  3087//5855 3075//5855 3100//5855
f  3083//5856 3087//5856 3099//5856
f  3098//5857 2825//5857 3103//5857
f  3079//5858 3071//5858 3096//5858
f  3097//5859 3086//5859 3102//5859
f  3081//5860 3083//5860 3104//5860
f  2825//5861 2827//5861 3103//5861
f  3087//5862 3077//5862 3075//5862
f  3105//5863 3090//5863 2836//5863
f  3102//5864 3086//5864 3080//5864
f  3103//5865 2827//5865 2785//5865
f  3090//5866 3089//5866 2836//5866
f  3106//5867 3081//5867 3107//5867
f  3106//5868 3091//5868 3081//5868
f  3108//5869 2836//5869 2832//5869
f  3109//5870 3102//5870 3106//5870
f  3106//5871 3102//5871 3091//5871
f  3108//5872 3105//5872 2836//5872
f  3109//5873 3097//5873 3102//5873
f  3110//5874 3105//5874 3108//5874
f  3110//5875 3090//5875 3105//5875
f  3111//5876 3101//5876 3109//5876
f  3109//5877 3101//5877 3097//5877
f  3112//5878 3090//5878 3110//5878
f  3113//5879 3101//5879 3111//5879
f  3113//5880 2823//5880 3101//5880
f  3112//5881 3104//5881 3090//5881
f  3107//5882 3104//5882 3112//5882
f  2822//5883 2823//5883 2839//5883
f  2839//5884 2823//5884 3113//5884
f  3107//5885 3081//5885 3104//5885
f  3114//5886 3115//5886 3116//5886
f  3117//5887 3115//5887 3114//5887
f  3118//5888 3119//5888 3120//5888
f  2879//5889 3121//5889 3117//5889
f  3122//5890 3121//5890 2879//5890
f  3119//5891 3123//5891 3120//5891
f  3124//5892 3125//5892 3126//5892
f  3115//5893 3108//5893 3116//5893
f  3127//5894 3128//5894 3129//5894
f  3130//5895 3131//5895 3132//5895
f  3131//5896 3133//5896 3132//5896
f  3123//5897 3128//5897 3127//5897
f  3119//5898 3134//5898 3123//5898
f  3128//5899 3109//5899 3129//5899
f  3132//5900 3133//5900 3124//5900
f  3121//5901 3115//5901 3117//5901
f  3134//5902 3128//5902 3123//5902
f  3124//5903 3135//5903 3125//5903
f  3133//5904 3135//5904 3124//5904
f  3115//5905 3110//5905 3108//5905
f  3136//5906 3119//5906 3118//5906
f  3135//5907 3106//5907 3125//5907
f  3125//5908 3106//5908 3107//5908
f  3128//5909 3111//5909 3109//5909
f  3122//5910 3137//5910 3121//5910
f  3134//5911 3138//5911 3128//5911
f  3119//5912 3139//5912 3134//5912
f  3121//5913 3137//5913 3115//5913
f  3131//5914 3140//5914 3133//5914
f  3138//5915 3111//5915 3128//5915
f  3137//5916 3110//5916 3115//5916
f  2879//5917 3114//5917 2847//5917
f  3139//5918 3141//5918 3134//5918
f  3114//5919 2845//5919 2847//5919
f  3142//5920 3132//5920 3143//5920
f  3136//5921 3139//5921 3119//5921
f  3140//5922 3129//5922 3133//5922
f  3133//5923 3129//5923 3135//5923
f  3143//5924 3132//5924 3122//5924
f  3141//5925 3138//5925 3134//5925
f  3120//5926 3123//5926 3131//5926
f  3132//5927 3126//5927 3122//5927
f  3138//5928 3113//5928 3111//5928
f  3129//5929 3106//5929 3135//5929
f  3144//5930 2879//5930 2878//5930
f  3123//5931 3140//5931 3131//5931
f  3122//5932 3126//5932 3137//5932
f  2879//5933 3117//5933 3114//5933
f  3137//5934 3112//5934 3110//5934
f  3126//5935 3125//5935 3137//5935
f  3142//5936 3130//5936 3132//5936
f  3136//5937 2885//5937 3139//5937
f  3123//5938 3127//5938 3140//5938
f  3127//5939 3129//5939 3140//5939
f  3114//5940 3116//5940 2845//5940
f  3139//5941 2874//5941 3141//5941
f  3125//5942 3112//5942 3137//5942
f  3132//5943 3124//5943 3126//5943
f  2845//5944 3108//5944 2832//5944
f  3116//5945 3108//5945 2845//5945
f  2874//5946 2875//5946 3141//5946
f  3129//5947 3109//5947 3106//5947
f  3141//5948 2875//5948 3138//5948
f  2872//5949 2874//5949 2885//5949
f  2885//5950 2874//5950 3139//5950
f  3125//5951 3107//5951 3112//5951
f  3144//5952 3143//5952 2879//5952
f  3138//5953 2839//5953 3113//5953
f  2875//5954 2839//5954 3138//5954
f  3143//5955 3122//5955 2879//5955
f  2875//5956 2874//5956 2873//5956
f  3145//5957 3130//5957 3142//5957
f  3146//5958 3130//5958 3145//5958
f  3146//5959 3131//5959 3130//5959
f  3147//5960 3131//5960 3146//5960
f  3147//5961 3120//5961 3131//5961
f  3148//5962 3120//5962 3147//5962
f  2891//5963 3144//5963 2878//5963
f  3149//5964 3144//5964 2891//5964
f  3148//5965 3118//5965 3120//5965
f  3150//5966 3118//5966 3148//5966
f  3151//5967 3143//5967 3149//5967
f  3149//5968 3143//5968 3144//5968
f  3150//5969 3136//5969 3118//5969
f  2884//5970 3136//5970 3150//5970
f  3145//5971 3142//5971 3151//5971
f  3151//5972 3142//5972 3143//5972
f  2884//5973 2885//5973 3136//5973
f  2891//5974 3152//5974 3149//5974
f  3153//5975 3154//5975 3155//5975
f  2943//5976 3156//5976 3157//5976
f  3158//5977 2929//5977 3159//5977
f  3157//5978 3160//5978 3153//5978
f  2925//5979 3161//5979 2928//5979
f  3162//5980 3163//5980 3164//5980
f  2949//5981 3165//5981 3166//5981
f  2950//5982 3165//5982 2949//5982
f  3166//5983 3167//5983 3162//5983
f  3154//5984 3145//5984 3155//5984
f  3168//5985 3169//5985 3170//5985
f  2925//5986 3158//5986 3161//5986
f  3171//5987 3168//5987 3172//5987
f  2926//5988 3158//5988 2925//5988
f  2929//5989 2884//5989 3159//5989
f  3147//5990 3163//5990 3148//5990
f  3169//5991 3173//5991 3170//5991
f  3167//5992 3163//5992 3162//5992
f  2926//5993 2929//5993 3158//5993
f  3170//5994 3173//5994 3152//5994
f  3171//5995 3174//5995 3168//5995
f  3152//5996 3173//5996 3149//5996
f  3174//5997 3169//5997 3168//5997
f  3165//5998 3167//5998 3166//5998
f  3167//5999 3148//5999 3163//5999
f  3145//6000 3154//6000 3146//6000
f  3160//6001 3175//6001 3153//6001
f  2945//6002 3176//6002 2943//6002
f  2943//6003 3176//6003 3156//6003
f  3157//6004 3175//6004 3160//6004
f  3156//6005 3175//6005 3157//6005
f  3165//6006 3177//6006 3167//6006
f  3175//6007 3154//6007 3153//6007
f  3173//6008 3151//6008 3149//6008
f  3174//6009 3155//6009 3169//6009
f  3169//6010 3155//6010 3173//6010
f  3175//6011 3146//6011 3154//6011
f  3178//6012 3179//6012 3171//6012
f  2938//6013 3165//6013 2950//6013
f  3179//6014 3174//6014 3171//6014
f  2931//6015 3180//6015 2930//6015
f  2945//6016 3166//6016 3176//6016
f  3176//6017 3175//6017 3156//6017
f  3177//6018 3159//6018 3167//6018
f  2930//6019 3180//6019 2892//6019
f  3167//6020 3159//6020 3148//6020
f  2938//6021 3161//6021 3165//6021
f  3180//6022 2914//6022 2892//6022
f  3179//6023 3157//6023 3174//6023
f  3159//6024 3150//6024 3148//6024
f  3157//6025 3181//6025 3174//6025
f  3176//6026 3162//6026 3175//6026
f  3181//6027 3155//6027 3174//6027
f  3182//6028 3172//6028 2931//6028
f  3164//6029 3146//6029 3175//6029
f  3172//6030 3180//6030 2931//6030
f  3162//6031 3164//6031 3175//6031
f  3161//6032 3158//6032 3165//6032
f  2949//6033 3166//6033 2945//6033
f  3155//6034 3145//6034 3173//6034
f  3165//6035 3158//6035 3177//6035
f  3170//6036 2914//6036 3180//6036
f  3158//6037 3159//6037 3177//6037
f  3166//6038 3162//6038 3176//6038
f  2914//6039 3152//6039 2891//6039
f  3181//6040 3153//6040 3155//6040
f  3168//6041 3170//6041 3180//6041
f  3173//6042 3145//6042 3151//6042
f  3150//6043 3159//6043 2884//6043
f  3164//6044 3163//6044 3146//6044
f  3172//6045 3168//6045 3180//6045
f  3146//6046 3163//6046 3147//6046
f  2943//6047 3157//6047 3179//6047
f  2928//6048 3161//6048 2938//6048
f  3157//6049 3153//6049 3181//6049
f  3170//6050 3152//6050 2914//6050
f  2946//6051 2949//6051 2945//6051
f  3183//6052 3172//6052 3182//6052
f  2935//6053 2924//6053 2933//6053
f  3184//6054 3185//6054 3179//6054
f  3185//6055 2943//6055 3179//6055
f  2944//6056 2943//6056 3185//6056
f  2996//6057 2931//6057 2935//6057
f  2931//6058 2996//6058 3182//6058
f  2917//6059 2942//6059 2916//6059
f  2996//6060 3183//6060 3182//6060
f  2942//6061 2998//6061 2916//6061
f  3183//6062 3186//6062 3172//6062
f  2998//6063 2965//6063 2916//6063
f  2916//6064 2965//6064 2901//6064
f  3172//6065 3186//6065 3171//6065
f  2990//6066 2901//6066 2965//6066
f  3186//6067 3187//6067 3171//6067
f  2934//6068 2901//6068 2990//6068
f  2901//6069 2934//6069 2902//6069
f  3187//6070 3178//6070 3171//6070
f  3184//6071 3178//6071 3187//6071
f  3178//6072 3184//6072 3179//6072
f  3188//6073 3189//6073 3190//6073
f  3191//6074 2946//6074 2944//6074
f  3192//6075 3184//6075 3193//6075
f  3194//6076 3195//6076 2992//6076
f  3196//6077 2937//6077 2939//6077
f  3197//6078 3198//6078 3199//6078
f  3199//6079 3198//6079 3200//6079
f  3192//6080 3185//6080 3184//6080
f  3198//6081 3201//6081 3200//6081
f  3202//6082 3203//6082 3204//6082
f  3189//6083 3205//6083 3206//6083
f  3207//6084 3208//6084 3209//6084
f  3210//6085 2994//6085 3211//6085
f  3204//6086 3203//6086 3191//6086
f  2992//6087 3195//6087 3186//6087
f  3208//6088 3196//6088 3209//6088
f  3200//6089 3201//6089 3192//6089
f  2994//6090 2995//6090 3211//6090
f  3201//6091 3212//6091 3192//6091
f  3206//6092 3205//6092 3194//6092
f  3212//6093 3185//6093 3192//6093
f  3211//6094 2995//6094 3207//6094
f  3203//6095 3213//6095 3191//6095
f  3205//6096 3195//6096 3194//6096
f  3214//6097 3202//6097 3215//6097
f  3213//6098 2946//6098 3191//6098
f  3188//6099 3199//6099 3189//6099
f  3186//6100 3195//6100 3187//6100
f  3189//6101 3216//6101 3205//6101
f  2946//6102 3213//6102 2948//6102
f  2995//6103 2999//6103 3207//6103
f  3216//6104 3193//6104 3205//6104
f  2999//6105 3208//6105 3207//6105
f  3201//6106 3217//6106 3212//6106
f  2944//6107 3185//6107 3212//6107
f  3001//6108 3208//6108 2999//6108
f  3218//6109 3213//6109 3203//6109
f  3219//6110 3220//6110 2983//6110
f  3202//6111 3221//6111 3203//6111
f  3199//6112 3216//6112 3189//6112
f  2937//6113 3001//6113 2941//6113
f  2983//6114 3220//6114 2982//6114
f  3208//6115 3001//6115 3196//6115
f  3196//6116 3001//6116 2937//6116
f  3205//6117 3193//6117 3195//6117
f  3221//6118 3218//6118 3203//6118
f  3220//6119 2991//6119 2982//6119
f  3217//6120 2944//6120 3212//6120
f  3193//6121 3187//6121 3195//6121
f  3198//6122 3222//6122 3201//6122
f  3200//6123 3216//6123 3199//6123
f  2996//6124 2992//6124 3183//6124
f  3197//6125 3222//6125 3198//6125
f  3214//6126 3221//6126 3202//6126
f  3222//6127 3217//6127 3201//6127
f  3213//6128 2939//6128 2948//6128
f  3219//6129 3190//6129 3220//6129
f  3218//6130 3196//6130 3213//6130
f  3220//6131 3206//6131 2991//6131
f  3221//6132 3209//6132 3218//6132
f  3191//6133 2944//6133 3217//6133
f  3196//6134 2939//6134 3213//6134
f  3206//6135 3194//6135 2991//6135
f  3197//6136 3204//6136 3222//6136
f  3200//6137 3193//6137 3216//6137
f  3209//6138 3196//6138 3218//6138
f  3223//6139 3202//6139 3197//6139
f  3194//6140 2992//6140 2991//6140
f  3183//6141 2992//6141 3186//6141
f  3207//6142 3209//6142 3221//6142
f  3214//6143 3211//6143 3221//6143
f  3204//6144 3191//6144 3222//6144
f  3222//6145 3191//6145 3217//6145
f  3202//6146 3204//6146 3197//6146
f  3200//6147 3192//6147 3193//6147
f  3190//6148 3189//6148 3220//6148
f  3193//6149 3184//6149 3187//6149
f  3211//6150 3207//6150 3221//6150
f  3215//6151 3202//6151 3223//6151
f  3189//6152 3206//6152 3220//6152
f  3224//6153 3197//6153 3199//6153
f  3225//6154 3226//6154 3197//6154
f  3197//6155 3227//6155 3223//6155
f  3228//6156 3229//6156 3227//6156
f  3227//6157 3229//6157 3223//6157
f  3223//6158 3229//6158 3215//6158
f  3229//6159 3230//6159 3215//6159
f  3227//6160 3231//6160 3228//6160
f  3228//6161 3231//6161 3232//6161
f  3226//6162 3227//6162 3197//6162
f  3233//6163 3225//6163 3234//6163
f  3235//6164 3234//6164 3225//6164
f  2983//6165 3032//6165 3219//6165
f  3215//6166 3230//6166 3214//6166
f  3230//6167 3236//6167 3214//6167
f  3032//6168 3237//6168 3219//6168
f  3237//6169 3238//6169 3219//6169
f  3214//6170 3236//6170 3239//6170
f  3219//6171 3238//6171 3190//6171
f  3214//6172 3239//6172 3211//6172
f  3238//6173 3240//6173 3190//6173
f  3239//6174 3241//6174 3211//6174
f  3190//6175 3240//6175 3188//6175
f  3241//6176 3210//6176 3211//6176
f  3241//6177 3242//6177 3210//6177
f  3240//6178 3243//6178 3188//6178
f  3243//6179 3244//6179 3188//6179
f  3242//6180 3245//6180 3210//6180
f  3188//6181 3244//6181 3199//6181
f  3243//6182 3246//6182 3244//6182
f  3210//6183 3245//6183 2994//6183
f  3244//6184 3246//6184 3199//6184
f  3245//6185 3024//6185 2994//6185
f  3199//6186 3246//6186 3224//6186
f  3246//6187 3247//6187 3224//6187
f  3247//6188 3225//6188 3224//6188
f  3224//6189 3225//6189 3197//6189
f  3247//6190 3235//6190 3225//6190
f  3248//6191 3243//6191 3240//6191
f  3249//6192 3042//6192 3024//6192
f  3248//6193 3240//6193 3238//6193
f  3250//6194 3046//6194 3044//6194
f  3251//6195 3238//6195 3252//6195
f  3245//6196 3249//6196 3024//6196
f  3253//6197 3249//6197 3245//6197
f  3254//6198 3252//6198 3238//6198
f  3255//6199 3254//6199 3238//6199
f  3253//6200 3245//6200 3242//6200
f  3256//6201 3242//6201 3241//6201
f  3257//6202 3046//6202 3258//6202
f  3256//6203 3241//6203 3239//6203
f  3255//6204 3238//6204 3237//6204
f  3259//6205 3239//6205 3260//6205
f  3260//6206 3239//6206 3236//6206
f  3037//6207 3255//6207 3237//6207
f  3037//6208 3261//6208 3262//6208
f  3037//6209 3262//6209 3263//6209
f  3037//6210 3263//6210 3255//6210
f  3037//6211 3237//6211 3032//6211
f  3250//6212 3258//6212 3046//6212
f  3258//6213 3264//6213 3257//6213
f  3264//6214 3265//6214 3257//6214
f  3259//6215 3256//6215 3239//6215
f  3256//6216 3253//6216 3242//6216
f  3266//6217 3267//6217 3268//6217
f  3267//6218 3269//6218 3268//6218
f  3269//6219 3270//6219 3268//6219
f  3270//6220 3261//6220 3268//6220
f  3270//6221 3262//6221 3261//6221
f  3251//6222 3248//6222 3238//6222
f  3248//6223 3271//6223 3243//6223
f  3271//6224 3272//6224 3246//6224
f  3273//6225 3260//6225 3236//6225
f  3274//6226 3257//6226 3265//6226
f  3230//6227 3273//6227 3236//6227
f  3274//6228 3265//6228 3275//6228
f  3274//6229 3273//6229 3230//6229
f  3274//6230 3275//6230 3273//6230
f  3274//6231 3230//6231 3229//6231
f  3276//6232 3229//6232 3228//6232
f  3276//6233 3274//6233 3229//6233
f  3276//6234 3228//6234 3277//6234
f  3276//6235 3277//6235 3235//6235
f  3278//6236 3276//6236 3235//6236
f  3278//6237 3235//6237 3247//6237
f  3279//6238 3280//6238 3246//6238
f  3278//6239 3247//6239 3246//6239
f  3278//6240 3246//6240 3280//6240
f  3281//6241 3278//6241 3280//6241
f  3282//6242 3279//6242 3246//6242
f  3268//6243 3278//6243 3281//6243
f  3268//6244 3281//6244 3266//6244
f  3272//6245 3282//6245 3246//6245
f  3271//6246 3246//6246 3243//6246
f  3020//6247 3027//6247 3021//6247
f  3283//6248 3284//6248 3063//6248
f  3061//6249 3283//6249 3063//6249
f  3061//6250 3062//6250 3285//6250
f  3061//6251 3285//6251 3283//6251
f  3062//6252 3064//6252 3285//6252
f  3286//6253 3064//6253 3058//6253
f  3065//6254 3287//6254 3056//6254
f  3067//6255 3288//6255 3066//6255
f  3067//6256 3069//6256 3289//6256
f  3288//6257 3067//6257 3289//6257
f  3290//6258 3069//6258 3055//6258
f  3290//6259 3289//6259 3069//6259
f  3050//6260 3049//6260 3291//6260
f  3292//6261 3050//6261 3291//6261
f  3292//6262 3052//6262 3050//6262
f  3063//6263 3291//6263 3049//6263
f  3284//6264 3291//6264 3063//6264
f  3279//6265 3282//6265 3293//6265
f  3294//6266 3282//6266 3272//6266
f  3254//6267 3255//6267 3295//6267
f  3255//6268 3263//6268 3296//6268
f  3295//6269 3255//6269 3296//6269
f  3297//6270 3263//6270 3262//6270
f  3297//6271 3296//6271 3263//6271
f  3262//6272 3270//6272 3298//6272
f  3298//6273 3297//6273 3262//6273
f  3299//6274 3267//6274 3266//6274
f  3299//6275 3269//6275 3267//6275
f  3298//6276 3270//6276 3269//6276
f  3281//6277 3300//6277 3266//6277
f  3280//6278 3301//6278 3300//6278
f  3280//6279 3300//6279 3281//6279
f  3280//6280 3293//6280 3301//6280
f  3280//6281 3279//6281 3293//6281
f  3042//6282 3249//6282 3302//6282
f  3303//6283 3249//6283 3253//6283
f  3304//6284 3259//6284 3260//6284
f  3304//6285 3260//6285 3305//6285
f  3260//6286 3273//6286 3305//6286
f  3273//6287 3275//6287 3306//6287
f  3305//6288 3273//6288 3306//6288
f  3307//6289 3275//6289 3265//6289
f  3307//6290 3306//6290 3275//6290
f  3265//6291 3264//6291 3308//6291
f  3308//6292 3307//6292 3265//6292
f  3309//6293 3250//6293 3310//6293
f  3309//6294 3258//6294 3250//6294
f  3258//6295 3309//6295 3308//6295
f  3308//6296 3264//6296 3258//6296
f  3311//6297 3250//6297 3044//6297
f  3311//6298 3310//6298 3250//6298
f  3312//6299 3311//6299 3044//6299
f  3039//6300 3312//6300 3044//6300
f  3042//6301 3302//6301 3312//6301
f  3039//6302 3042//6302 3312//6302
f  3313//6303 3314//6303 3315//6303
f  3036//6304 3315//6304 3316//6304
f  3036//6305 3313//6305 3315//6305
f  3317//6306 3257//6306 3274//6306
f  3059//6307 3313//6307 3036//6307
f  3060//6308 3318//6308 3319//6308
f  3320//6309 3317//6309 3274//6309
f  3060//6310 3051//6310 3318//6310
f  3059//6311 3319//6311 3313//6311
f  3321//6312 3320//6312 3274//6312
f  3059//6313 3060//6313 3319//6313
f  3322//6314 3257//6314 3317//6314
f  3323//6315 3321//6315 3274//6315
f  3322//6316 3046//6316 3257//6316
f  3323//6317 3274//6317 3276//6317
f  3324//6318 3320//6318 3321//6318
f  3325//6319 3324//6319 3321//6319
f  3326//6320 3046//6320 3322//6320
f  3327//6321 3323//6321 3276//6321
f  3326//6322 3038//6322 3046//6322
f  3327//6323 3276//6323 3278//6323
f  3328//6324 3327//6324 3278//6324
f  3329//6325 3035//6325 3038//6325
f  3329//6326 3326//6326 3330//6326
f  3329//6327 3038//6327 3326//6327
f  3329//6328 3330//6328 3331//6328
f  3332//6329 3035//6329 3329//6329
f  3268//6330 3328//6330 3278//6330
f  3333//6331 3328//6331 3268//6331
f  3070//6332 3035//6332 3332//6332
f  3334//6333 3070//6333 3332//6333
f  3335//6334 3333//6334 3268//6334
f  3261//6335 3335//6335 3268//6335
f  3336//6336 3070//6336 3334//6336
f  3068//6337 3070//6337 3336//6337
f  3261//6338 3337//6338 3335//6338
f  3054//6339 3068//6339 3336//6339
f  3054//6340 3336//6340 3338//6340
f  3037//6341 3337//6341 3261//6341
f  3036//6342 3337//6342 3037//6342
f  3036//6343 3316//6343 3337//6343
f  3051//6344 3054//6344 3338//6344
f  3051//6345 3338//6345 3318//6345
f  3047//6346 3048//6346 3339//6346
f  3048//6347 3340//6347 3339//6347
f  3340//6348 3048//6348 3041//6348
f  3341//6349 3340//6349 3040//6349
f  3340//6350 3041//6350 3040//6350
f  3043//6351 3341//6351 3040//6351
f  3043//6352 3339//6352 3341//6352
f  3047//6353 3339//6353 3043//6353
f  3277//6354 3234//6354 3235//6354
f  3277//6355 3232//6355 3234//6355
f  3232//6356 3233//6356 3234//6356
f  3277//6357 3228//6357 3232//6357
f  3232//6358 3231//6358 3233//6358
f  3227//6359 3226//6359 3231//6359
f  3233//6360 3226//6360 3225//6360
f  3231//6361 3226//6361 3233//6361
f  3022//6362 3023//6362 3006//6362
f  3023//6363 3017//6363 3006//6363
f  3023//6364 3021//6364 3017//6364
f  3017//6365 3016//6365 3006//6365
f  3021//6366 3019//6366 3017//6366
f  3019//6367 3045//6367 3018//6367
f  3027//6368 3045//6368 3021//6368
f  3021//6369 3045//6369 3019//6369
f  3013//6370 3012//6370 3003//6370
f  3012//6371 3009//6371 3003//6371
f  3009//6372 3008//6372 3003//6372
f  3014//6373 3011//6373 3012//6373
f  3012//6374 3011//6374 3009//6374
f  3011//6375 3028//6375 3010//6375
f  3015//6376 3028//6376 3014//6376
f  3014//6377 3028//6377 3011//6377
f  3342//6378 3284//6378 3343//6378
f  3343//6379 3284//6379 3283//6379
f  3344//6380 3343//6380 3285//6380
f  3285//6381 3343//6381 3283//6381
f  3064//6382 3344//6382 3285//6382
f  3064//6383 3345//6383 3344//6383
f  3064//6384 3286//6384 3345//6384
f  3345//6385 3346//6385 3347//6385
f  3286//6386 3346//6386 3345//6386
f  3346//6387 3286//6387 3058//6387
f  3056//6388 3348//6388 3349//6388
f  3057//6389 3056//6389 3349//6389
f  3058//6390 3349//6390 3346//6390
f  3058//6391 3057//6391 3349//6391
f  3348//6392 3056//6392 3287//6392
f  3350//6393 3351//6393 3065//6393
f  3352//6394 3348//6394 3351//6394
f  3351//6395 3287//6395 3065//6395
f  3348//6396 3287//6396 3351//6396
f  3353//6397 3350//6397 3066//6397
f  3066//6398 3350//6398 3065//6398
f  3288//6399 3353//6399 3066//6399
f  3288//6400 3289//6400 3353//6400
f  3289//6401 3354//6401 3353//6401
f  3289//6402 3290//6402 3354//6402
f  3290//6403 3055//6403 3354//6403
f  3354//6404 3055//6404 3355//6404
f  3055//6405 3053//6405 3355//6405
f  3053//6406 3052//6406 3355//6406
f  3052//6407 3292//6407 3355//6407
f  3355//6408 3291//6408 3342//6408
f  3292//6409 3291//6409 3355//6409
f  3291//6410 3284//6410 3342//6410
f  3282//6411 3356//6411 3293//6411
f  3356//6412 3357//6412 3293//6412
f  3282//6413 3358//6413 3356//6413
f  3282//6414 3294//6414 3358//6414
f  3358//6415 3359//6415 3360//6415
f  3294//6416 3359//6416 3358//6416
f  3359//6417 3294//6417 3272//6417
f  3251//6418 3361//6418 3362//6418
f  3248//6419 3251//6419 3362//6419
f  3271//6420 3248//6420 3362//6420
f  3272//6421 3362//6421 3359//6421
f  3272//6422 3271//6422 3362//6422
f  3363//6423 3364//6423 3252//6423
f  3365//6424 3361//6424 3364//6424
f  3364//6425 3251//6425 3252//6425
f  3361//6426 3251//6426 3364//6426
f  3254//6427 3366//6427 3252//6427
f  3366//6428 3363//6428 3252//6428
f  3367//6429 3366//6429 3295//6429
f  3295//6430 3366//6430 3254//6430
f  3295//6431 3296//6431 3367//6431
f  3296//6432 3368//6432 3367//6432
f  3296//6433 3297//6433 3368//6433
f  3369//6434 3370//6434 3266//6434
f  3370//6435 3299//6435 3266//6435
f  3370//6436 3269//6436 3299//6436
f  3370//6437 3298//6437 3269//6437
f  3368//6438 3297//6438 3370//6438
f  3370//6439 3297//6439 3298//6439
f  3266//6440 3300//6440 3369//6440
f  3369//6441 3300//6441 3357//6441
f  3357//6442 3300//6442 3301//6442
f  3293//6443 3357//6443 3301//6443
f  3249//6444 3371//6444 3302//6444
f  3371//6445 3372//6445 3302//6445
f  3249//6446 3373//6446 3371//6446
f  3249//6447 3303//6447 3373//6447
f  3303//6448 3374//6448 3373//6448
f  3303//6449 3375//6449 3374//6449
f  3375//6450 3376//6450 3374//6450
f  3375//6451 3303//6451 3253//6451
f  3256//6452 3259//6452 3377//6452
f  3256//6453 3377//6453 3378//6453
f  3253//6454 3256//6454 3378//6454
f  3253//6455 3378//6455 3375//6455
f  3379//6456 3380//6456 3304//6456
f  3381//6457 3377//6457 3380//6457
f  3380//6458 3259//6458 3304//6458
f  3377//6459 3259//6459 3380//6459
f  3305//6460 3382//6460 3304//6460
f  3382//6461 3379//6461 3304//6461
f  3305//6462 3306//6462 3382//6462
f  3306//6463 3383//6463 3382//6463
f  3306//6464 3307//6464 3383//6464
f  3308//6465 3384//6465 3307//6465
f  3307//6466 3384//6466 3383//6466
f  3309//6467 3384//6467 3308//6467
f  3310//6468 3384//6468 3309//6468
f  3310//6469 3385//6469 3384//6469
f  3310//6470 3311//6470 3385//6470
f  3372//6471 3326//6471 3385//6471
f  3385//6472 3311//6472 3372//6472
f  3372//6473 3311//6473 3312//6473
f  3302//6474 3372//6474 3312//6474
f  3315//6475 3386//6475 3316//6475
f  3387//6476 3314//6476 3313//6476
f  3340//6477 3341//6477 3339//6477
f  3329//6478 3388//6478 3332//6478
f  3388//6479 3389//6479 3332//6479
f  3355//6480 3342//6480 3318//6480
f  3342//6481 3319//6481 3318//6481
f  3332//6482 3389//6482 3334//6482
f  3389//6483 3390//6483 3334//6483
f  3390//6484 3391//6484 3334//6484
f  3334//6485 3391//6485 3336//6485
f  3391//6486 3392//6486 3336//6486
f  3392//6487 3393//6487 3336//6487
f  3336//6488 3353//6488 3354//6488
f  3393//6489 3353//6489 3336//6489
f  3342//6490 3343//6490 3319//6490
f  3343//6491 3394//6491 3319//6491
f  3319//6492 3394//6492 3313//6492
f  3354//6493 3338//6493 3336//6493
f  3354//6494 3355//6494 3338//6494
f  3394//6495 3395//6495 3313//6495
f  3355//6496 3318//6496 3338//6496
f  3344//6497 3396//6497 3397//6497
f  3345//6498 3396//6498 3344//6498
f  3397//6499 3398//6499 3399//6499
f  3396//6500 3398//6500 3397//6500
f  3398//6501 3400//6501 3399//6501
f  3399//6502 3400//6502 3401//6502
f  3401//6503 3402//6503 3403//6503
f  3400//6504 3402//6504 3401//6504
f  3403//6505 3351//6505 3350//6505
f  3402//6506 3351//6506 3403//6506
f  3356//6507 3358//6507 3404//6507
f  3358//6508 3405//6508 3404//6508
f  3404//6509 3406//6509 3407//6509
f  3405//6510 3406//6510 3404//6510
f  3406//6511 3408//6511 3407//6511
f  3407//6512 3408//6512 3409//6512
f  3409//6513 3410//6513 3411//6513
f  3408//6514 3410//6514 3409//6514
f  3411//6515 3364//6515 3363//6515
f  3410//6516 3364//6516 3411//6516
f  3370//6517 3369//6517 3333//6517
f  3369//6518 3328//6518 3333//6518
f  3316//6519 3412//6519 3337//6519
f  3412//6520 3413//6520 3337//6520
f  3357//6521 3414//6521 3369//6521
f  3413//6522 3367//6522 3337//6522
f  3337//6523 3367//6523 3368//6523
f  3369//6524 3414//6524 3328//6524
f  3414//6525 3415//6525 3328//6525
f  3328//6526 3415//6526 3327//6526
f  3415//6527 3416//6527 3327//6527
f  3368//6528 3335//6528 3337//6528
f  3368//6529 3370//6529 3335//6529
f  3416//6530 3417//6530 3327//6530
f  3327//6531 3417//6531 3323//6531
f  3417//6532 3418//6532 3323//6532
f  3323//6533 3418//6533 3321//6533
f  3370//6534 3333//6534 3335//6534
f  3418//6535 3419//6535 3321//6535
f  3420//6536 3415//6536 3414//6536
f  3417//6537 3421//6537 3418//6537
f  3421//6538 3416//6538 3422//6538
f  3415//6539 3422//6539 3416//6539
f  3420//6540 3422//6540 3415//6540
f  3357//6541 3420//6541 3414//6541
f  3421//6542 3417//6542 3416//6542
f  3371//6543 3373//6543 3423//6543
f  3373//6544 3424//6544 3423//6544
f  3423//6545 3425//6545 3426//6545
f  3424//6546 3425//6546 3423//6546
f  3425//6547 3427//6547 3426//6547
f  3426//6548 3427//6548 3428//6548
f  3428//6549 3429//6549 3430//6549
f  3427//6550 3429//6550 3428//6550
f  3430//6551 3380//6551 3379//6551
f  3429//6552 3380//6552 3430//6552
f  3320//6553 3382//6553 3383//6553
f  3383//6554 3317//6554 3320//6554
f  3383//6555 3384//6555 3317//6555
f  3384//6556 3322//6556 3317//6556
f  3384//6557 3326//6557 3322//6557
f  3384//6558 3385//6558 3326//6558
f  3387//6559 3313//6559 3395//6559
f  3387//6560 3395//6560 3431//6560
f  3329//6561 3331//6561 3388//6561
f  3388//6562 3331//6562 3432//6562
f  3389//6563 3433//6563 3390//6563
f  3390//6564 3434//6564 3391//6564
f  3390//6565 3433//6565 3434//6565
f  3388//6566 3433//6566 3389//6566
f  3391//6567 3434//6567 3392//6567
f  3343//6568 3344//6568 3435//6568
f  3394//6569 3436//6569 3395//6569
f  3394//6570 3435//6570 3436//6570
f  3343//6571 3435//6571 3394//6571
f  3397//6572 3437//6572 3344//6572
f  3399//6573 3401//6573 3397//6573
f  3347//6574 3346//6574 3438//6574
f  3438//6575 3349//6575 3439//6575
f  3346//6576 3349//6576 3438//6576
f  3439//6577 3349//6577 3440//6577
f  3349//6578 3348//6578 3440//6578
f  3440//6579 3348//6579 3352//6579
f  3404//6580 3441//6580 3356//6580
f  3356//6581 3441//6581 3357//6581
f  3404//6582 3442//6582 3441//6582
f  3407//6583 3409//6583 3442//6583
f  3366//6584 3411//6584 3363//6584
f  3404//6585 3407//6585 3442//6585
f  3360//6586 3359//6586 3443//6586
f  3443//6587 3362//6587 3444//6587
f  3359//6588 3362//6588 3443//6588
f  3444//6589 3362//6589 3445//6589
f  3362//6590 3361//6590 3445//6590
f  3445//6591 3361//6591 3365//6591
f  3446//6592 3325//6592 3419//6592
f  3325//6593 3321//6593 3419//6593
f  3386//6594 3447//6594 3412//6594
f  3316//6595 3386//6595 3412//6595
f  3413//6596 3448//6596 3367//6596
f  3367//6597 3448//6597 3366//6597
f  3428//6598 3430//6598 3426//6598
f  3426//6599 3430//6599 3449//6599
f  3423//6600 3449//6600 3371//6600
f  3423//6601 3426//6601 3449//6601
f  3376//6602 3375//6602 3450//6602
f  3450//6603 3378//6603 3451//6603
f  3375//6604 3378//6604 3450//6604
f  3451//6605 3378//6605 3452//6605
f  3452//6606 3377//6606 3453//6606
f  3378//6607 3377//6607 3452//6607
f  3453//6608 3377//6608 3381//6608
f  3454//6609 3330//6609 3372//6609
f  3330//6610 3326//6610 3372//6610
f  3320//6611 3324//6611 3382//6611
f  3382//6612 3324//6612 3455//6612
f  3435//6613 3344//6613 3456//6613
f  3436//6614 3431//6614 3395//6614
f  3436//6615 3435//6615 3456//6615
f  3436//6616 3456//6616 3431//6616
f  3401//6617 3403//6617 3457//6617
f  3397//6618 3401//6618 3457//6618
f  3397//6619 3457//6619 3458//6619
f  3433//6620 3388//6620 3432//6620
f  3459//6621 3433//6621 3432//6621
f  3434//6622 3433//6622 3459//6622
f  3460//6623 3434//6623 3459//6623
f  3392//6624 3434//6624 3460//6624
f  3461//6625 3392//6625 3460//6625
f  3437//6626 3397//6626 3458//6626
f  3393//6627 3392//6627 3461//6627
f  3353//6628 3461//6628 3462//6628
f  3353//6629 3393//6629 3461//6629
f  3350//6630 3462//6630 3457//6630
f  3350//6631 3353//6631 3462//6631
f  3437//6632 3458//6632 3456//6632
f  3344//6633 3437//6633 3456//6633
f  3403//6634 3350//6634 3457//6634
f  3463//6635 3464//6635 3465//6635
f  3466//6636 3467//6636 3468//6636
f  3469//6637 3455//6637 3446//6637
f  3446//6638 3467//6638 3469//6638
f  3466//6639 3468//6639 3470//6639
f  3470//6640 3471//6640 3472//6640
f  3459//6641 3432//6641 3473//6641
f  3460//6642 3474//6642 3475//6642
f  3446//6643 3468//6643 3467//6643
f  3468//6644 3471//6644 3470//6644
f  3471//6645 3476//6645 3472//6645
f  3476//6646 3477//6646 3472//6646
f  3475//6647 3461//6647 3460//6647
f  3475//6648 3478//6648 3461//6648
f  3479//6649 3473//6649 3432//6649
f  3474//6650 3460//6650 3459//6650
f  3479//6651 3432//6651 3454//6651
f  3480//6652 3479//6652 3454//6652
f  3481//6653 3482//6653 3466//6653
f  3467//6654 3483//6654 3469//6654
f  3482//6655 3483//6655 3467//6655
f  3484//6656 3485//6656 3486//6656
f  3486//6657 3485//6657 3487//6657
f  3469//6658 3488//6658 3463//6658
f  3483//6659 3488//6659 3469//6659
f  3485//6660 3489//6660 3487//6660
f  3487//6661 3489//6661 3490//6661
f  3463//6662 3491//6662 3464//6662
f  3488//6663 3491//6663 3463//6663
f  3490//6664 3492//6664 3493//6664
f  3489//6665 3492//6665 3490//6665
f  3464//6666 3494//6666 3465//6666
f  3492//6667 3495//6667 3493//6667
f  3491//6668 3494//6668 3464//6668
f  3493//6669 3495//6669 3496//6669
f  3465//6670 3494//6670 3480//6670
f  3494//6671 3497//6671 3480//6671
f  3495//6672 3498//6672 3496//6672
f  3496//6673 3498//6673 3499//6673
f  3498//6674 3500//6674 3499//6674
f  3499//6675 3501//6675 3477//6675
f  3500//6676 3501//6676 3499//6676
f  3477//6677 3502//6677 3472//6677
f  3501//6678 3502//6678 3477//6678
f  3472//6679 3481//6679 3470//6679
f  3502//6680 3481//6680 3472//6680
f  3470//6681 3481//6681 3466//6681
f  3466//6682 3482//6682 3467//6682
f  3503//6683 3504//6683 3505//6683
f  3503//6684 3505//6684 3506//6684
f  3506//6685 3505//6685 3507//6685
f  3484//6686 3508//6686 3485//6686
f  3485//6687 3508//6687 3489//6687
f  3492//6688 3489//6688 3508//6688
f  3504//6689 3503//6689 3509//6689
f  3500//6690 3498//6690 3510//6690
f  3498//6691 3495//6691 3510//6691
f  3510//6692 3495//6692 3492//6692
f  3352//6693 3402//6693 3511//6693
f  3351//6694 3402//6694 3352//6694
f  3402//6695 3400//6695 3511//6695
f  3511//6696 3398//6696 3512//6696
f  3400//6697 3398//6697 3511//6697
f  3398//6698 3396//6698 3512//6698
f  3512//6699 3345//6699 3347//6699
f  3396//6700 3345//6700 3512//6700
f  3439//6701 3440//6701 3511//6701
f  3365//6702 3410//6702 3513//6702
f  3364//6703 3410//6703 3365//6703
f  3410//6704 3408//6704 3513//6704
f  3513//6705 3406//6705 3514//6705
f  3408//6706 3406//6706 3513//6706
f  3406//6707 3405//6707 3514//6707
f  3514//6708 3358//6708 3360//6708
f  3405//6709 3358//6709 3514//6709
f  3496//6710 3499//6710 3441//6710
f  3442//6711 3496//6711 3441//6711
f  3412//6712 3447//6712 3413//6712
f  3493//6713 3496//6713 3442//6713
f  3446//6714 3419//6714 3418//6714
f  3468//6715 3446//6715 3418//6715
f  3490//6716 3493//6716 3442//6716
f  3409//6717 3490//6717 3442//6717
f  3468//6718 3418//6718 3421//6718
f  3471//6719 3468//6719 3421//6719
f  3487//6720 3490//6720 3409//6720
f  3411//6721 3487//6721 3409//6721
f  3366//6722 3487//6722 3411//6722
f  3471//6723 3421//6723 3422//6723
f  3476//6724 3471//6724 3422//6724
f  3366//6725 3486//6725 3487//6725
f  3420//6726 3476//6726 3422//6726
f  3477//6727 3476//6727 3420//6727
f  3448//6728 3486//6728 3366//6728
f  3413//6729 3486//6729 3448//6729
f  3447//6730 3486//6730 3413//6730
f  3477//6731 3420//6731 3357//6731
f  3499//6732 3477//6732 3357//6732
f  3441//6733 3499//6733 3357//6733
f  3444//6734 3445//6734 3513//6734
f  3381//6735 3380//6735 3515//6735
f  3380//6736 3429//6736 3515//6736
f  3429//6737 3427//6737 3515//6737
f  3515//6738 3427//6738 3451//6738
f  3451//6739 3425//6739 3450//6739
f  3427//6740 3425//6740 3451//6740
f  3425//6741 3424//6741 3450//6741
f  3450//6742 3373//6742 3374//6742
f  3424//6743 3373//6743 3450//6743
f  3480//6744 3372//6744 3371//6744
f  3454//6745 3372//6745 3480//6745
f  3469//6746 3430//6746 3379//6746
f  3469//6747 3379//6747 3382//6747
f  3469//6748 3382//6748 3455//6748
f  3463//6749 3449//6749 3430//6749
f  3463//6750 3430//6750 3469//6750
f  3465//6751 3449//6751 3463//6751
f  3480//6752 3371//6752 3449//6752
f  3480//6753 3449//6753 3465//6753
f  3452//6754 3453//6754 3515//6754
f  3374//6755 3376//6755 3450//6755
f  3453//6756 3381//6756 3515//6756
f  3386//6757 3315//6757 3447//6757
f  3447//6758 3315//6758 3516//6758
f  3516//6759 3315//6759 3431//6759
f  3315//6760 3314//6760 3431//6760
f  3314//6761 3387//6761 3431//6761
f  3432//6762 3331//6762 3454//6762
f  3331//6763 3330//6763 3454//6763
f  3457//6764 3517//6764 3458//6764
f  3518//6765 3486//6765 3447//6765
f  3519//6766 3516//6766 3431//6766
f  3456//6767 3520//6767 3431//6767
f  3458//6768 3521//6768 3456//6768
f  3522//6769 3516//6769 3519//6769
f  3462//6770 3523//6770 3457//6770
f  3517//6771 3457//6771 3523//6771
f  3478//6772 3462//6772 3461//6772
f  3516//6773 3518//6773 3447//6773
f  3522//6774 3518//6774 3516//6774
f  3519//6775 3431//6775 3520//6775
f  3439//6776 3511//6776 3512//6776
f  3352//6777 3511//6777 3440//6777
f  3438//6778 3512//6778 3347//6778
f  3512//6779 3438//6779 3439//6779
f  3444//6780 3513//6780 3514//6780
f  3365//6781 3513//6781 3445//6781
f  3443//6782 3514//6782 3360//6782
f  3514//6783 3443//6783 3444//6783
f  3455//6784 3324//6784 3446//6784
f  3324//6785 3325//6785 3446//6785
f  3452//6786 3515//6786 3451//6786
f  3458//6787 3509//6787 3521//6787
f  3521//6788 3503//6788 3456//6788
f  3509//6789 3503//6789 3521//6789
f  3480//6790 3497//6790 3479//6790
f  3479//6791 3524//6791 3473//6791
f  3497//6792 3524//6792 3479//6792
f  3456//6793 3503//6793 3520//6793
f  3503//6794 3506//6794 3520//6794
f  3473//6795 3525//6795 3459//6795
f  3524//6796 3525//6796 3473//6796
f  3520//6797 3506//6797 3519//6797
f  3459//6798 3525//6798 3474//6798
f  3519//6799 3507//6799 3522//6799
f  3506//6800 3507//6800 3519//6800
f  3522//6801 3507//6801 3518//6801
f  3525//6802 3526//6802 3474//6802
f  3474//6803 3526//6803 3475//6803
f  3507//6804 3484//6804 3518//6804
f  3526//6805 3527//6805 3475//6805
f  3518//6806 3484//6806 3486//6806
f  3475//6807 3527//6807 3478//6807
f  3527//6808 3528//6808 3478//6808
f  3478//6809 3528//6809 3462//6809
f  3462//6810 3528//6810 3523//6810
f  3528//6811 3529//6811 3523//6811
f  3529//6812 3530//6812 3523//6812
f  3523//6813 3530//6813 3517//6813
f  3517//6814 3530//6814 3458//6814
f  3530//6815 3509//6815 3458//6815
f  3526//6816 3531//6816 3527//6816
f  3531//6817 3528//6817 3527//6817
f  3488//6818 3483//6818 3532//6818
f  3488//6819 3532//6819 3491//6819
f  3491//6820 3532//6820 3533//6820
f  3491//6821 3533//6821 3494//6821
f  3494//6822 3533//6822 3497//6822
f  3533//6823 3534//6823 3497//6823
f  3497//6824 3534//6824 3524//6824
f  3534//6825 3535//6825 3524//6825
f  3526//6826 3525//6826 3535//6826
f  3524//6827 3535//6827 3525//6827
f  3509//6828 3536//6828 3504//6828
f  3504//6829 3536//6829 3537//6829
f  3538//439 3539//439 3540//439
f  3509//6830 3541//6830 3536//6830
f  3492//6831 3542//6831 3510//6831
f  3492//6832 3543//6832 3542//6832
f  3539//439 3544//439 3540//439
f  3510//6833 3542//6833 3500//6833
f  3508//6834 3543//6834 3492//6834
f  3545//6835 3533//6835 3546//6835
f  3546//6836 3533//6836 3532//6836
f  3500//6837 3542//6837 3501//6837
f  3509//6838 3530//6838 3541//6838
f  3508//6839 3547//6839 3543//6839
f  3548//6840 3549//6840 3550//6840
f  3542//6841 3551//6841 3501//6841
f  3502//6842 3551//6842 3481//6842
f  3501//6843 3551//6843 3502//6843
f  3544//439 3552//6844 3540//439
f  3545//6845 3534//6845 3533//6845
f  3530//6846 3529//6846 3541//6846
f  3549//6847 3534//6847 3550//6847
f  3550//6848 3534//6848 3545//6848
f  3529//6849 3528//6849 3541//6849
f  3541//6850 3528//6850 3544//6850
f  3549//6851 3535//6851 3534//6851
f  3544//6852 3528//6852 3552//6852
f  3528//6853 3531//6853 3552//6853
f  3508//6854 3553//6854 3547//6854
f  3484//6855 3553//6855 3508//6855
f  3507//6856 3553//6856 3484//6856
f  3552//6857 3526//6857 3549//6857
f  3549//6858 3526//6858 3535//6858
f  3481//6859 3554//6859 3482//6859
f  3551//6860 3554//6860 3481//6860
f  3552//6861 3531//6861 3526//6861
f  3542//439 3555//439 3551//439
f  3556//439 3555//439 3542//439
f  3507//6862 3537//6862 3553//6862
f  3505//6863 3537//6863 3507//6863
f  3553//439 3557//439 3547//439
f  3547//439 3555//439 3556//439
f  3547//439 3557//439 3555//439
f  3554//6864 3483//6864 3482//6864
f  3505//6865 3504//6865 3537//6865
f  3558//439 3546//439 3554//439
f  3559//6866 3546//6866 3558//6866
f  3554//6867 3546//6867 3483//6867
f  3483//6868 3546//6868 3532//6868
f  3558//6869 3550//6869 3559//6869
f  3548//6870 3550//6870 3558//6866
f  3538//6871 3536//6871 3539//6871
f  3537//6872 3536//6872 3538//439
f  3545//6873 3560//6873 3561//6873
f  3550//6874 3545//6874 3561//6874
f  3550//6875 3561//6875 3562//6875
f  3550//6876 3562//6876 3563//6876
f  3559//6877 3550//6877 3563//6877
f  3560//6878 3564//6878 3565//6878
f  3560//6879 3565//6879 3566//6879
f  3561//6880 3560//6880 3566//6880
f  3561//6881 3566//6881 3567//6881
f  3567//6882 3562//6882 3561//6882
f  3562//6883 3567//6883 3563//6883
f  3567//6884 3566//6884 3568//6884
f  3568//6885 3566//6885 3565//6885
f  3541//6886 3569//6886 3570//6886
f  3541//6887 3544//6887 3569//6887
f  3541//6888 3570//6888 3571//6888
f  3541//6889 3571//6889 3572//6889
f  3536//6890 3541//6890 3572//6890
f  3536//6891 3572//6891 3573//6891
f  3572//6892 3571//6892 3574//6892
f  3574//6893 3573//6893 3572//6893
f  3574//6894 3571//6894 3575//6894
f  3574//6895 3576//6895 3573//6895
f  3577//6896 3576//6896 3574//6896
f  3575//6897 3577//6897 3574//6897
f  3556//6898 3578//6898 3579//6898
f  3547//6899 3579//6899 3580//6899
f  3547//6900 3556//6900 3579//6900
f  3547//6901 3580//6901 3581//6901
f  3547//6902 3581//6902 3582//6902
f  3543//6903 3547//6903 3582//6903
f  3583//6904 3584//6904 3585//6904
f  3583//6905 3585//6905 3578//6905
f  3586//6906 3578//6906 3585//6906
f  3586//6907 3580//6907 3579//6907
f  3578//6908 3586//6908 3579//6908
f  3540//6909 3552//6909 3587//6909
f  3587//6910 3552//6910 3588//6910
f  3540//6911 3587//6911 3589//6911
f  3538//6912 3540//6912 3589//6912
f  3590//6913 3538//6913 3589//6913
f  3537//6914 3538//6914 3590//6914
f  3591//6915 3553//6915 3590//6915
f  3553//6916 3537//6916 3590//6916
f  3557//6917 3553//6917 3592//6917
f  3592//6918 3553//6918 3591//6918
f  3555//6919 3592//6919 3593//6919
f  3555//6920 3557//6920 3592//6920
f  3594//6921 3555//6921 3593//6921
f  3551//6922 3555//6922 3594//6922
f  3595//6923 3551//6923 3594//6923
f  3554//6924 3551//6924 3595//6924
f  3558//6925 3595//6925 3596//6925
f  3558//6926 3554//6926 3595//6926
f  3558//6927 3596//6927 3597//6927
f  3548//6928 3558//6928 3597//6928
f  3549//6929 3597//6929 3598//6929
f  3549//6930 3548//6930 3597//6930
f  3588//6931 3549//6931 3598//6931
f  3552//6932 3549//6932 3588//6932
f  3559//6933 3563//6933 3599//6933
f  3546//6934 3559//6934 3599//6934
f  3546//6935 3599//6935 3564//6935
f  3546//6936 3564//6936 3560//6936
f  3545//6937 3546//6937 3560//6937
f  3539//6938 3573//6938 3576//6938
f  3539//6939 3536//6939 3573//6939
f  3539//6940 3576//6940 3600//6940
f  3544//6941 3539//6941 3600//6941
f  3544//6942 3600//6942 3569//6942
f  3543//6943 3582//6943 3601//6943
f  3542//6944 3601//6944 3584//6944
f  3542//6945 3543//6945 3601//6945
f  3542//6946 3584//6946 3583//6946
f  3542//6947 3583//6947 3578//6947
f  3556//6948 3542//6948 3578//6948
f  3592//439 3602//439 3593//439
f  3587//439 3598//439 3597//439
f  3587//439 3588//439 3598//439
f  3587//6949 3597//6949 3603//6949
f  3593//439 3595//439 3594//439
f  3593//439 3596//439 3595//439
f  3604//6950 3597//6950 3596//6950
f  3604//6951 3596//6951 3605//6951
f  3606//6952 3602//6952 3592//6952
f  3589//6953 3606//6953 3592//6953
f  3593//6954 3605//6954 3596//6954
f  3607//6955 3597//6955 3604//6955
f  3590//6956 3589//6956 3592//439
f  3590//6957 3592//439 3591//6957
f  3602//6958 3605//6958 3593//6958
f  3603//6959 3606//6959 3589//6959
f  3603//6960 3589//6960 3587//6960
f  3603//6961 3597//6961 3607//6961
f  3563//6962 3567//6962 3568//6962
f  3599//6963 3563//6963 3568//6963
f  3599//6964 3568//6964 3565//6964
f  3565//6965 3564//6965 3599//6965
f  3577//6966 3600//6966 3576//6966
f  3600//6967 3577//6967 3575//6967
f  3575//6968 3569//6968 3600//6968
f  3575//6969 3570//6969 3569//6969
f  3570//6970 3575//6970 3571//6970
f  3581//6971 3586//6971 3582//6971
f  3581//6972 3580//6972 3586//6972
f  3585//6973 3582//6973 3586//6973
f  3585//6974 3584//6974 3601//6974
f  3582//6975 3585//6975 3601//6975
f  3608//6976 3605//6976 3602//6976
f  3609//6977 3608//6977 3602//6977
f  3608//6978 3610//6978 3607//6978
f  3604//6979 3608//6979 3607//6979
f  3606//6980 3611//6980 3602//6980
f  3612//6981 3603//6981 3607//6981
f  3613//6982 3612//6982 3607//6982
f  3613//6983 3607//6983 3610//6983
f  3613//6984 3610//6984 3609//6984
f  3611//6985 3613//6985 3609//6985
f  3611//6986 3609//6986 3602//6986
f  3608//6987 3604//6987 3605//6987
f  3609//6988 3610//6988 3608//6988
f  3611//6989 3606//6989 3613//6989
f  3613//6990 3603//6990 3612//6990
f  3606//6991 3603//6991 3613//6991

