# File produced by Open Asset Import Library (http://www.assimp.sf.net)
# (assimp v5.3.0)

mtllib base.mtl

# 2145 vertex positions
v -0.00726110581 0.07414902 0.0259898435
v -0.0083066551 0.07414902 0.0257694647
v -0.00829716399 0.07414902 0.0255607087
v -0.0140185878 0.0782497227 0.0367566943
v -0.0132892272 0.0784454495 0.0364960171
v -0.0134257553 0.0784454495 0.0363259912
v -0.0154297892 0.0628991723 0.0280328654
v -0.0143325739 0.0628991723 0.0285549499
v -0.0151671637 0.0628991723 0.0289766844
v -0.0195341073 0.0628991723 0.0354985893
v -0.0185022894 0.0628991723 0.0361637101
v -0.0194089878 0.0628991723 0.0364890769
v -0.014526451 0.0628991723 0.0276077911
v -0.0134492256 0.0628991723 0.0282482244
v -0.0154297892 0.0628991723 0.0419659652
v -0.0155614773 0.0628991723 0.0407704338
v -0.014756918 0.0628991723 0.0412469655
v -0.0114617907 0.0769417062 0.0407129899
v -0.0108373491 0.0764924809 0.0412796326
v -0.0109109879 0.0769417062 0.0406729914
v -0.00777001027 0.0628991723 0.0419659652
v -0.00763832871 0.0628991723 0.0407704338
v -0.00692706509 0.0628991723 0.0414310209
v -0.0096228309 0.0628991723 0.0272992738
v -0.0106669115 0.0628991723 0.0280619655
v -0.0106035015 0.0628991723 0.0271122083
v -0.0121928016 0.0784454495 0.0371770449
v -0.0121032326 0.0782497227 0.0379463993
v -0.0119798547 0.0784454495 0.0372241065
v -0.0178593863 0.0759990141 0.03790804
v -0.0175676122 0.0764924809 0.0370991752
v -0.018110916 0.0759990141 0.0372903384
v -0.0143111236 0.0782497227 0.0337395705
v -0.0150955934 0.0779999569 0.0337694325
v -0.0144200735 0.0782497227 0.0340071283
v -0.00582634052 0.0759990141 0.0312168859
v -0.00564982835 0.0759990141 0.0304337647
v -0.006218364 0.0759990141 0.0306773111
v -0.0138250804 0.0753990039 0.0252502616
v -0.0125788171 0.0753990039 0.0275636725
v -0.0127195343 0.0753990039 0.0250624139
v -0.0104059344 0.0782497227 0.0377403013
v -0.00979894586 0.0779999569 0.0382381529
v -0.0101469578 0.0782497227 0.0376122706
v -0.0145581914 0.0782497227 0.0354313888
v -0.015197983 0.0779999569 0.0358862653
v -0.0145026809 0.0782497227 0.0357148871
v -0.00921023823 0.0779999569 0.0378317982
v -0.00946051069 0.0782497227 0.0370877162
v -0.00967205502 0.0782497227 0.0372844562
v -0.00185074494 0.0753990039 0.0372245945
v -0.00416416116 0.0753990039 0.0359783545
v -0.00435553445 0.0753990039 0.0369405299
v -0.00824549887 0.0759990141 0.0289670434
v -0.00800612196 0.0764924809 0.0297929328
v -0.00767894741 0.0759990141 0.0293189492
v -0.0141328461 0.0769417062 0.0298761111
v -0.0142762745 0.077344127 0.0306905918
v -0.0138479304 0.077344127 0.030452393
v -0.00882239547 0.0769417062 0.0399943627
v -0.00871845335 0.077344127 0.0391739011
v -0.00913480017 0.077344127 0.0394325107
v -0.00166291138 0.0753990039 0.0361190401
v -0.00409998372 0.0753990039 0.0349994153
v -0.0112737138 0.0785860345 0.0335234143
v -0.0113278525 0.0784454495 0.0327589661
v -0.0114177009 0.0785860345 0.0334988236
v -0.0178598482 0.0764924809 0.0359135047
v -0.0171490666 0.0769417062 0.0363671705
v -0.0172551759 0.0769417062 0.0358252041
v -0.00937472656 0.0753990039 0.044748567
v -0.0106209517 0.0753990039 0.042435158
v -0.0104802735 0.0753990039 0.0449364036
v -0.00909967534 0.0776975304 0.0386216305
v -0.00832902454 0.077344127 0.0388763137
v -0.00876175892 0.0776975304 0.038363412
v -0.00845033024 0.0776975304 0.0380737744
v -0.00764510361 0.077344127 0.0381756611
v -0.0081683211 0.0776975304 0.0377554484
v -0.0120998528 0.0759990141 0.0418835655
v -0.01159989 0.0759990141 0.0424993187
v -0.0114331115 0.0759990141 0.0418996848
v -0.0182855334 0.0628991723 0.0370733179
v -0.019160701 0.0628991723 0.0374560654
v -0.00673932256 0.077344127 0.0335489959
v -0.00752352318 0.0776975304 0.033339709
v -0.00738235004 0.0776975304 0.0337408818
v -0.00728057558 0.0776975304 0.0341538079
v -0.0177253895 0.0628991723 0.0299319606
v -0.0166315939 0.0628991723 0.0301331282
v -0.0172353163 0.0628991723 0.0308472104
v -0.0144200735 0.0782497227 0.0359917022
v -0.00800612196 0.0764924809 0.0402058996
v -0.00824549887 0.0759990141 0.0410317853
v -0.00767894741 0.0759990141 0.0406798795
v -0.00949478056 0.0779999569 0.0319496132
v -0.0101469578 0.0782497227 0.0323865488
v -0.00990157388 0.0782497227 0.0325389765
v -0.0145979207 0.0779999569 0.032821212
v -0.0141768763 0.0782497227 0.0334837772
v -0.0140185878 0.0782497227 0.0332421362
v -0.00871845335 0.077344127 0.0308249295
v -0.00882239547 0.0769417062 0.0300044697
v -0.00913480017 0.077344127 0.0305663217
v -0.0132422578 0.0779999569 0.0383213833
v -0.0126600554 0.0782497227 0.0377947912
v -0.0129248817 0.0782497227 0.0376794189
v -0.0126293255 0.0785860345 0.0361063182
v -0.0120600834 0.0786707029 0.0356016383
v -0.0121160522 0.0786707029 0.035554409
v -0.0119357845 0.0786707029 0.0356788263
v -0.012135922 0.0785860345 0.0364127867
v -0.0118686464 0.0786707029 0.0357080773
v -0.00599113293 0.0769417062 0.0339013562
v -0.00662201503 0.077344127 0.0340248756
v -0.0098421583 0.0776975304 0.0390345044
v -0.0094609363 0.0776975304 0.0388460271
v -0.00673932256 0.077344127 0.0364498347
v -0.00728057558 0.0776975304 0.0358450226
v -0.00738235004 0.0776975304 0.0362579487
v -0.0135452636 0.0784454495 0.0338552631
v -0.0136466119 0.0784454495 0.0340483598
v -0.00861023925 0.0782497227 0.0349994153
v -0.00791142695 0.0779999569 0.0353570692
v -0.0078941239 0.0779999569 0.0349994153
v -0.00894803461 0.0779999569 0.0375879407
v -0.0092689544 0.0782497227 0.0368714929
v -0.0061232727 0.0769417062 0.0366336629
v -0.00539140915 0.0764924809 0.0362148806
v -0.00599113293 0.0769417062 0.0360974632
v -0.0134131853 0.0759990141 0.0283395704
v -0.0126649961 0.0764924809 0.0287633669
v -0.0127619542 0.0759990141 0.0281956531
v -0.0194181167 0.0753990039 0.0412342362
v -0.0169031303 0.0753990039 0.0403026454
v -0.0175499711 0.0753990039 0.039565064
v -0.010741191 0.0785860345 0.0362434424
v -0.0111111561 0.0786707029 0.0355786979
v -0.0111693451 0.0786707029 0.0356231667
v -0.00539140915 0.0764924809 0.0337839499
v -0.0061232727 0.0769417062 0.0333651677
v -0.0173370857 0.0764924809 0.0376653522
v -0.0165262744 0.0769417062 0.0378968157
v -0.0167829227 0.0769417062 0.0374078229
v -0.00707275327 0.0764924809 0.0394184366
v -0.00714901602 0.0759990141 0.0402749367
v -0.00666061928 0.0759990141 0.0398207344
v -0.0136359027 0.0782497227 0.0328101851
v -0.0143737141 0.0779999569 0.0325420275
v -0.0138376802 0.0782497227 0.0330169126
v -0.0122237811 0.0779999569 0.0386523008
v -0.0118164662 0.0782497227 0.0379812159
v -0.0171839464 0.0759990141 0.0390564725
v -0.0170530286 0.0764924809 0.0382066146
v -0.0175494533 0.0759990141 0.0384985879
v -0.00967205502 0.0782497227 0.0327143781
v -0.0150955934 0.0779999569 0.0362293869
v -0.0143111236 0.0782497227 0.03625926
v -0.0109884767 0.077344127 0.0400348119
v -0.0103666252 0.0769417062 0.0405800231
v -0.010505354 0.077344127 0.0399522893
v -0.0145581914 0.0782497227 0.0345674418
v -0.0153013412 0.0779999569 0.0348203778
v -0.0145860501 0.0782497227 0.0348549783
v -0.0129139824 0.0779999569 0.0384643823
v -0.0123853097 0.0782497227 0.0378840566
v -0.0178593863 0.0759990141 0.0320907831
v -0.0170530286 0.0764924809 0.031792216
v -0.0175494533 0.0759990141 0.0315002427
v -0.010505354 0.077344127 0.0300465394
v -0.0109109879 0.0769417062 0.0293258391
v -0.0109884767 0.077344127 0.0299640223
v -0.00690197945 0.077344127 0.0330866538
v -0.0159386639 0.0753990039 0.0259898435
v -0.0153498407 0.0753990039 0.0285043102
v -0.0144699914 0.0753990039 0.0280704051
v -0.0183016118 0.0759990141 0.0333475843
v -0.019035643 0.0759990141 0.034020476
v -0.0184297506 0.0759990141 0.0340021066
v -0.0109024784 0.0784454495 0.0371458568
v -0.0109962272 0.0785860345 0.0363852456
v -0.0111327851 0.0785860345 0.0364370383
v -0.0118543962 0.0785860345 0.0335093848
v -0.0121928016 0.0784454495 0.0328217819
v -0.011997004 0.0785860345 0.0335408933
v -0.0129702017 0.0784454495 0.0367926992
v -0.0131773483 0.0782497227 0.0375390314
v -0.0127907237 0.0784454495 0.0369165801
v -0.0125734471 0.0779999569 0.0385750309
v -0.0123408996 0.0776975304 0.0393379107
v -0.0119673144 0.077344127 0.0299403612
v -0.0123408996 0.0776975304 0.0306609217
v -0.0119186947 0.0776975304 0.0306096617
v -0.0115815792 0.0786707029 0.0342417248
v -0.0115085505 0.0786707029 0.0342470258
v -0.0180950146 0.0759990141 0.038749367
v -0.00615781778 0.0628991723 0.0407946408
v -0.00625440478 0.0628991723 0.0395187475
v -0.00547438581 0.0628991723 0.0400668681
v -0.0131013291 0.0769417062 0.0405139253
v -0.0124538774 0.077344127 0.0399993882
v -0.0129324524 0.077344127 0.0398936309
v -0.0152418017 0.0759990141 0.0408626795
v -0.0161655601 0.0759990141 0.0409494862
v -0.0153498407 0.0759990141 0.0414945222
v -0.0143737141 0.0779999569 0.037456803
v -0.0145972501 0.0776975304 0.0382223539
v -0.0141235972 0.0779999569 0.0377130434
v -0.00831858814 0.0779999569 0.0332772471
v -0.00816767942 0.0779999569 0.0336019844
v -0.0178346988 0.07414902 0.0271811951
v -0.0168980993 0.07414902 0.0267552435
v -0.0178033281 0.07414902 0.0274129249
v -0.0114331115 0.0759990141 0.0280991457
v -0.0108373491 0.0764924809 0.028719198
v -0.0107679302 0.0759990141 0.0281474534
v -0.0194181167 0.07414902 0.0287645962
v -0.0186276883 0.07414902 0.0281695146
v -0.019360438 0.07414902 0.0290151425
v -0.010119928 0.0779999569 0.0316019803
v -0.0102398265 0.0776975304 0.0308135189
v -0.0104547543 0.0779999569 0.0314750001
v -0.0127313444 0.0785860345 0.0360017903
v -0.0131368786 0.0784454495 0.0366520733
v -0.00845033024 0.0776975304 0.031925045
v -0.00921023823 0.0779999569 0.0321670212
v -0.00894803461 0.0779999569 0.0324108787
v -0.0118543962 0.0785860345 0.0364894457
v -0.011997004 0.0785860345 0.036457926
v -0.00832902454 0.077344127 0.031122515
v -0.00876175892 0.0776975304 0.0316354185
v -0.0119186947 0.0776975304 0.039389167
v -0.0114773307 0.077344127 0.0400703102
v -0.0114935311 0.0776975304 0.0393994376
v -0.0106251314 0.0785860345 0.0361547619
v -0.00998485647 0.0784454495 0.0365758836
v -0.0105182035 0.0785860345 0.0360552892
v -0.0101164486 0.0785860345 0.0352898315
v -0.00935351662 0.0784454495 0.0352172442
v -0.0100953598 0.0785860345 0.0351453014
v -0.00943722576 0.0784454495 0.0343540646
v -0.0101998774 0.0785860345 0.0344293937
v -0.0101514189 0.0785860345 0.034567181
v -0.0117093781 0.0785860345 0.0365070552
v -0.0137288515 0.0784454495 0.0357484929
v -0.0129707512 0.0785860345 0.0356364101
v -0.0130258016 0.0785860345 0.0355011299
v -0.0135410242 0.0759990141 0.0277550705
v -0.00721914414 0.0776975304 0.0345746316
v -0.00796315353 0.0779999569 0.0342874341
v -0.00791142695 0.0779999569 0.0346417502
v -0.0145972501 0.0776975304 0.0317764692
v -0.0141235972 0.0779999569 0.0322857834
v -0.0115103507 0.0779999569 0.0387041159
v -0.0118683157 0.0779999569 0.0386954583
v -0.0127195343 0.07414902 0.0250624139
v -0.01159989 0.07414902 0.0251995418
v -0.0127169946 0.07414902 0.0252634212
v -0.00791832339 0.0776975304 0.0325874351
v -0.00871058088 0.0779999569 0.0326789059
v -0.00850013457 0.0779999569 0.0329685993
v -0.0138499197 0.0779999569 0.0379439443
v -0.0177253895 0.0628991723 0.0400668681
v -0.0175000839 0.0628991723 0.0387659371
v -0.0169453993 0.0628991723 0.0395187475
v -0.0177424178 0.0764924809 0.0365134068
v -0.0169911701 0.0769417062 0.0368963517
v -0.0169201605 0.0753990039 0.0434665456
v -0.0161655601 0.0753990039 0.0409494862
v -0.0178346988 0.0753990039 0.0428176224
v -0.0125962766 0.0628991723 0.0428866223
v -0.0129941814 0.0628991723 0.0418590568
v -0.0120674437 0.0628991723 0.0419836976
v -0.00403910177 0.0628991723 0.0374560654
v -0.00525032915 0.0628991723 0.0379459187
v -0.00491427351 0.0628991723 0.0370733179
v -0.0101514189 0.0785860345 0.0354316495
v -0.010856119 0.0786707029 0.0351450257
v -0.010873639 0.0786707029 0.035216134
v -0.0106985606 0.0784454495 0.0329302996
v -0.0106760412 0.0782497227 0.0321560837
v -0.0109024784 0.0784454495 0.0328529738
v -0.00366569334 0.0628991723 0.0354985893
v -0.00469750958 0.0628991723 0.0361637101
v -0.00460388325 0.0628991723 0.0352333114
v -0.0123974793 0.0785860345 0.0362834781
v -0.0125176869 0.0785860345 0.0362005122
v -0.0145979207 0.0779999569 0.0371776186
v -0.0138376802 0.0782497227 0.0369819179
v -0.0120581333 0.0764924809 0.0413091443
v -0.0127619542 0.0759990141 0.0418031737
v -0.00883097108 0.0782497227 0.0361267887
v -0.00804884639 0.0779999569 0.0360590592
v -0.00873508584 0.0782497227 0.0358542949
v -0.0177424178 0.0764924809 0.0334854163
v -0.01544102 0.0764924809 0.0400261916
v -0.0163004473 0.0759990141 0.0400537401
v -0.0157906841 0.0759990141 0.0404838137
v -0.0101104984 0.0759990141 0.028259743
v -0.010421345 0.0785860345 0.0359459631
v -0.0109659173 0.0786707029 0.0354147591
v -0.011008977 0.0786707029 0.0354740061
v -0.0123498496 0.0786707029 0.0351089239
v -0.0130675798 0.0785860345 0.0353611633
v -0.0123357801 0.0786707029 0.0351807959
v -0.0117990067 0.0786707029 0.0357307047
v -0.0109659173 0.0786707029 0.0345840678
v -0.010421345 0.0785860345 0.0340528674
v -0.011008977 0.0786707029 0.0345248207
v -0.0122872209 0.0786707029 0.0353187993
v -0.0123148393 0.0786707029 0.035250973
v -0.0117093781 0.0785860345 0.0334917754
v -0.0116547886 0.0786707029 0.0342434943
v -0.0152418017 0.0759990141 0.0291361511
v -0.0144036822 0.0764924809 0.029328309
v -0.0146589288 0.0759990141 0.0288120266
v -0.00946697965 0.0759990141 0.0415638722
v -0.0102347573 0.0764924809 0.0411767252
v -0.0101104984 0.0759990141 0.0417390876
v -0.00752041023 0.0764924809 0.0301640891
v -0.00714901602 0.0759990141 0.0297238939
v -0.00440661982 0.0628991723 0.0383843109
v -0.00569972489 0.0628991723 0.0387659371
v -0.0110575361 0.0786707029 0.03552882
v -0.00498580514 0.0759990141 0.0369730927
v -0.00482620019 0.0759990141 0.0363255292
v -0.0057405876 0.0764924809 0.0326137766
v -0.00498580514 0.0759990141 0.0330257304
v -0.00520717725 0.0759990141 0.0323965959
v -0.00852540229 0.0764924809 0.0405284427
v -0.0088433614 0.0759990141 0.0413273759
v -0.0057405876 0.0764924809 0.0373850428
v -0.00520717725 0.0759990141 0.0376022309
v -0.00599818211 0.0764924809 0.0379394181
v -0.00548824063 0.0759990141 0.0382070653
v -0.0184297506 0.0759990141 0.0359967202
v -0.0183016118 0.0759990141 0.0366512351
v -0.0126649961 0.0764924809 0.0412354656
v -0.0134131853 0.0759990141 0.041659262
v -0.010503063 0.0784454495 0.0369718708
v -0.0108652795 0.0785860345 0.0363205075
v -0.019160701 0.0628991723 0.0325427689
v -0.0184091218 0.0628991723 0.0333766937
v -0.0194089878 0.0628991723 0.0335097536
v -0.00467089843 0.0759990141 0.0378694981
v -0.0140474876 0.0759990141 0.0414531641
v -0.0135410242 0.0759990141 0.0422437601
v -0.00599818211 0.0764924809 0.0320594124
v -0.00548824063 0.0759990141 0.0317917652
v -0.00482620019 0.0759990141 0.0336733013
v -0.00530309323 0.0764924809 0.0343888327
v -0.0047298274 0.0759990141 0.034333244
v -0.0163352378 0.0764924809 0.0391945578
v -0.0167663228 0.0759990141 0.0395764746
v -0.0118164662 0.0782497227 0.032017611
v -0.0122237811 0.0779999569 0.0313465334
v -0.0121032326 0.0782497227 0.0320524313
v -0.0138250804 0.07414902 0.0252502616
v -0.0138195204 0.07414902 0.0254542194
v -0.00937472656 0.07414902 0.0252502616
v -0.0104828039 0.07414902 0.0252634212
v -0.0104802735 0.07414902 0.0250624139
v -0.00527355261 0.0764924809 0.0349994153
v -0.0047298274 0.0759990141 0.0356655754
v -0.00469760085 0.0759990141 0.0349994153
v -0.0171839464 0.0759990141 0.0309423581
v -0.0163352378 0.0764924809 0.0308042709
v -0.0167663228 0.0759990141 0.030422356
v -0.0112737138 0.0785860345 0.0364754051
v -0.00379081373 0.0628991723 0.0335097536
v -0.00463513285 0.0628991723 0.0342987515
v -0.00479067862 0.0628991723 0.0333766937
v -0.0104059344 0.0782497227 0.0322585218
v -0.01159989 0.0628991723 0.0279995073
v -0.01159989 0.0628991723 0.0270495173
v -0.0134151056 0.0782497227 0.0326239057
v -0.0125962766 0.0628991723 0.0271122083
v -0.012532887 0.0628991723 0.0280619655
v -0.0100324303 0.077344127 0.0398235321
v -0.0102398265 0.0776975304 0.0391853116
v -0.00866593421 0.0782497227 0.0355738066
v -0.00862421654 0.0782497227 0.0352879614
v -0.017949447 0.0628991723 0.0379459187
v -0.0187931862 0.0628991723 0.0383843109
v -0.00909967534 0.0776975304 0.0313772
v -0.0094609363 0.0776975304 0.0311528053
v -0.00655118469 0.077344127 0.0354889669
v -0.00721914414 0.0776975304 0.035424199
v -0.00957415532 0.077344127 0.0303490944
v -0.0107679302 0.0759990141 0.0418513641
v -0.0147941774 0.0779999569 0.0368780978
v -0.0141768763 0.0782497227 0.0365150422
v -0.00752352318 0.0776975304 0.0366591215
v -0.00791447796 0.0769417062 0.0306311622
v -0.0115633598 0.0785860345 0.0334882475
v -0.0206094719 0.0753990039 0.0393382013
v -0.0180950146 0.0753990039 0.038749367
v -0.0185289085 0.0753990039 0.0378694981
v -0.00796315353 0.0779999569 0.0357113965
v -0.0106501617 0.0776975304 0.0307017919
v -0.0142762745 0.077344127 0.0393082388
v -0.0135505134 0.0776975304 0.038944874
v -0.0139222089 0.0776975304 0.0387381874
v -0.00938025024 0.07414902 0.0254542194
v -0.010954788 0.0782497227 0.0320801921
v -0.01159989 0.0628991723 0.0429493114
v -0.011132366 0.0628991723 0.0419836976
v -0.0106035015 0.0628991723 0.0428866223
v -0.0096449554 0.0764924809 0.0410161242
v -0.00931741577 0.0769417062 0.0402391106
v -0.00983379688 0.0769417062 0.0404349342
v -0.00655118469 0.077344127 0.0345098637
v -0.0158733241 0.0776975304 0.0339461081
v -0.0152668022 0.0779999569 0.0344639719
v -0.015197983 0.0779999569 0.0341125689
v -0.0138250804 0.0753990039 0.044748567
v -0.0125788171 0.0753990039 0.042435158
v -0.0135410242 0.0753990039 0.0422437601
v -0.011069376 0.0776975304 0.0393686369
v -0.0111532053 0.0779999569 0.0386781767
v -0.0117275082 0.0786707029 0.0357465073
v -0.0116547886 0.0786707029 0.0357553326
v -0.0157035366 0.077344127 0.0320179425
v -0.0153936902 0.0776975304 0.0327681266
v -0.0151606323 0.0776975304 0.0324123912
v -0.00719857542 0.0776975304 0.0349994153
v -0.00596449152 0.0628991723 0.0308472104
v -0.00488757016 0.0628991723 0.0307396501
v -0.00546132401 0.0628991723 0.0316353887
v -0.00488757016 0.0628991723 0.0392591804
v -0.0171490666 0.0769417062 0.0336316638
v -0.0166190453 0.077344127 0.0342665166
v -0.0165248737 0.077344127 0.0337855108
v -0.00409998372 0.0759990141 0.0349994153
v -0.00416416116 0.0759990141 0.034020476
v -0.0131097492 0.0785860345 0.0350724421
v -0.0138331 0.0784454495 0.0353255123
v -0.0130956499 0.0785860345 0.0352178216
v -0.0112315742 0.0786707029 0.0343370251
v -0.0109962272 0.0785860345 0.0336135849
v -0.0112972138 0.0786707029 0.0343045667
v -0.01385416 0.0784454495 0.034890376
v -0.0131097492 0.0785860345 0.0349263884
v -0.00378168887 0.0753990039 0.0412342362
v -0.006296671 0.0753990039 0.0403026454
v -0.0045289332 0.0753990039 0.0420703925
v -0.0102614369 0.0785860345 0.0342969336
v -0.0109288087 0.0786707029 0.0346472003
v -0.0124001987 0.0784454495 0.0371096581
v -0.0100882789 0.0785860345 0.0349994153
v -0.00934298895 0.0784454495 0.0349994153
v -0.0115276501 0.0782497227 0.0320106335
v -0.0118683157 0.0779999569 0.0313033648
v -0.00946051069 0.0782497227 0.0329111144
v -0.0150542744 0.077344127 0.0312850736
v -0.0158778131 0.0769417062 0.0312095042
v -0.0153966201 0.077344127 0.0316358097
v -0.0120138843 0.0769417062 0.0406996496
v -0.00588465855 0.0769417062 0.0349994153
v -0.00591133023 0.0769417062 0.035551019
v -0.00681924727 0.0769417062 0.0318673849
v -0.00666739326 0.0764924809 0.0310379453
v -0.00714385835 0.0769417062 0.0314206108
v -0.00630658912 0.0769417062 0.0371546075
v -0.0186708681 0.0753990039 0.027928438
v -0.0178346988 0.0753990039 0.0271811951
v -0.01159989 0.0759990141 0.0274995137
v -0.0106209517 0.0753990039 0.0275636725
v -0.01159989 0.0753990039 0.0274995137
v -0.01159989 0.0573992431 0.0279995073
v -0.0106669115 0.0573992431 0.0280619655
v -0.01159989 0.0573992431 0.0349994153
v -0.012532887 0.0573992431 0.0280619655
v -0.0151671637 0.0573992431 0.0289766844
v -0.0143325739 0.0573992431 0.0285549499
v -0.0134492256 0.0573992431 0.0282482244
v -0.0172353163 0.0573992431 0.0308472104
v -0.0166315939 0.0573992431 0.0301331282
v -0.0159380827 0.0573992431 0.0295058973
v -0.0184091218 0.0573992431 0.0333766937
v -0.018132085 0.0573992431 0.0324836001
v -0.0177384801 0.0573992431 0.0316353887
v -0.0185022894 0.0573992431 0.0361637101
v -0.0185958892 0.0573992431 0.0352333114
v -0.0185646396 0.0573992431 0.0342987515
v -0.0175000839 0.0573992431 0.0387659371
v -0.017949447 0.0573992431 0.0379459187
v -0.0182855334 0.0573992431 0.0370733179
v -0.0155614773 0.0573992431 0.0407704338
v -0.0162953194 0.0573992431 0.0401909053
v -0.0169453993 0.0573992431 0.0395187475
v -0.0129941814 0.0573992431 0.0418590568
v -0.0138960294 0.0573992431 0.0416120067
v -0.014756918 0.0573992431 0.0412469655
v -0.0102056181 0.0573992431 0.0418590568
v -0.011132366 0.0573992431 0.0419836976
v -0.0120674437 0.0573992431 0.0419836976
v -0.00763832871 0.0573992431 0.0407704338
v -0.00844285265 0.0573992431 0.0412469655
v -0.00930374302 0.0573992431 0.0416120067
v -0.00569972489 0.0573992431 0.0387659371
v -0.00625440478 0.0573992431 0.0395187475
v -0.00690445118 0.0573992431 0.0401909053
v -0.00469750958 0.0573992431 0.0361637101
v -0.00491427351 0.0573992431 0.0370733179
v -0.00525032915 0.0573992431 0.0379459187
v -0.00479067862 0.0573992431 0.0333766937
v -0.00463513285 0.0573992431 0.0342987515
v -0.00460388325 0.0573992431 0.0352333114
v -0.00596449152 0.0573992431 0.0308472104
v -0.00546132401 0.0573992431 0.0316353887
v -0.00506771402 0.0573992431 0.0324836001
v -0.0080326423 0.0573992431 0.0289766844
v -0.00726171536 0.0573992431 0.0295058973
v -0.00656818273 0.0573992431 0.0301331282
v -0.00975054596 0.0573992431 0.0282482244
v -0.00886719394 0.0573992431 0.0285549499
v -0.0108455289 0.0786707029 0.0350725651
v -0.01159989 0.0786989704 0.0349994153
v -0.0108979288 0.0786707029 0.0352852196
v -0.0109288087 0.0786707029 0.0353516303
v -0.0112315742 0.0786707029 0.0356618054
v -0.0112972138 0.0786707029 0.0356942564
v -0.0113656921 0.0786707029 0.0357202291
v -0.0114363413 0.0786707029 0.0357394665
v -0.0115085505 0.0786707029 0.0357517935
v -0.0115815792 0.0786707029 0.0357571021
v -0.0119998148 0.0786707029 0.0356432348
v -0.0121672023 0.0786707029 0.0355019979
v -0.0122130718 0.0786707029 0.0354448967
v -0.0122532006 0.0786707029 0.0353836417
v -0.0123569295 0.0786707029 0.0350360349
v -0.0123569295 0.0786707029 0.0349627957
v -0.0123498496 0.0786707029 0.0348899104
v -0.0123357801 0.0786707029 0.0348180383
v -0.0123148393 0.0786707029 0.0347478576
v -0.0122872209 0.0786707029 0.0346800312
v -0.0122532006 0.0786707029 0.0346151814
v -0.0122130718 0.0786707029 0.0345539227
v -0.0121672023 0.0786707029 0.0344968326
v -0.0121160522 0.0786707029 0.0344444215
v -0.0120600834 0.0786707029 0.0343971923
v -0.0119998148 0.0786707029 0.0343555957
v -0.0119357845 0.0786707029 0.0343200043
v -0.0118686464 0.0786707029 0.0342907533
v -0.0117990067 0.0786707029 0.0342681259
v -0.0117275082 0.0786707029 0.0342523232
v -0.0114363413 0.0786707029 0.0342593566
v -0.0113656921 0.0786707029 0.0342785977
v -0.0111693451 0.0786707029 0.0343756638
v -0.0111111561 0.0786707029 0.0344201364
v -0.0110575361 0.0786707029 0.0344700031
v -0.0108979288 0.0786707029 0.034713611
v -0.010873639 0.0786707029 0.0347826853
v -0.010856119 0.0786707029 0.0348537974
v -0.0108455289 0.0786707029 0.0349262655
v -0.010841989 0.0786707029 0.0349994153
v -0.00946697965 0.0759990141 0.0284349602
v -0.0090733692 0.0764924809 0.0291994698
v -0.0088433614 0.0759990141 0.0286714565
v -0.0144036822 0.0764924809 0.0406705216
v -0.0146589288 0.0759990141 0.0411868058
v -0.0149379456 0.0764924809 0.0403734446
v -0.0138432598 0.0764924809 0.0290841721
v -0.0140474876 0.0759990141 0.0285456683
v -0.0179188661 0.0764924809 0.0353050604
v -0.0184941106 0.0759990141 0.0353328921
v -0.0157906841 0.0759990141 0.0295150168
v -0.0149379456 0.0764924809 0.029625386
v -0.00707275327 0.0764924809 0.0305803921
v -0.00666061928 0.0759990141 0.030178098
v -0.00582634052 0.0759990141 0.0387819484
v -0.00666739326 0.0764924809 0.0389608853
v -0.006218364 0.0759990141 0.0393215194
v -0.0159082431 0.0764924809 0.0303668249
v -0.0163004473 0.0759990141 0.0299450904
v -0.0102347573 0.0764924809 0.0288221054
v -0.0184941106 0.0759990141 0.0346659385
v -0.00852540229 0.0764924809 0.0294703878
v -0.00752041023 0.0764924809 0.0398347415
v -0.0114470217 0.0764924809 0.0413239151
v -0.00630808389 0.0764924809 0.0384663306
v -0.00630808389 0.0764924809 0.0315324999
v -0.0179188661 0.0764924809 0.0346937701
v -0.00530309323 0.0764924809 0.0356099941
v -0.0138432598 0.0764924809 0.0409146473
v -0.013261877 0.0764924809 0.0288952757
v -0.0090733692 0.0764924809 0.040799357
v -0.01544102 0.0764924809 0.0299726408
v -0.0114470217 0.0764924809 0.0286749173
v -0.01159989 0.0759990141 0.0280971341
v -0.00591133023 0.0769417062 0.0344478153
v -0.0154920788 0.0769417062 0.0391845107
v -0.0158778131 0.0769417062 0.0387893245
v -0.00653928332 0.0769417062 0.03234341
v -0.00931741577 0.0769417062 0.0297597237
v -0.0096449554 0.0764924809 0.0289827026
v -0.00983379688 0.0769417062 0.0295638852
v -0.00751006417 0.0769417062 0.031007247
v -0.0103666252 0.0769417062 0.0294188075
v -0.0154920788 0.0769417062 0.0308143198
v -0.0136265624 0.0769417062 0.0296555646
v -0.0178598482 0.0764924809 0.0340853259
v -0.0173084643 0.0769417062 0.0347232893
v -0.0172551759 0.0769417062 0.0341736227
v -0.00835325476 0.0769417062 0.0397029743
v -0.0131013291 0.0769417062 0.0294849165
v -0.00653928332 0.0769417062 0.0376554206
v -0.00681924727 0.0769417062 0.0381314419
v -0.0146155003 0.0769417062 0.0301444978
v -0.0150699951 0.0769417062 0.0304582026
v -0.0162236392 0.0769417062 0.0316400789
v -0.0167180113 0.0764924809 0.0312808827
v -0.0165262744 0.0769417062 0.0321020111
v -0.0173370857 0.0764924809 0.0323334821
v -0.0167829227 0.0769417062 0.0325910076
v -0.0169911701 0.0769417062 0.0331024788
v -0.0173084643 0.0769417062 0.0352755412
v -0.00630658912 0.0769417062 0.0328442231
v -0.0125620961 0.0769417062 0.02936575
v -0.0146155003 0.0769417062 0.0398543328
v -0.0141328461 0.0769417062 0.0401227213
v -0.0136265624 0.0769417062 0.0403432623
v -0.0167180113 0.0764924809 0.0387179442
v -0.0162236392 0.0769417062 0.0383587517
v -0.00714385835 0.0769417062 0.0385782197
v -0.00751006417 0.0769417062 0.0389915816
v -0.00652750302 0.077344127 0.0349994153
v -0.0163847376 0.077344127 0.0366829708
v -0.0161998887 0.077344127 0.0371369198
v -0.00735699059 0.077344127 0.0322196931
v -0.00764510361 0.077344127 0.0318231657
v -0.00797011144 0.077344127 0.0314563029
v -0.0125620961 0.0769417062 0.0406330824
v -0.0119673144 0.077344127 0.0400584713
v -0.0114773307 0.077344127 0.0299285203
v -0.0114617907 0.0769417062 0.0292858407
v -0.0124538774 0.077344127 0.0299994405
v -0.0129324524 0.077344127 0.0301051997
v -0.0165248737 0.077344127 0.0362133197
v -0.0146796498 0.077344127 0.0309690163
v -0.0163847376 0.077344127 0.0333158486
v -0.0150542744 0.077344127 0.0387137569
v -0.0153966201 0.077344127 0.0383630246
v -0.015972143 0.077344127 0.0324279182
v -0.0161998887 0.077344127 0.0328619033
v -0.00710851979 0.077344127 0.0326421559
v -0.00735699059 0.077344127 0.0377791375
v -0.0133985961 0.077344127 0.0302566569
v -0.00710851979 0.077344127 0.0373566672
v -0.00690197945 0.077344127 0.0369121805
v -0.0146796498 0.077344127 0.0390298106
v -0.0166190453 0.077344127 0.0357323177
v -0.0166663546 0.077344127 0.0352444835
v -0.0166663546 0.077344127 0.0347543471
v -0.0138479304 0.077344127 0.0395464376
v -0.0157035366 0.077344127 0.037980888
v -0.015972143 0.077344127 0.0375709012
v -0.00791447796 0.0769417062 0.0393676683
v -0.00662201503 0.077344127 0.0359739512
v -0.0133985961 0.077344127 0.0397421755
v -0.0150699951 0.0769417062 0.0395406261
v -0.00957415532 0.077344127 0.0396497361
v -0.00797011144 0.077344127 0.0385425277
v -0.0106501617 0.0776975304 0.0392970406
v -0.0131606292 0.0776975304 0.0391147099
v -0.0081683211 0.0776975304 0.0322433822
v -0.0098421583 0.0776975304 0.030964328
v -0.0148943365 0.0776975304 0.0320808031
v -0.0157517157 0.0776975304 0.0335385837
v -0.0155913476 0.0776975304 0.0331447013
v -0.0114935311 0.0776975304 0.030599393
v -0.0142722148 0.0776975304 0.0384966023
v -0.0127561539 0.0776975304 0.0307526905
v -0.0135505134 0.0776975304 0.0310539566
v -0.0131606292 0.0776975304 0.0308841188
v -0.0139222089 0.0776975304 0.0312606432
v -0.0142722148 0.0776975304 0.031502232
v -0.00791832339 0.0776975304 0.0374113955
v -0.0127561539 0.0776975304 0.0392461307
v -0.0159550216 0.0776975304 0.034363471
v -0.0153936902 0.0776975304 0.0372307077
v -0.0151606323 0.0776975304 0.0375864394
v -0.0155913476 0.0776975304 0.036854133
v -0.0100324303 0.077344127 0.0301752985
v -0.0159960724 0.0776975304 0.0347867683
v -0.00770271989 0.0776975304 0.037044812
v -0.0148943365 0.0776975304 0.0379180238
v -0.00804884639 0.0779999569 0.0339397602
v -0.0153013412 0.0779999569 0.0351784527
v -0.00979894586 0.0779999569 0.0317606777
v -0.010119928 0.0779999569 0.0383968502
v -0.0104547543 0.0779999569 0.0385238305
v -0.0108002396 0.0779999569 0.0313809328
v -0.0157517157 0.0776975304 0.0364602469
v -0.0129139824 0.0779999569 0.031534452
v -0.0132422578 0.0779999569 0.0316774473
v -0.0135552138 0.0779999569 0.0318514779
v -0.0149605861 0.0779999569 0.0334377959
v -0.0147941774 0.0779999569 0.033120729
v -0.0108002396 0.0779999569 0.0386178978
v -0.0138499197 0.0779999569 0.0320548862
v -0.0135552138 0.0779999569 0.0381473526
v -0.00949478056 0.0779999569 0.0380492136
v -0.00871058088 0.0779999569 0.0373199284
v -0.00850013457 0.0779999569 0.0370302275
v -0.0111532053 0.0779999569 0.0313206539
v -0.0115103507 0.0779999569 0.0312947147
v -0.00831858814 0.0779999569 0.0367215723
v -0.00895270333 0.0782497227 0.0363887772
v -0.00866593421 0.0782497227 0.0344250202
v -0.00873508584 0.0782497227 0.0341445394
v -0.00883097108 0.0782497227 0.0338720307
v -0.010954788 0.0782497227 0.0379186347
v -0.0112395342 0.0782497227 0.0379672647
v -0.0092689544 0.0782497227 0.0331273377
v -0.0125734471 0.0779999569 0.0314237997
v -0.0123853097 0.0782497227 0.0321147703
v -0.0112395342 0.0782497227 0.0320315622
v -0.0126600554 0.0782497227 0.0322040431
v -0.0129248817 0.0782497227 0.0323194116
v -0.0131773483 0.0782497227 0.0324597992
v -0.00909915566 0.0782497227 0.0333610475
v -0.0145026809 0.0782497227 0.0342839435
v -0.00909915566 0.0782497227 0.0366377719
v -0.0145860501 0.0782497227 0.0351438522
v -0.00990157388 0.0782497227 0.0374598503
v -0.0136359027 0.0782497227 0.037188638
v -0.0134151056 0.0782497227 0.0373749211
v -0.00862421654 0.0782497227 0.0347108692
v -0.0106760412 0.0782497227 0.0378427394
v -0.00895270333 0.0782497227 0.0336100534
v -0.0115276501 0.0782497227 0.0379881971
v -0.00935351662 0.0784454495 0.0347815864
v -0.00938504096 0.0784454495 0.0345657989
v -0.00950961281 0.0784454495 0.0341483466
v -0.00960149895 0.0784454495 0.0339505784
v -0.0136466119 0.0784454495 0.0359504707
v -0.00960149895 0.0784454495 0.0360482521
v -0.00950961281 0.0784454495 0.0358504839
v -0.00998485647 0.0784454495 0.0334229469
v -0.00984023511 0.0784454495 0.0335861742
v -0.0101445485 0.0784454495 0.0332744271
v -0.0103178257 0.0784454495 0.0331420191
v -0.00984023511 0.0784454495 0.03641266
v -0.00971206278 0.0784454495 0.0362362266
v -0.0113278525 0.0784454495 0.037239857
v -0.0111128958 0.0784454495 0.0372031443
v -0.0137912007 0.0784454495 0.0355395265
v -0.0119798547 0.0784454495 0.0327747241
v -0.0117633678 0.0784454495 0.0327484459
v -0.0131368786 0.0784454495 0.0333467573
v -0.0129702017 0.0784454495 0.0332061276
v -0.0117633678 0.0784454495 0.0372503847
v -0.0115453498 0.0784454495 0.037255656
v -0.0126001462 0.0784454495 0.0329762585
v -0.0124001987 0.0784454495 0.0328891724
v -0.0127907237 0.0784454495 0.0330822505
v -0.0132892272 0.0784454495 0.0335028134
v -0.0134257553 0.0784454495 0.0336728431
v -0.0137288515 0.0784454495 0.0342503339
v -0.00943722576 0.0784454495 0.0356447659
v -0.0137912007 0.0784454495 0.0344593041
v -0.0138331 0.0784454495 0.034673322
v -0.0126001462 0.0784454495 0.0370225608
v -0.0106985606 0.0784454495 0.0370685309
v -0.0111128958 0.0784454495 0.0327956825
v -0.0101445485 0.0784454495 0.0367244035
v -0.00971206278 0.0784454495 0.0337626003
v -0.0103178257 0.0784454495 0.0368568078
v -0.0135452636 0.0784454495 0.0361435711
v -0.01385416 0.0784454495 0.0351084545
v -0.00938504096 0.0784454495 0.0354330316
v -0.0100953598 0.0785860345 0.0348535292
v -0.0101164486 0.0785860345 0.0347089879
v -0.0103354659 0.0785860345 0.0341710337
v -0.0105182035 0.0785860345 0.0339435413
v -0.0106251314 0.0785860345 0.0338440686
v -0.010741191 0.0785860345 0.0337553844
v -0.0122698303 0.0785860345 0.0363544598
v -0.0111327851 0.0785860345 0.0335617848
v -0.0108652795 0.0785860345 0.033678323
v -0.0122698303 0.0785860345 0.0336443596
v -0.012135922 0.0785860345 0.0335860364
v -0.0123974793 0.0785860345 0.0337153524
v -0.0125176869 0.0785860345 0.0337983221
v -0.0126293255 0.0785860345 0.0338925086
v -0.0127313444 0.0785860345 0.0339970291
v -0.012822804 0.0785860345 0.0341109149
v -0.0129028428 0.0785860345 0.0342330821
v -0.0129707512 0.0785860345 0.0343624242
v -0.0130258016 0.0785860345 0.0344977006
v -0.0130675798 0.0785860345 0.0346376598
v -0.0130956499 0.0785860345 0.0347809978
v -0.0114177009 0.0785860345 0.0365000069
v -0.0115633598 0.0785860345 0.0365105756
v -0.012822804 0.0785860345 0.0358879119
v -0.0103354659 0.0785860345 0.0358277932
v -0.0102614369 0.0785860345 0.0357018933
v -0.0101998774 0.0785860345 0.0355694368
v -0.0129028428 0.0785860345 0.0357657373
v -0.006296671 0.0759990141 0.0296961833
v -0.0106209517 0.0759990141 0.0275636725
v -0.0125788171 0.0759990141 0.042435158
v -0.0144699914 0.0759990141 0.0280704051
v -0.0144699914 0.0759990141 0.0419284254
v -0.0190997925 0.0759990141 0.0349994153
v -0.00703424029 0.0759990141 0.0409494862
v -0.00784993544 0.0759990141 0.0285043102
v -0.0087298071 0.0759990141 0.0280704051
v -0.00965877995 0.0759990141 0.0277550705
v -0.00965877995 0.0759990141 0.0422437601
v -0.0161655601 0.0759990141 0.0290493425
v -0.0169031303 0.0759990141 0.0403026454
v -0.0175499711 0.0759990141 0.039565064
v -0.0180950146 0.0759990141 0.0312494636
v -0.0185289085 0.0759990141 0.032129325
v -0.0185289085 0.0759990141 0.0378694981
v -0.019035643 0.0759990141 0.0359783545
v -0.0188442357 0.0759990141 0.0369405299
v -0.00416416116 0.0759990141 0.0359783545
v -0.00435553445 0.0759990141 0.0369405299
v -0.00467089843 0.0759990141 0.032129325
v -0.00510479137 0.0759990141 0.0312494636
v -0.00510479137 0.0759990141 0.038749367
v -0.018110916 0.0759990141 0.0327084959
v -0.0175499711 0.0759990141 0.0304337647
v -0.0169031303 0.0759990141 0.0296961833
v -0.0153498407 0.0759990141 0.0285043102
v -0.00784993544 0.0759990141 0.0414945222
v -0.0125788171 0.0759990141 0.0275636725
v -0.0120998528 0.0759990141 0.0281152632
v -0.00703424029 0.0759990141 0.0290493425
v -0.00564982835 0.0759990141 0.039565064
v -0.0106209517 0.0759990141 0.042435158
v -0.00435553445 0.0759990141 0.0330583006
v -0.00965877995 0.0753990039 0.0277550705
v -0.0087298071 0.0753990039 0.0280704051
v -0.00784993544 0.0753990039 0.0285043102
v -0.00703424029 0.0753990039 0.0290493425
v -0.006296671 0.0753990039 0.0296961833
v -0.00564982835 0.0753990039 0.0304337647
v -0.00510479137 0.0753990039 0.0312494636
v -0.00467089843 0.0753990039 0.032129325
v -0.00435553445 0.0753990039 0.0330583006
v -0.00416416116 0.0753990039 0.034020476
v -0.00467089843 0.0753990039 0.0378694981
v -0.00510479137 0.0753990039 0.038749367
v -0.00564982835 0.0753990039 0.039565064
v -0.006296671 0.0759990141 0.0403026454
v -0.00703424029 0.0753990039 0.0409494862
v -0.00784993544 0.0753990039 0.0414945222
v -0.0087298071 0.0753990039 0.0419284254
v -0.0087298071 0.0759990141 0.0419284254
v -0.00965877995 0.0753990039 0.0422437601
v -0.01159989 0.0753990039 0.0424993187
v -0.0144699914 0.0753990039 0.0419284254
v -0.0153498407 0.0753990039 0.0414945222
v -0.0188442357 0.0753990039 0.0369405299
v -0.019035643 0.0753990039 0.0359783545
v -0.0190997925 0.0753990039 0.0349994153
v -0.019035643 0.0753990039 0.034020476
v -0.0188442357 0.0753990039 0.0330583006
v -0.0188442357 0.0759990141 0.0330583006
v -0.0185289085 0.0753990039 0.032129325
v -0.0180950146 0.0753990039 0.0312494636
v -0.0175499711 0.0753990039 0.0304337647
v -0.0169031303 0.0753990039 0.0296961833
v -0.0161655601 0.0753990039 0.0290493425
v -0.0135410242 0.0753990039 0.0277550705
v -0.01159989 0.0753990039 0.0249995459
v -0.01159989 0.07414902 0.0249995459
v -0.00216119573 0.0753990039 0.0316966698
v -0.00185074494 0.0753990039 0.0327742323
v -0.00166291138 0.0753990039 0.0338797793
v -0.00160001614 0.0753990039 0.0349994153
v -0.00259032939 0.0753990039 0.0306606311
v -0.00313277123 0.0753990039 0.0296791643
v -0.00536507322 0.0753990039 0.0428176224
v -0.0200670287 0.0753990039 0.0403196663
v -0.0210386068 0.0753990039 0.0316966698
v -0.00259032939 0.0753990039 0.0393382013
v -0.00313277123 0.0753990039 0.0403196663
v -0.0159386639 0.0753990039 0.0440089889
v -0.0104802735 0.0753990039 0.0250624139
v -0.0200670287 0.0753990039 0.0296791643
v -0.0194181167 0.0753990039 0.0287645962
v -0.0206094719 0.0753990039 0.0306606311
v -0.00216119573 0.0753990039 0.0383021608
v -0.0149026364 0.0753990039 0.0444381237
v -0.00829716399 0.0753990039 0.0444381237
v -0.00627964269 0.0753990039 0.0434665456
v -0.00829716399 0.0753990039 0.0255607087
v -0.00726110581 0.0753990039 0.0440089889
v -0.0210386068 0.0753990039 0.0383021608
v -0.0213490631 0.0753990039 0.0372245945
v -0.0215368904 0.0753990039 0.0361190401
v -0.0215997603 0.0753990039 0.0349994153
v -0.00937472656 0.0753990039 0.0252502616
v -0.00726110581 0.0753990039 0.0259898435
v -0.0149026364 0.0753990039 0.0255607087
v -0.01159989 0.0753990039 0.0449992865
v -0.0127195343 0.0753990039 0.0449364036
v -0.00627964269 0.0753990039 0.0265322868
v -0.0213490631 0.0753990039 0.0327742323
v -0.00536507322 0.0753990039 0.0271811951
v -0.0045289332 0.0753990039 0.027928438
v -0.00627964269 0.07414902 0.0265322868
v -0.00536507322 0.07414902 0.0271811951
v -0.0045289332 0.07414902 0.027928438
v -0.00378168887 0.07414902 0.0287645962
v -0.00378168887 0.0753990039 0.0287645962
v -0.00313277123 0.07414902 0.0296791643
v -0.00259032939 0.07414902 0.0306606311
v -0.00216119573 0.07414902 0.0316966698
v -0.00185074494 0.07414902 0.0327742323
v -0.00166291138 0.07414902 0.0338797793
v -0.00160001614 0.07414902 0.0349994153
v -0.00166291138 0.07414902 0.0361190401
v -0.00185074494 0.07414902 0.0372245945
v -0.00216119573 0.07414902 0.0383021608
v -0.00259032939 0.07414902 0.0393382013
v -0.00313277123 0.07414902 0.0403196663
v -0.00378168887 0.07414902 0.0412342362
v -0.0045289332 0.07414902 0.0420703925
v -0.00536507322 0.07414902 0.0428176224
v -0.00627964269 0.07414902 0.0434665456
v -0.00726110581 0.07414902 0.0440089889
v -0.00829716399 0.07414902 0.0444381237
v -0.00937472656 0.07414902 0.044748567
v -0.0104802735 0.07414902 0.0449364036
v -0.01159989 0.07414902 0.0449992865
v -0.0127195343 0.07414902 0.0449364036
v -0.0138250804 0.07414902 0.044748567
v -0.0149026364 0.07414902 0.0444381237
v -0.0159386639 0.07414902 0.0440089889
v -0.0169201605 0.07414902 0.0434665456
v -0.0178346988 0.07414902 0.0428176224
v -0.0186708681 0.07414902 0.0420703925
v -0.0186708681 0.0753990039 0.0420703925
v -0.0194181167 0.07414902 0.0412342362
v -0.0200670287 0.07414902 0.0403196663
v -0.0206094719 0.07414902 0.0393382013
v -0.0210386068 0.07414902 0.0383021608
v -0.0213490631 0.07414902 0.0372245945
v -0.0215368904 0.07414902 0.0361190401
v -0.0215997603 0.07414902 0.0349994153
v -0.0215368904 0.07414902 0.0338797793
v -0.0215368904 0.0753990039 0.0338797793
v -0.0213490631 0.07414902 0.0327742323
v -0.0210386068 0.07414902 0.0316966698
v -0.0206094719 0.07414902 0.0306606311
v -0.0200670287 0.07414902 0.0296791643
v -0.0186708681 0.07414902 0.027928438
v -0.0169201605 0.07414902 0.0265322868
v -0.0169201605 0.0753990039 0.0265322868
v -0.00457208464 0.0739490315 0.0281695146
v -0.00539644482 0.07414902 0.0274129249
v -0.00457208464 0.07414902 0.0281695146
v -0.0159386639 0.07414902 0.0259898435
v -0.0149026364 0.07414902 0.0255607087
v -0.0104828039 0.0739490315 0.0252634212
v -0.01159989 0.0739490315 0.0251995418
v -0.00778508559 0.07414902 0.0440263078
v -0.00883896556 0.07414902 0.0444023237
v -0.00992879551 0.07414902 0.0446557626
v -0.0110404473 0.07414902 0.0447832979
v -0.0121593624 0.07414902 0.0447832979
v -0.0132710077 0.07414902 0.0446557626
v -0.0143608339 0.07414902 0.0444023237
v -0.0154146897 0.07414902 0.0440263078
v -0.0164188277 0.07414902 0.0435326137
v -0.0173601247 0.07414902 0.0429276824
v -0.0182263236 0.07414902 0.0422193818
v -0.0190061629 0.07414902 0.0414169617
v -0.0196894147 0.07414902 0.0405308828
v -0.0202672277 0.07414902 0.0395726971
v -0.0207320601 0.07414902 0.0385548808
v -0.0210778266 0.07414902 0.0374907255
v -0.0213000122 0.07414902 0.0363940783
v -0.0213957839 0.07414902 0.0352792628
v -0.0213638321 0.07414902 0.0341607854
v -0.0212045945 0.07414902 0.0330532528
v -0.0209201388 0.07414902 0.0319710858
v -0.0205141734 0.07414902 0.0309283994
v -0.01999202 0.07414902 0.0299387909
v -0.00383936614 0.07414902 0.0290151425
v -0.00320778321 0.07414902 0.0299387909
v -0.00268563395 0.07414902 0.0309283994
v -0.00227966439 0.07414902 0.0319710858
v -0.0019952131 0.07414902 0.0330532528
v -0.00183597521 0.07414902 0.0341607854
v -0.00180402352 0.07414902 0.0352792628
v -0.00189978629 0.07414902 0.0363940783
v -0.00212198147 0.07414902 0.0374907255
v -0.00246774079 0.07414902 0.0385548808
v -0.00293257879 0.07414902 0.0395726971
v -0.00351039134 0.07414902 0.0405308828
v -0.00419364078 0.07414902 0.0414169617
v -0.00497347675 0.07414902 0.0422193818
v -0.00583967613 0.07414902 0.0429276824
v -0.00678097876 0.07414902 0.0435326137
v -0.00938025024 0.0739490315 0.0254542194
v -0.0083066551 0.0739490315 0.0257694647
v -0.00727599859 0.0739490315 0.0262050293
v -0.00727599859 0.07414902 0.0262050293
v -0.00630167592 0.0739490315 0.0267552435
v -0.00630167592 0.07414902 0.0267552435
v -0.00539644482 0.0739490315 0.0274129249
v -0.00383936614 0.0739490315 0.0290151425
v -0.00497347675 0.0739490315 0.0422193818
v -0.00320778321 0.0739490315 0.0299387909
v -0.00268563395 0.0739490315 0.0309283994
v -0.00227966439 0.0739490315 0.0319710858
v -0.0019952131 0.0739490315 0.0330532528
v -0.00183597521 0.0739490315 0.0341607854
v -0.00180402352 0.0739490315 0.0352792628
v -0.00189978629 0.0739490315 0.0363940783
v -0.00212198147 0.0739490315 0.0374907255
v -0.00246774079 0.0739490315 0.0385548808
v -0.00293257879 0.0739490315 0.0395726971
v -0.00351039134 0.0739490315 0.0405308828
v -0.00419364078 0.0739490315 0.0414169617
v -0.00583967613 0.0739490315 0.0429276824
v -0.00778508559 0.0739490315 0.0440263078
v -0.00678097876 0.0739490315 0.0435326137
v -0.00883896556 0.0739490315 0.0444023237
v -0.0154146897 0.0739490315 0.0440263078
v -0.00992879551 0.0739490315 0.0446557626
v -0.0110404473 0.0739490315 0.0447832979
v -0.0121593624 0.0739490315 0.0447832979
v -0.0132710077 0.0739490315 0.0446557626
v -0.0143608339 0.0739490315 0.0444023237
v -0.0164188277 0.0739490315 0.0435326137
v -0.0190061629 0.0739490315 0.0414169617
v -0.0173601247 0.0739490315 0.0429276824
v -0.0182263236 0.0739490315 0.0422193818
v -0.0196894147 0.0739490315 0.0405308828
v -0.0178033281 0.0739490315 0.0274129249
v -0.0202672277 0.0739490315 0.0395726971
v -0.0207320601 0.0739490315 0.0385548808
v -0.0210778266 0.0739490315 0.0374907255
v -0.0213000122 0.0739490315 0.0363940783
v -0.0213957839 0.0739490315 0.0352792628
v -0.0213638321 0.0739490315 0.0341607854
v -0.0212045945 0.0739490315 0.0330532528
v -0.0209201388 0.0739490315 0.0319710858
v -0.0205141734 0.0739490315 0.0309283994
v -0.01999202 0.0739490315 0.0299387909
v -0.019360438 0.0739490315 0.0290151425
v -0.0186276883 0.0739490315 0.0281695146
v -0.0168980993 0.0739490315 0.0267552435
v -0.0159238037 0.0739490315 0.0262050293
v -0.0159238037 0.07414902 0.0262050293
v -0.0148931462 0.0739490315 0.0257694647
v -0.0148931462 0.07414902 0.0257694647
v -0.0138195204 0.0739490315 0.0254542194
v -0.0127169946 0.0739490315 0.0252634212
v -0.00547438581 0.0729990527 0.0299319606
v -0.00488757016 0.0729990527 0.0307396501
v -0.01159989 0.0729990527 0.0270495173
v -0.0106035015 0.0729990527 0.0271122083
v -0.0096228309 0.0729990527 0.0272992738
v -0.0086733494 0.0628991723 0.0276077911
v -0.0086733494 0.0729990527 0.0276077911
v -0.00777001027 0.0628991723 0.0280328654
v -0.00777001027 0.0729990527 0.0280328654
v -0.00692706509 0.0628991723 0.0285678096
v -0.00692706509 0.0729990527 0.0285678096
v -0.00615781778 0.0628991723 0.0292041916
v -0.00615781778 0.0729990527 0.0292041916
v -0.00547438581 0.0628991723 0.0299319606
v -0.00440661982 0.0628991723 0.0316145197
v -0.00440661982 0.0729990527 0.0316145197
v -0.00488757016 0.0729990527 0.0392591804
v -0.00547438581 0.0729990527 0.0400668681
v -0.00403910177 0.0628991723 0.0325427689
v -0.00403910177 0.0729990527 0.0325427689
v -0.00379081373 0.0729990527 0.0335097536
v -0.00366569334 0.0628991723 0.0345002413
v -0.00366569334 0.0729990527 0.0345002413
v -0.00366569334 0.0729990527 0.0354985893
v -0.00379081373 0.0628991723 0.0364890769
v -0.00379081373 0.0729990527 0.0364890769
v -0.00403910177 0.0729990527 0.0374560654
v -0.00440661982 0.0729990527 0.0383843109
v -0.00615781778 0.0729990527 0.0407946408
v -0.0096228309 0.0729990527 0.0426995568
v -0.0106035015 0.0729990527 0.0428866223
v -0.00692706509 0.0729990527 0.0414310209
v -0.00777001027 0.0729990527 0.0419659652
v -0.0086733494 0.0628991723 0.0423910394
v -0.0086733494 0.0729990527 0.0423910394
v -0.0096228309 0.0628991723 0.0426995568
v -0.01159989 0.0729990527 0.0429493114
v -0.0135769434 0.0628991723 0.0426995568
v -0.0125962766 0.0729990527 0.0428866223
v -0.0135769434 0.0729990527 0.0426995568
v -0.014526451 0.0628991723 0.0423910394
v -0.014526451 0.0729990527 0.0423910394
v -0.0183122307 0.0628991723 0.0392591804
v -0.0177253895 0.0729990527 0.0400668681
v -0.0183122307 0.0729990527 0.0392591804
v -0.0154297892 0.0729990527 0.0419659652
v -0.0162727386 0.0628991723 0.0414310209
v -0.0162727386 0.0729990527 0.0414310209
v -0.0170419887 0.0628991723 0.0407946408
v -0.0170419887 0.0729990527 0.0407946408
v -0.0187931862 0.0729990527 0.0383843109
v -0.0183122307 0.0729990527 0.0307396501
v -0.0177253895 0.0729990527 0.0299319606
v -0.019160701 0.0729990527 0.0374560654
v -0.0194089878 0.0729990527 0.0364890769
v -0.0195341073 0.0729990527 0.0354985893
v -0.0195341073 0.0628991723 0.0345002413
v -0.0195341073 0.0729990527 0.0345002413
v -0.0194089878 0.0729990527 0.0335097536
v -0.019160701 0.0729990527 0.0325427689
v -0.0187931862 0.0628991723 0.0316145197
v -0.0187931862 0.0729990527 0.0316145197
v -0.0183122307 0.0628991723 0.0307396501
v -0.0170419887 0.0628991723 0.0292041916
v -0.0170419887 0.0729990527 0.0292041916
v -0.0162727386 0.0628991723 0.0285678096
v -0.0162727386 0.0729990527 0.0285678096
v -0.0154297892 0.0729990527 0.0280328654
v -0.014526451 0.0729990527 0.0276077911
v -0.0135769434 0.0628991723 0.0272992738
v -0.0135769434 0.0729990527 0.0272992738
v -0.0125962766 0.0729990527 0.0271122083
v -0.0102056181 0.0628991723 0.0418590568
v -0.00690445118 0.0628991723 0.0401909053
v -0.00506771402 0.0628991723 0.0324836001
v -0.0177384801 0.0628991723 0.0316353887
v -0.018132085 0.0628991723 0.0324836001
v -0.0138960294 0.0628991723 0.0416120067
v -0.00656818273 0.0628991723 0.0301331282
v -0.0080326423 0.0628991723 0.0289766844
v -0.00975054596 0.0628991723 0.0282482244
v -0.00886719394 0.0628991723 0.0285549499
v -0.00726171536 0.0628991723 0.0295058973
v -0.00844285265 0.0628991723 0.0412469655
v -0.00930374302 0.0628991723 0.0416120067
v -0.0162953194 0.0628991723 0.0401909053
v -0.0185958892 0.0628991723 0.0352333114
v -0.0185646396 0.0628991723 0.0342987515
v -0.0159380827 0.0628991723 0.0295058973
v -0.0149605861 0.0779999569 0.0365610346
v -0.00816767942 0.0779999569 0.0363968462
v -0.0152668022 0.0779999569 0.0355348587
v -0.0158733241 0.0776975304 0.0360527188
v -0.0159960724 0.0776975304 0.0352120623
v -0.011069376 0.0776975304 0.0306301918
v -0.00835325476 0.0769417062 0.0302958563
v -0.0159082431 0.0764924809 0.0396319963
v -0.0175676122 0.0764924809 0.0328996554
v -0.00770271989 0.0776975304 0.0329540223
v -0.0159550216 0.0776975304 0.0356353559
v -0.0115453498 0.0784454495 0.0327431671
v -0.0120581333 0.0764924809 0.0286896862
v -0.0120138843 0.0769417062 0.0292991791
v -0.013261877 0.0764924809 0.0411035568
v -0.010503063 0.0784454495 0.0330269523
v -0.00553770876 0.0764924809 0.0368084013
v -0.00553770876 0.0764924809 0.033190418
v -0.000690534187 0.0854988843 -0.0215683896
v -0.00102480466 0.0834524557 -0.0231050011
v -0.00102480466 0.0854988843 -0.0231050011
v -0.00157434156 0.0834524557 -0.0245783795
v -0.00157434156 0.0854988843 -0.0245783795
v -0.0147050191 0.0854988843 -0.00942478143
v -0.0131684085 0.0834524557 -0.00909050927
v -0.0131684085 0.0854988843 -0.00909050927
v -0.022175001 0.0854988843 -0.0231050011
v -0.0225092359 0.0834524557 -0.0215683896
v -0.0225092359 0.0854988843 -0.0215683896
v -0.00438231928 0.0854988843 -0.0283294003
v -0.00564118801 0.0834524557 -0.0292717889
v -0.00564118801 0.0854988843 -0.0292717889
v -0.0226214249 0.0834524557 -0.0199998692
v -0.0226214249 0.0854988843 -0.0199998692
v -0.0199294314 0.0854988843 -0.0127822943
v -0.0188174862 0.0834524557 -0.0116703389
v -0.0188174862 0.0854988843 -0.0116703389
v -0.00438231928 0.0854988843 -0.0116703389
v -0.00327037345 0.0834524557 -0.0127822943
v -0.00327037345 0.0854988843 -0.0127822943
v -0.0175585803 0.0854988843 -0.0292717889
v -0.0188174862 0.0834524557 -0.0283294003
v -0.0188174862 0.0854988843 -0.0283294003
v -0.0208718181 0.0854988843 -0.0259585641
v -0.0216254294 0.0834524557 -0.0245783795
v -0.0216254294 0.0854988843 -0.0245783795
v -0.0208718181 0.0854988843 -0.0140411677
v -0.0199294314 0.0834524557 -0.0127822943
v -0.00057834544 0.0854988843 -0.0199998692
v -0.000690534187 0.0834524557 -0.0215683896
v -0.00327037345 0.0854988843 -0.0272174459
v -0.00438231928 0.0834524557 -0.0283294003
v -0.022175001 0.0854988843 -0.016894741
v -0.0216254294 0.0834524557 -0.0154213598
v -0.0216254294 0.0854988843 -0.0154213598
v -0.00702138897 0.0854988843 -0.0300254207
v -0.00849475805 0.0834524557 -0.0305749625
v -0.00849475805 0.0854988843 -0.0305749625
v -0.0161784198 0.0854988843 -0.0300254207
v -0.0175585803 0.0834524557 -0.0292717889
v -0.022175001 0.0834524557 -0.0231050011
v -0.000690534187 0.0854988843 -0.0184313394
v -0.00057834544 0.0834524557 -0.0199998692
v -0.00232798071 0.0834524557 -0.0259585641
v -0.00232798071 0.0854988843 -0.0259585641
v -0.0175585803 0.0834524557 -0.0107279513
v -0.0175585803 0.0854988843 -0.0107279513
v -0.0100313602 0.0854988843 -0.0309092291
v -0.01159989 0.0834524557 -0.0310214162
v -0.01159989 0.0854988843 -0.0310214162
v -0.00102480466 0.0854988843 -0.016894741
v -0.000690534187 0.0834524557 -0.0184313394
v -0.0208718181 0.0834524557 -0.0140411677
v -0.01159989 0.0834524557 -0.0089783296
v -0.01159989 0.0854988843 -0.0089783296
v -0.0131684085 0.0854988843 -0.0309092291
v -0.0147050191 0.0834524557 -0.0305749625
v -0.0147050191 0.0854988843 -0.0305749625
v -0.0161784198 0.0834524557 -0.00997432508
v -0.0161784198 0.0854988843 -0.00997432508
v -0.0100313602 0.0854988843 -0.00909050927
v -0.00849475805 0.0834524557 -0.00942478143
v -0.00849475805 0.0854988843 -0.00942478143
v -0.0199294314 0.0834524557 -0.0272174459
v -0.0199294314 0.0854988843 -0.0272174459
v -0.00327037345 0.0834524557 -0.0272174459
v -0.0208718181 0.0834524557 -0.0259585641
v -0.00157434156 0.0854988843 -0.0154213598
v -0.00102480466 0.0834524557 -0.016894741
v -0.0100313602 0.0834524557 -0.0309092291
v -0.0225092359 0.0854988843 -0.0184313394
v -0.022175001 0.0834524557 -0.016894741
v -0.0161784198 0.0834524557 -0.0300254207
v -0.00702138897 0.0834524557 -0.00997432508
v -0.00702138897 0.0854988843 -0.00997432508
v -0.00232798071 0.0834524557 -0.0140411677
v -0.00232798071 0.0854988843 -0.0140411677
v -0.00157434156 0.0834524557 -0.0154213598
v -0.0147050191 0.0834524557 -0.00942478143
v -0.00564118801 0.0834524557 -0.0107279513
v -0.00564118801 0.0854988843 -0.0107279513
v -0.0100313602 0.0834524557 -0.00909050927
v -0.00438231928 0.0834524557 -0.0116703389
v -0.0131684085 0.0834524557 -0.0309092291
v -0.00702138897 0.0834524557 -0.0300254207
v -0.0225092359 0.0834524557 -0.0184313394
v 0.00102497963 0.0854988918 -0.0218150467
v 0.000318720471 0.0854988918 -0.0199998692
v 0.000197401328 0.0854988918 -0.021696059
v -0.0212392639 0.0854988918 -0.0283524226
v -0.0194049366 0.0854988918 -0.0290073529
v -0.0206073932 0.0854988918 -0.0278048981
v -0.0151933022 0.0854988918 -0.0322379135
v -0.013296078 0.0854988918 -0.0317971669
v -0.0149577456 0.0854988918 -0.0314356908
v -0.00630141143 0.0854988918 -0.0316019505
v -0.00824202411 0.0854988918 -0.0314356908
v -0.00800646935 0.0854988918 -0.0322379135
v -0.0232019573 0.0854988918 -0.0252983626
v -0.0230357312 0.0854988918 -0.0233577359
v -0.0238379501 0.0854988918 -0.0235932842
v -0.0165510755 0.0854988918 -0.0308414102
v -0.0168983899 0.0854988918 -0.0316019505
v -0.000869958138 0.0854988918 -0.0131041594
v -0.000758341455 0.0854988918 -0.0150487041
v 2.19246863e-06 0.0854988918 -0.0147013785
v -0.00324734463 0.0854988918 -0.0296392255
v -0.00515619665 0.0854988918 -0.0300264508
v -0.00470417319 0.0854988918 -0.0307298098
v -0.0242247451 0.0854988918 -0.0181846954
v -0.0230357312 0.0854988918 -0.0166420136
v -0.0238379501 0.0854988918 -0.016406456
v -0.00630141143 0.0854988918 -0.00839779247
v -0.00515619665 0.0854988918 -0.00997329596
v -0.00470417319 0.0854988918 -0.00926993322
v -0.0212392639 0.0854988918 -0.0116473194
v -0.0216264799 0.0854988918 -0.0135561842
v -0.0206073932 0.0854988918 -0.0121948412
v -0.0180435758 0.0854988918 -0.0300264508
v -0.0184956007 0.0854988918 -0.0307298098
v -0.0115998797 0.0854988918 -0.0327545628
v -0.00990369543 0.0854988918 -0.0317971669
v -0.0115998797 0.0854988918 -0.0319184735
v -0.00196054345 0.0854988918 -0.0283524226
v -0.00157332059 0.0854988918 -0.026443556
v -0.00259241741 0.0854988918 -0.0278048981
v -0.0242247451 0.0854988918 -0.0218150467
v -0.0233971756 0.0854988918 -0.021696059
v 0.000638143858 0.0854988918 -0.0235932842
v -0.000758341455 0.0854988918 -0.024951037
v 2.19246863e-06 0.0854988918 -0.0252983626
v -0.0194049366 0.0854988918 -0.0109923873
v -0.0199524611 0.0854988918 -0.0103605157
v 0.000638143858 0.0854988918 -0.016406456
v 0.000197401328 0.0854988918 -0.018303683
v 0.00102497963 0.0854988918 -0.0181846954
v -0.00664873468 0.0854988918 -0.0308414102
v -0.0232019573 0.0854988918 -0.0147013785
v -0.0223298483 0.0854988918 -0.0131041594
v -0.0184956007 0.0854988918 -0.00926993322
v -0.0180435758 0.0854988918 -0.00997329596
v -0.00196054345 0.0854988918 -0.0116473194
v -0.00379486568 0.0854988918 -0.0109923873
v -0.00259241741 0.0854988918 -0.0121948412
v -0.0235184953 0.0854988918 -0.0199998692
v -0.0243545845 0.0854988918 -0.0199998692
v -0.0115998797 0.0854988918 -0.00724517461
v -0.013296078 0.0854988918 -0.00820257515
v -0.0115998797 0.0854988918 -0.00808126573
v -0.00824202411 0.0854988918 -0.00856405403
v -0.00664873468 0.0854988918 -0.00915832631
v -0.00978470687 0.0854988918 -0.0326247476
v -0.0216264799 0.0854988918 -0.026443556
v -0.0223298483 0.0854988918 -0.0268955808
v -0.000164077472 0.0854988918 -0.0233577359
v -0.000164077472 0.0854988918 -0.0166420136
v -0.0151933022 0.0854988918 -0.00776183093
v -0.0134150656 0.0854988918 -0.00737499632
v -0.0224414282 0.0854988918 -0.0150487041
v -0.00324734463 0.0854988918 -0.0103605157
v -0.0224414282 0.0854988918 -0.024951037
v -0.0199524611 0.0854988918 -0.0296392255
v -0.000869958138 0.0854988918 -0.0268955808
v -0.0134150656 0.0854988918 -0.0326247476
v -0.00379486568 0.0854988918 -0.0290073529
v -0.0165510755 0.0854988918 -0.00915832631
v -0.0149577456 0.0854988918 -0.00856405403
v 0.00115480996 0.0854988918 -0.0199998692
v -0.0168983899 0.0854988918 -0.00839779247
v -0.00800646935 0.0854988918 -0.00776183093
v -0.00990369543 0.0854988918 -0.00820257515
v -0.00978470687 0.0854988918 -0.00737499632
v -0.00157332059 0.0854988918 -0.0135561842
v -0.0233971756 0.0854988918 -0.018303683
v -0.00137896696 0.0990928262 -0.028856365
v -0.0115998797 0.0990928262 -0.00647563767
v -0.0135245742 0.0990928262 -0.00661329227
v -0.023901958 0.0990928262 -0.0256180372
v -0.0189116448 0.0990928262 -0.00862255879
v -0.00274340645 0.0990928262 -0.0302208085
v -0.0249864552 0.0990928262 -0.0219245665
v -0.0245763101 0.0990928262 -0.0238100905
v -0.0154101001 0.0990928262 -0.00702346768
v -0.0172180664 0.0990928262 -0.00769779785
v -0.00598173542 0.0990928262 -0.03230194
v -0.00428812951 0.0990928262 -0.0313771814
v -0.0077896663 0.0990928262 -0.00702346768
v -0.00967518985 0.0990928262 -0.00661329227
v -0.0249864552 0.0990928262 -0.0180751756
v -0.0251241121 0.0990928262 -0.0199998692
v -0.00598173542 0.0990928262 -0.00769779785
v -0.000222582705 0.0990928262 -0.0126881152
v -0.0077896663 0.0990928262 -0.0329762697
v 0.00137650815 0.0990928262 -0.0161896497
v 0.000702187943 0.0990928262 -0.0143817039
v -0.0115998797 0.0990928262 -0.0335240923
v -0.00967518985 0.0990928262 -0.0333864465
v -0.00274340645 0.0990928262 -0.00977893546
v -0.00428812951 0.0990928262 -0.00862255879
v -0.00137896696 0.0990928262 -0.0111433854
v 0.00178668369 0.0990928262 -0.0180751756
v -0.0154101001 0.0990928262 -0.0329762697
v -0.0135245742 0.0990928262 -0.0333864465
v 0.00178668369 0.0990928262 -0.0219245665
v 0.00192434702 0.0990928262 -0.0199998692
v 0.00137650815 0.0990928262 -0.0238100905
v -0.0172180664 0.0990928262 -0.03230194
v -0.023901958 0.0990928262 -0.0143817039
v -0.0245763101 0.0990928262 -0.0161896497
v -0.0189116448 0.0990928262 -0.0313771814
v 0.000702187943 0.0990928262 -0.0256180372
v -0.0218208358 0.0990928262 -0.028856365
v -0.0204564054 0.0990928262 -0.0302208085
v -0.0218208358 0.0990928262 -0.0111433854
v -0.0229772218 0.0990928262 -0.0126881152
v -0.000222582705 0.0990928262 -0.027311625
v -0.0229772218 0.0990928262 -0.027311625
v -0.0204564054 0.0990928262 -0.00977893546
v -0.0132076479 0.0994334593 -0.031182114
v -0.01159989 0.0994334593 -0.0312971026
v -0.0042017824 0.0994334593 -0.0114619909
v -0.000302657078 0.0994334593 -0.0199998692
v -0.000417651463 0.0994334593 -0.0183921102
v -0.00209605787 0.0994334593 -0.01389213
v -0.00306202332 0.0994334593 -0.0126017658
v -0.016292939 0.0994334593 -0.0302761979
v -0.0147826876 0.0994334593 -0.0308394786
v -0.0224395189 0.0994334593 -0.0168170705
v -0.0227821227 0.0994334593 -0.0183921102
v -0.000417651463 0.0994334593 -0.02160763
v -0.0177076291 0.0994334593 -0.0295037068
v -0.00132356677 0.0994334593 -0.0246929098
v -0.000760285009 0.0994334593 -0.0231826697
v -0.0189980231 0.0994334593 -0.0285377502
v -0.0211037453 0.0994334593 -0.01389213
v -0.0218762048 0.0994334593 -0.0153068304
v -0.00209605787 0.0994334593 -0.0261076204
v -0.0211037453 0.0994334593 -0.0261076204
v -0.0201377794 0.0994334593 -0.0273979846
v -0.0189980231 0.0994334593 -0.0114619909
v -0.0201377794 0.0994334593 -0.0126017658
v -0.0132076479 0.0994334593 -0.00881763082
v -0.0147826876 0.0994334593 -0.00916026346
v -0.0042017824 0.0994334593 -0.0285377502
v -0.00306202332 0.0994334593 -0.0273979846
v -0.0224395189 0.0994334593 -0.0231826697
v -0.0218762048 0.0994334593 -0.0246929098
v -0.016292939 0.0994334593 -0.00972355437
v -0.0177076291 0.0994334593 -0.0104960334
v -0.00549213961 0.0994334593 -0.0295037068
v -0.00999212731 0.0994334593 -0.00881763082
v -0.01159989 0.0994334593 -0.00870264322
v -0.0228971113 0.0994334593 -0.0199998692
v -0.0227821227 0.0994334593 -0.02160763
v -0.00841708761 0.0994334593 -0.0308394786
v -0.0069068633 0.0994334593 -0.0302761979
v -0.00841708761 0.0994334593 -0.00916026346
v -0.00132356677 0.0994334593 -0.0153068304
v -0.00999212731 0.0994334593 -0.031182114
v -0.00549213961 0.0994334593 -0.0104960334
v -0.0069068633 0.0994334593 -0.00972355437
v -0.000760285009 0.0994334593 -0.0168170705
v -0.00397644844 0.0998312011 -0.0248991661
v -0.019223351 0.0998312011 -0.0248991661
v -0.0184485093 0.0998312011 -0.0259342231
v -0.0175342634 0.0998312011 -0.0131512685
v -0.0184485093 0.0998312011 -0.0140655171
v -0.0128895426 0.0998312011 -0.0110301059
v -0.014152946 0.0998312011 -0.0113049429
v -0.00566554256 0.0998312011 -0.0268484801
v -0.00475129159 0.0998312011 -0.0259342231
v -0.0202948358 0.0998312011 -0.0225529373
v -0.0198429823 0.0998312011 -0.0237643607
v -0.0164991748 0.0998312011 -0.0123764286
v -0.00670059491 0.0998312011 -0.0276233219
v -0.0103102364 0.0998312011 -0.0110301059
v -0.01159989 0.0998312011 -0.0109378677
v -0.0153643899 0.0998312011 -0.0117567871
v -0.0206618924 0.0998312011 -0.0199998692
v -0.0205696523 0.0998312011 -0.0212895237
v -0.00904682465 0.0998312011 -0.0286947973
v -0.00783540681 0.0998312011 -0.0282429624
v -0.00904682465 0.0998312011 -0.0113049429
v -0.00335679832 0.0998312011 -0.0162353795
v -0.00397644844 0.0998312011 -0.0151005834
v -0.0103102364 0.0998312011 -0.0289696436
v -0.00670059491 0.0998312011 -0.0123764286
v -0.00783540681 0.0998312011 -0.0117567871
v -0.00263012387 0.0998312011 -0.0187102184
v -0.00290496624 0.0998312011 -0.0174468141
v -0.01159989 0.0998312011 -0.0290618818
v -0.00566554256 0.0998312011 -0.0131512685
v -0.00253788196 0.0998312011 -0.0199998692
v -0.0128895426 0.0998312011 -0.0289696436
v -0.00475129159 0.0998312011 -0.0140655171
v -0.0153643899 0.0998312011 -0.0282429624
v -0.014152946 0.0998312011 -0.0286947973
v -0.0202948358 0.0998312011 -0.0174468141
v -0.0205696523 0.0998312011 -0.0187102184
v -0.00263012387 0.0998312011 -0.0212895237
v -0.00335679832 0.0998312011 -0.0237643607
v -0.00290496624 0.0998312011 -0.0225529373
v -0.0175342634 0.0998312011 -0.0268484801
v -0.0164991748 0.0998312011 -0.0276233219
v -0.019223351 0.0998312011 -0.0151005834
v -0.0198429823 0.0998312011 -0.0162353795
v -0.010633952 0.100122996 -0.0267181322
v -0.0096876733 0.100122996 -0.0265122745
v -0.00793037284 0.100122996 -0.0142899947
v -0.00878033508 0.100122996 -0.0138258906
v -0.00542590627 0.100122996 -0.0171803068
v -0.00488163577 0.100122996 -0.0190339331
v -0.0050874888 0.100122996 -0.0180876553
v -0.01159989 0.100122996 -0.0267872121
v -0.00715513015 0.100122996 -0.0148703372
v -0.00481254747 0.100122996 -0.0199998692
v -0.012565827 0.100122996 -0.0267181322
v -0.00589001644 0.100122996 -0.0163303576
v -0.00647036592 0.100122996 -0.015555108
v -0.0144194625 0.100122996 -0.0261738505
v -0.0135121038 0.100122996 -0.0265122745
v -0.0181123037 0.100122996 -0.0180876553
v -0.0183181427 0.100122996 -0.0190339331
v -0.00488163577 0.100122996 -0.0209658071
v -0.00542590627 0.100122996 -0.0228194352
v -0.0050874888 0.100122996 -0.0219120868
v -0.0160446707 0.100122996 -0.0251294039
v -0.0152694015 0.100122996 -0.0257097445
v -0.0173097737 0.100122996 -0.0163303576
v -0.0177738685 0.100122996 -0.0171803068
v -0.00589001644 0.100122996 -0.0236693826
v -0.0173097737 0.100122996 -0.0236693826
v -0.0167294331 0.100122996 -0.0244446322
v -0.0160446707 0.100122996 -0.0148703372
v -0.0167294331 0.100122996 -0.015555108
v -0.012565827 0.100122996 -0.0132816173
v -0.0135121038 0.100122996 -0.0134874647
v -0.00715513015 0.100122996 -0.0251294039
v -0.00647036592 0.100122996 -0.0244446322
v -0.0181123037 0.100122996 -0.0219120868
v -0.0177738685 0.100122996 -0.0228194352
v -0.0152694015 0.100122996 -0.0142899947
v -0.00793037284 0.100122996 -0.0257097445
v -0.010633952 0.100122996 -0.0132816173
v -0.01159989 0.100122996 -0.0132125281
v -0.0144194625 0.100122996 -0.0138258906
v -0.018387232 0.100122996 -0.0199998692
v -0.0183181427 0.100122996 -0.0209658071
v -0.00878033508 0.100122996 -0.0261738505
v -0.0096876733 0.100122996 -0.0134874647
v -0.0145633407 0.100331992 -0.0234198663
v -0.0140464474 0.100331992 -0.0238067918
v -0.0154068191 0.100331992 -0.0175533108
v -0.0157162454 0.100331992 -0.0181199946
v -0.00748353498 0.100331992 -0.0218797456
v -0.0077929697 0.100331992 -0.0224464294
v -0.0154068191 0.100331992 -0.0224464294
v -0.0150198843 0.100331992 -0.0229633115
v -0.0145633407 0.100331992 -0.0165798832
v -0.0150198843 0.100331992 -0.0170364287
v -0.0122439004 0.100331992 -0.0155206285
v -0.0128748128 0.100331992 -0.0156578775
v -0.00863645412 0.100331992 -0.0234198663
v -0.00817990396 0.100331992 -0.0229633115
v -0.01159989 0.100331992 -0.0154745681
v -0.0159418918 0.100331992 -0.0212747939
v -0.0157162454 0.100331992 -0.0218797456
v -0.0140464474 0.100331992 -0.0161929484
v -0.0091533279 0.100331992 -0.0238067918
v -0.0109558776 0.100331992 -0.0155206285
v -0.0134797748 0.100331992 -0.0158835147
v -0.016125191 0.100331992 -0.0199998692
v -0.0160791222 0.100331992 -0.0206438825
v -0.0103249662 0.100331992 -0.0243418645
v -0.00972002093 0.100331992 -0.0241162274
v -0.0103249662 0.100331992 -0.0156578775
v -0.00748353498 0.100331992 -0.0181199946
v -0.0077929697 0.100331992 -0.0175533108
v -0.0109558776 0.100331992 -0.0244791117
v -0.0091533279 0.100331992 -0.0161929484
v -0.00972002093 0.100331992 -0.0158835147
v -0.01159989 0.100331992 -0.0245251711
v -0.00712065538 0.100331992 -0.0193558577
v -0.00725790253 0.100331992 -0.0187249463
v -0.00863645412 0.100331992 -0.0165798832
v -0.00707459217 0.100331992 -0.0199998692
v -0.0122439004 0.100331992 -0.0244791117
v -0.00817990396 0.100331992 -0.0170364287
v -0.0134797748 0.100331992 -0.0241162274
v -0.0128748128 0.100331992 -0.0243418645
v -0.0159418918 0.100331992 -0.0187249463
v -0.0160791222 0.100331992 -0.0193558577
v -0.00712065538 0.100331992 -0.0206438825
v -0.00725790253 0.100331992 -0.0212747939
v -0.0109729776 0.100455597 -0.017864788
v -0.0112832133 0.100455597 -0.0177972987
v -0.0138251102 0.100455597 -0.0199998692
v -0.0138024604 0.100455597 -0.0203165561
v -0.0109729776 0.100455597 -0.0221349522
v -0.0106755011 0.100455597 -0.0220240038
v -0.00957576092 0.100455597 -0.0190754812
v -0.00972792041 0.100455597 -0.0187968258
v -0.0112832133 0.100455597 -0.0222024415
v -0.0103968456 0.100455597 -0.018127894
v -0.0106755011 0.100455597 -0.0179757364
v -0.01159989 0.100455597 -0.0222250912
v -0.00939732231 0.100455597 -0.0196831953
v -0.00946481247 0.100455597 -0.0193729475
v -0.00991818588 0.100455597 -0.0185426585
v -0.0101426886 0.100455597 -0.0183181614
v -0.00937467255 0.100455597 -0.0199998692
v -0.011916575 0.100455597 -0.0222024415
v -0.0125242872 0.100455597 -0.0220240038
v -0.0122268107 0.100455597 -0.0221349522
v -0.0137349814 0.100455597 -0.0193729475
v -0.0138024604 0.100455597 -0.0196831953
v -0.00939732231 0.100455597 -0.0203165561
v -0.00957576092 0.100455597 -0.020924259
v -0.00946481247 0.100455597 -0.0206267815
v -0.0130571099 0.100455597 -0.0216815788
v -0.0128029333 0.100455597 -0.0218718462
v -0.0134718744 0.100455597 -0.0187968258
v -0.0136240227 0.100455597 -0.0190754812
v -0.00972792041 0.100455597 -0.0212029144
v -0.0134718744 0.100455597 -0.0212029144
v -0.013281608 0.100455597 -0.0214570798
v -0.0130571099 0.100455597 -0.0183181614
v -0.013281608 0.100455597 -0.0185426585
v -0.0122268107 0.100455597 -0.017864788
v -0.0101426886 0.100455597 -0.0216815788
v -0.00991818588 0.100455597 -0.0214570798
v -0.01159989 0.100455597 -0.017774649
v -0.011916575 0.100455597 -0.0177972987
v -0.0137349814 0.100455597 -0.0206267815
v -0.0136240227 0.100455597 -0.020924259
v -0.0128029333 0.100455597 -0.018127894
v -0.0103968456 0.100455597 -0.0218718462
v -0.0125242872 0.100455597 -0.0179757364
v -0.0215644091 0.0755317509 -0.0264036674
v -0.0223968774 0.0754443035 -0.0249306858
v -0.0223743096 0.0755317509 -0.0249203853
v -0.000825460535 0.0755317509 -0.0249203853
v -0.00161452603 0.0754443035 -0.0264170766
v -0.00163539383 0.0755317509 -0.0264036674
v 0.000124365091 0.0755317509 -0.0183141828
v 0.000269740383 0.0754443035 -0.0199998692
v 0.000244934636 0.0755317509 -0.0199998692
v 0.000148919062 0.0754443035 -0.0216890872
v 0.000124365179 0.0755317509 -0.0216855593
v -0.0180036854 0.0755317509 -0.0299643707
v -0.0193728674 0.0754443035 -0.028970344
v -0.0193566196 0.0755317509 -0.0289515927
v -0.00163539383 0.0755317509 -0.0135960728
v -0.00262943376 0.0754443035 -0.0122269215
v -0.00161452603 0.0754443035 -0.0135826636
v -0.00080289552 0.0754443035 -0.0150690442
v -0.000825460535 0.0755317509 -0.0150793539
v -0.0165204145 0.0755317509 -0.00922544487
v -0.0149439462 0.0754443035 -0.0086110523
v -0.0149369556 0.0755317509 -0.00863485225
v -0.00667938637 0.0755317509 -0.00922544487
v -0.00825582258 0.0754443035 -0.0086110523
v -0.00666908128 0.0754443035 -0.00920288172
v -0.0229649302 0.0755317509 -0.023336947
v -0.0233486854 0.0754443035 -0.0216890872
v -0.0233241376 0.0755317509 -0.0216855593
v -0.00243137637 0.0729979575 -0.009418834
v -0.0174160153 0.0729979575 -0.00726437476
v -0.0256005973 0.0729979575 -0.0199998692
v -0.0205703732 0.0754443035 -0.0277728196
v -0.0205516219 0.0755317509 -0.0277565811
v -0.00264818151 0.0755317509 -0.0277565811
v -0.00382694136 0.0754443035 -0.028970344
v -0.00384318596 0.0755317509 -0.0289515927
v -0.000211073959 0.0754443035 -0.0166558139
v 0.000148919062 0.0754443035 -0.018310653
v -0.00826281309 0.0755317509 -0.0313648917
v -0.00991066638 0.0754443035 -0.031748686
v -0.0099141961 0.0755317509 -0.0317241289
v -0.00519608846 0.0755317509 -0.0100353695
v -0.00518267788 0.0754443035 -0.0100145005
v -0.000234874446 0.0755317509 -0.0166628025
v -0.0099141961 0.0755317509 -0.00827561039
v -0.0115998797 0.0754443035 -0.00813024584
v -0.00991066638 0.0754443035 -0.00825105701
v -0.0205516219 0.0755317509 -0.012243161
v -0.0215852801 0.0754443035 -0.0135826636
v -0.0205703732 0.0754443035 -0.0122269215
v -0.0193566196 0.0755317509 -0.0110481465
v -0.0193728674 0.0754443035 -0.0110294065
v -0.0115998797 0.0754443035 -0.0318694934
v -0.0115998797 0.0755317509 -0.0318446979
v -0.000211073959 0.0754443035 -0.0233439375
v -0.00080289552 0.0754443035 -0.0249306858
v -0.00264818151 0.0755317509 -0.012243161
v -0.00382694136 0.0754443035 -0.0110294065
v -0.00384318596 0.0755317509 -0.0110481465
v -0.00667938637 0.0755317509 -0.0307743009
v -0.00825582258 0.0754443035 -0.0313886926
v -0.0229887329 0.0754443035 -0.0233439375
v -0.00826281309 0.0755317509 -0.00863485225
v -0.0132855782 0.0755317509 -0.0317241289
v -0.013289107 0.0754443035 -0.031748686
v -0.0165204145 0.0755317509 -0.0307743009
v -0.0149439462 0.0754443035 -0.0313886926
v -0.0165307242 0.0754443035 -0.0307968594
v -0.00519608846 0.0755317509 -0.0299643707
v -0.00666908128 0.0754443035 -0.0307968594
v -0.0180170964 0.0754443035 -0.0100145005
v -0.0180036854 0.0755317509 -0.0100353695
v -0.0132855782 0.0755317509 -0.00827561039
v -0.013289107 0.0754443035 -0.00825105701
v -0.0234447047 0.0755317509 -0.0199998692
v -0.0234695151 0.0754443035 -0.0199998692
v -0.0229649302 0.0755317509 -0.0166628025
v -0.0223968774 0.0754443035 -0.0150690442
v -0.0223743096 0.0755317509 -0.0150793539
v -0.00518267788 0.0754443035 -0.0299852397
v -0.0215644091 0.0755317509 -0.0135960728
v -0.00262943376 0.0754443035 -0.0277728196
v -0.0233486854 0.0754443035 -0.018310653
v -0.0233241376 0.0755317509 -0.0183141828
v -0.0149369556 0.0755317509 -0.0313648917
v -0.0165307242 0.0754443035 -0.00920288172
v -0.0215852801 0.0754443035 -0.0264170766
v -0.000234874446 0.0755317509 -0.023336947
v -0.0180170964 0.0754443035 -0.0299852397
v -0.0229887329 0.0754443035 -0.0166558139
v -0.0115998797 0.0755317509 -0.00815505069
v -0.0226214249 0.076004222 -0.0199998692
v -0.01159989 0.076004222 -0.0310214162
v -0.00102480466 0.076004222 -0.016894741
v -0.0188174862 0.076004222 -0.0283294003
v -0.0100313602 0.076004222 -0.0309092291
v -0.00564118801 0.076004222 -0.0292717889
v -0.0175585803 0.076004222 -0.0107279513
v -0.00327037345 0.076004222 -0.0272174459
v -0.00102480466 0.076004222 -0.0231050011
v -0.0199294314 0.076004222 -0.0272174459
v -0.00232798071 0.076004222 -0.0259585641
v -0.0216254294 0.076004222 -0.0245783795
v -0.022175001 0.076004222 -0.016894741
v -0.00327037345 0.076004222 -0.0127822943
v -0.00232798071 0.076004222 -0.0140411677
v -0.000690534187 0.076004222 -0.0184313394
v -0.0188174862 0.076004222 -0.0116703389
v -0.0175585803 0.076004222 -0.0292717889
v -0.00849475805 0.076004222 -0.00942478143
v -0.0199294314 0.076004222 -0.0127822943
v -0.00702138897 0.076004222 -0.00997432508
v -0.0100313602 0.076004222 -0.00909050927
v -0.00702138897 0.076004222 -0.0300254207
v -0.0147050191 0.076004222 -0.0305749625
v -0.00438231928 0.076004222 -0.0283294003
v -0.0161784198 0.076004222 -0.0300254207
v -0.0225092359 0.076004222 -0.0215683896
v -0.00438231928 0.076004222 -0.0116703389
v -0.0208718181 0.076004222 -0.0140411677
v -0.00157434156 0.076004222 -0.0245783795
v -0.00564118801 0.076004222 -0.0107279513
v -0.0161784198 0.076004222 -0.00997432508
v -0.00849475805 0.076004222 -0.0305749625
v -0.00157434156 0.076004222 -0.0154213598
v -0.0131684085 0.076004222 -0.0309092291
v -0.022175001 0.076004222 -0.0231050011
v -0.01159989 0.076004222 -0.0089783296
v -0.0131684085 0.076004222 -0.00909050927
v -0.00057834544 0.076004222 -0.0199998692
v -0.0216254294 0.076004222 -0.0154213598
v -0.0147050191 0.076004222 -0.00942478143
v -0.0225092359 0.076004222 -0.0184313394
v -0.000690534187 0.076004222 -0.0215683896
v -0.0208718181 0.076004222 -0.0259585641
v -0.0206922311 0.0754249692 -0.0278784186
v -0.00660209637 0.0754249692 -0.0309435371
v -0.00660209637 0.0754249692 -0.009056204
v -5.63566464e-05 0.0754249692 -0.0233893655
v -0.000656219607 0.0754249692 -0.0249976739
v -0.0082103936 0.0754249692 -0.00845633354
v -0.0025075716 0.0754249692 -0.0278784186
v -0.00372134661 0.0754249692 -0.029092202
v -0.0149893751 0.0754249692 -0.0315434113
v -0.0165977161 0.0754249692 -0.0309435371
v -0.0149893751 0.0754249692 -0.00845633354
v -0.0115998797 0.0754249692 -0.0320307426
v -0.0133120576 0.0754249692 -0.031908296
v -0.00147887482 0.0754249692 -0.0134954844
v -0.000656219607 0.0754249692 -0.0150020653
v -0.0206922311 0.0754249692 -0.0121213226
v -0.019478457 0.0754249692 -0.0109075382
v -0.0181042738 0.0754249692 -0.00987885054
v -0.0082103936 0.0754249692 -0.0315434113
v -0.00988771766 0.0754249692 -0.031908296
v -0.0133120576 0.0754249692 -0.00809144974
v -0.0225435477 0.0754249692 -0.0249976739
v -0.0181042738 0.0754249692 -0.030120898
v -0.019478457 0.0754249692 -0.029092202
v -0.0231434479 0.0754249692 -0.0233893655
v -0.0025075716 0.0754249692 -0.0121213226
v -5.63566464e-05 0.0754249692 -0.016610384
v 0.000308525894 0.0754249692 -0.0182877015
v -0.0225435477 0.0754249692 -0.0150020653
v -0.0235082954 0.0754249692 -0.0217120387
v -0.0115998797 0.0754249692 -0.00796899572
v -0.00988771766 0.0754249692 -0.00809144974
v -0.0217209291 0.0754249692 -0.0265042558
v -0.0236307625 0.0754249692 -0.0199998692
v -0.0217209291 0.0754249692 -0.0134954844
v 0.000308525894 0.0754249692 -0.0217120387
v -0.00509549957 0.0754249692 -0.030120898
v -0.0165977161 0.0754249692 -0.009056204
v -0.00372134661 0.0754249692 -0.0109075382
v -0.0235082954 0.0754249692 -0.0182877015
v -0.0231434479 0.0754249692 -0.016610384
v -0.00509549957 0.0754249692 -0.00987885054
v 0.000430989399 0.0754249692 -0.0199998692
v -0.00147887482 0.0754249692 -0.0265042558
v 0.000931808841 0.0747430697 -0.0163202286
v 0.00132792676 0.0747430697 -0.0181411356
v -0.0234803651 0.0747430697 -0.0145742306
v -0.0245276913 0.0747430697 -0.0218586065
v -0.0115998797 0.0747430697 -0.00693911174
v -0.00974114891 0.0747430697 -0.00707204919
v -0.0214705709 0.0747430697 -0.0285528507
v -0.0225873254 0.0747430697 -0.027061047
v -0.0246606506 0.0747430697 -0.0199998692
v -0.0225873254 0.0747430697 -0.0129386922
v 0.000931808841 0.0747430697 -0.0236795116
v -0.00304691656 0.0747430697 -0.0298705325
v -0.00453870231 0.0747430697 -0.0309872869
v -0.0170255397 0.0747430697 -0.00811939035
v -0.00304691656 0.0747430697 -0.0101292087
v -0.0245276913 0.0747430697 -0.0181411356
v -0.0241316166 0.0747430697 -0.0163202286
v -0.00617426867 0.0747430697 -0.00811939035
v -0.00453870231 0.0747430697 -0.00901245791
v -0.0152795315 0.0747430697 -0.0325315781
v 0.00132792676 0.0747430697 -0.0218586065
v 0.0014608741 0.0747430697 -0.0199998692
v -0.00617426867 0.0747430697 -0.0318803564
v -0.00792024098 0.0747430697 -0.0325315781
v -0.00061248173 0.0747430697 -0.027061047
v -0.0017292375 0.0747430697 -0.0114468914
v -0.0170255397 0.0747430697 -0.0318803564
v -0.0186610669 0.0747430697 -0.0309872869
v 0.000280595938 0.0747430697 -0.0254255012
v -0.00792024098 0.0747430697 -0.00746816909
v -0.0017292375 0.0747430697 -0.0285528507
v -0.0152795315 0.0747430697 -0.00746816909
v -0.0115998797 0.0747430697 -0.0330606326
v -0.0134586152 0.0747430697 -0.0329276919
v -0.00061248173 0.0747430697 -0.0129386922
v 0.000280595938 0.0747430697 -0.0145742306
v -0.0214705709 0.0747430697 -0.0114468914
v -0.0201528892 0.0747430697 -0.0101292087
v -0.0186610669 0.0747430697 -0.00901245791
v -0.00974114891 0.0747430697 -0.0329276919
v -0.0134586152 0.0747430697 -0.00707204919
v -0.0234803651 0.0747430697 -0.0254255012
v -0.0201528892 0.0747430697 -0.0298705325
v -0.0241316166 0.0747430697 -0.0236795116
v -0.00578379817 0.0740025043 -0.0327353664
v -0.007655425 0.0740025043 -0.033433456
v 0.00183369021 0.0740025043 -0.0160554107
v -0.0254580788 0.0740025043 -0.018007366
v 0.000178259375 0.0740025043 -0.0275692306
v -0.00101886678 0.0740025043 -0.0108313486
v -0.0174160153 0.0740025043 -0.0327353664
v -0.0191692505 0.0740025043 -0.0317780264
v -0.0221809428 0.0740025043 -0.0291683916
v -0.00578379817 0.0740025043 -0.00726437476
v 0.00183369021 0.0740025043 -0.0239443276
v 0.00113561028 0.0740025043 -0.0258159749
v -0.007655425 0.0740025043 -0.00656628748
v -0.00101886678 0.0740025043 -0.0291683916
v -0.00243137637 0.0740025043 -0.0305809043
v -0.0155443382 0.0740025043 -0.033433456
v -0.0155443382 0.0740025043 -0.00656628748
v -0.0115998797 0.0740025043 -0.0340005755
v -0.0135923941 0.0740025043 -0.0338580795
v 0.000178259375 0.0740025043 -0.0124305086
v 0.00113561028 0.0740025043 -0.0141837662
v -0.0221809428 0.0740025043 -0.0108313486
v -0.0207684301 0.0740025043 -0.009418834
v -0.0191692505 0.0740025043 -0.00822171569
v -0.00960737932 0.0740025043 -0.0338580795
v -0.0135923941 0.0740025043 -0.00614166027
v -0.0243353825 0.0740025043 -0.0258159749
v -0.0207684301 0.0740025043 -0.0305809043
v -0.0250334945 0.0740025043 -0.0239443276
v 0.00225831568 0.0740025043 -0.018007366
v -0.0243353825 0.0740025043 -0.0141837662
v -0.0254580788 0.0740025043 -0.0219923742
v -0.0115998797 0.0740025043 -0.00599915627
v -0.00960737932 0.0740025043 -0.00614166027
v -0.0233780667 0.0740025043 -0.0275692306
v -0.0256005973 0.0740025043 -0.0199998692
v -0.0233780667 0.0740025043 -0.0124305086
v -0.00403052242 0.0740025043 -0.0317780264
v -0.0174160153 0.0740025043 -0.00726437476
v -0.00243137637 0.0740025043 -0.009418834
v -0.0250334945 0.0740025043 -0.0160554107
v -0.00403052242 0.0740025043 -0.00822171569
v 0.00225831568 0.0740025043 -0.0219923742
v 0.00240083085 0.0740025043 -0.0199998692
v -0.0221809428 0.0729979575 -0.0108313486
v -0.0243353825 0.0729979575 -0.0258159749
v -0.00101886678 0.0729979575 -0.0291683916
v -0.0207684301 0.0729979575 -0.0305809043
v -0.0250334945 0.0729979575 -0.0239443276
v 0.000178259375 0.0729979575 -0.0124305086
v 0.00225831568 0.0729979575 -0.018007366
v -0.0243353825 0.0729979575 -0.0141837662
v -0.0254580788 0.0729979575 -0.0219923742
v -0.00960737932 0.0729979575 -0.00614166027
v -0.0233780667 0.0729979575 -0.0275692306
v -0.0233780667 0.0729979575 -0.0124305086
v 0.00183369021 0.0729979575 -0.0239443276
v -0.00403052242 0.0729979575 -0.0317780264
v -0.0250334945 0.0729979575 -0.0160554107
v -0.0115998797 0.0729979575 -0.00599915627
v -0.00403052242 0.0729979575 -0.00822171569
v -0.0155443382 0.0729979575 -0.033433456
v 0.00225831568 0.0729979575 -0.0219923742
v 0.00240083085 0.0729979575 -0.0199998692
v -0.007655425 0.0729979575 -0.033433456
v 0.00183369021 0.0729979575 -0.0160554107
v -0.0254580788 0.0729979575 -0.018007366
v 0.000178259375 0.0729979575 -0.0275692306
v -0.00101886678 0.0729979575 -0.0108313486
v -0.0191692505 0.0729979575 -0.0317780264
v -0.0221809428 0.0729979575 -0.0291683916
v -0.00578379817 0.0729979575 -0.0327353664
v -0.00578379817 0.0729979575 -0.00726437476
v 0.00113561028 0.0729979575 -0.0258159749
v -0.007655425 0.0729979575 -0.00656628748
v -0.00243137637 0.0729979575 -0.0305809043
v -0.0174160153 0.0729979575 -0.0327353664
v -0.0155443382 0.0729979575 -0.00656628748
v -0.0115998797 0.0729979575 -0.0340005755
v -0.0135923941 0.0729979575 -0.0338580795
v 0.00113561028 0.0729979575 -0.0141837662
v -0.0207684301 0.0729979575 -0.009418834
v -0.0191692505 0.0729979575 -0.00822171569
v -0.00960737932 0.0729979575 -0.0338580795
v -0.0135923941 0.0729979575 -0.00614166027
v -0.0215368904 0.0729990527 0.0338797793
v -0.0178346988 0.0729990527 0.0271811951
v -0.0186708681 0.0729990527 0.027928438
v -0.00536507322 0.0729990527 0.0271811951
v -0.0206094719 0.0729990527 0.0306606311
v -0.0159386639 0.0739490315 0.0259898435
v -0.0149026364 0.0739490315 0.0255607087
v -0.0194181167 0.0729990527 0.0287645962
v -0.00937472656 0.0729990527 0.044748567
v -0.0104802735 0.0729990527 0.0250624139
v -0.01159989 0.0729990527 0.0249995459
v -0.0215997603 0.0729990527 0.0349994153
v -0.0210386068 0.0729990527 0.0316966698
v -0.0200670287 0.0729990527 0.0296791643
v -0.0127195343 0.0729990527 0.0250624139
v -0.00378168887 0.0729990527 0.0412342362
v -0.00313277123 0.0729990527 0.0403196663
v -0.0127195343 0.0729990527 0.0449364036
v -0.01159989 0.0729990527 0.0449992865
v -0.00726110581 0.0729990527 0.0440089889
v -0.0194181167 0.0739490315 0.0287645962
v -0.0186708681 0.0739490315 0.027928438
v -0.0178346988 0.0739490315 0.0271811951
v -0.0169201605 0.0739490315 0.0265322868
v -0.0138250804 0.0739490315 0.0252502616
v -0.0127195343 0.0739490315 0.0250624139
v -0.01159989 0.0739490315 0.0249995459
v -0.0104802735 0.0739490315 0.0250624139
v -0.00937472656 0.0739490315 0.0252502616
v -0.00829716399 0.0739490315 0.0255607087
v -0.00726110581 0.0739490315 0.0259898435
v -0.00627964269 0.0739490315 0.0265322868
v -0.00536507322 0.0739490315 0.0271811951
v -0.0045289332 0.0739490315 0.027928438
v -0.00378168887 0.0739490315 0.0287645962
v -0.0169201605 0.0739490315 0.0434665456
v -0.0159386639 0.0739490315 0.0440089889
v -0.0149026364 0.0739490315 0.0444381237
v -0.0138250804 0.0739490315 0.044748567
v -0.0127195343 0.0739490315 0.0449364036
v -0.01159989 0.0739490315 0.0449992865
v -0.0104802735 0.0739490315 0.0449364036
v -0.00937472656 0.0739490315 0.044748567
v -0.00829716399 0.0739490315 0.0444381237
v -0.00726110581 0.0739490315 0.0440089889
v -0.00627964269 0.0739490315 0.0434665456
v -0.00536507322 0.0739490315 0.0428176224
v -0.0045289332 0.0739490315 0.0420703925
v -0.00378168887 0.0739490315 0.0412342362
v -0.00313277123 0.0739490315 0.0403196663
v -0.00259032939 0.0739490315 0.0393382013
v -0.00216119573 0.0739490315 0.0383021608
v -0.00185074494 0.0739490315 0.0372245945
v -0.00166291138 0.0739490315 0.0361190401
v -0.00160001614 0.0739490315 0.0349994153
v -0.00166291138 0.0739490315 0.0338797793
v -0.00185074494 0.0739490315 0.0327742323
v -0.00216119573 0.0739490315 0.0316966698
v -0.00259032939 0.0739490315 0.0306606311
v -0.00313277123 0.0739490315 0.0296791643
v -0.0200670287 0.0739490315 0.0296791643
v -0.0206094719 0.0739490315 0.0306606311
v -0.0210386068 0.0739490315 0.0316966698
v -0.0213490631 0.0739490315 0.0327742323
v -0.0215368904 0.0739490315 0.0338797793
v -0.0215997603 0.0739490315 0.0349994153
v -0.0215368904 0.0739490315 0.0361190401
v -0.0213490631 0.0739490315 0.0372245945
v -0.0210386068 0.0739490315 0.0383021608
v -0.0206094719 0.0739490315 0.0393382013
v -0.0200670287 0.0739490315 0.0403196663
v -0.0194181167 0.0739490315 0.0412342362
v -0.0186708681 0.0739490315 0.0420703925
v -0.0178346988 0.0739490315 0.0428176224
v -0.00937472656 0.0729990527 0.0252502616
v -0.00829716399 0.0729990527 0.0255607087
v -0.00726110581 0.0729990527 0.0259898435
v -0.00627964269 0.0729990527 0.0265322868
v -0.0045289332 0.0729990527 0.027928438
v -0.00378168887 0.0729990527 0.0287645962
v -0.00313277123 0.0729990527 0.0296791643
v -0.00259032939 0.0729990527 0.0306606311
v -0.00216119573 0.0729990527 0.0316966698
v -0.00185074494 0.0729990527 0.0327742323
v -0.00166291138 0.0729990527 0.0338797793
v -0.00160001614 0.0729990527 0.0349994153
v -0.00166291138 0.0729990527 0.0361190401
v -0.00185074494 0.0729990527 0.0372245945
v -0.00216119573 0.0729990527 0.0383021608
v -0.00259032939 0.0729990527 0.0393382013
v -0.0045289332 0.0729990527 0.0420703925
v -0.00536507322 0.0729990527 0.0428176224
v -0.00627964269 0.0729990527 0.0434665456
v -0.00829716399 0.0729990527 0.0444381237
v -0.0104802735 0.0729990527 0.0449364036
v -0.0138250804 0.0729990527 0.044748567
v -0.0149026364 0.0729990527 0.0444381237
v -0.0159386639 0.0729990527 0.0440089889
v -0.0169201605 0.0729990527 0.0434665456
v -0.0178346988 0.0729990527 0.0428176224
v -0.0186708681 0.0729990527 0.0420703925
v -0.0194181167 0.0729990527 0.0412342362
v -0.0200670287 0.0729990527 0.0403196663
v -0.0206094719 0.0729990527 0.0393382013
v -0.0210386068 0.0729990527 0.0383021608
v -0.0213490631 0.0729990527 0.0372245945
v -0.0215368904 0.0729990527 0.0361190401
v -0.0213490631 0.0729990527 0.0327742323
v -0.0169201605 0.0729990527 0.0265322868
v -0.0159386639 0.0729990527 0.0259898435
v -0.0149026364 0.0729990527 0.0255607087
v -0.0138250804 0.0729990527 0.0252502616
v 0.191450894 0.0731435418 0.0696327016
v 0.281375408 0.0731439516 0.0499511138
v 0.191450894 0.0731439516 0.0499511138
v -0.281374902 0.00671899319 -0.0696327016
v 0.040413551 0.0731435418 -0.0696327016
v 0.0404132605 0.00671899319 -0.0696327016
v -0.399737597 -0.0070112939 -0.0323644131
v -0.414589792 -0.0070112939 0.0323644131
v -0.399737597 -0.0070112939 0.0323644131
v 0.323457301 0.0339926407 -0.0405018963
v 0.399737686 0.072139971 -0.0405018963
v 0.399737686 0.0339926407 -0.0405018963
v 0.323457301 -0.00508695794 -0.0320305005
v 0.399737597 0.00857782271 -0.0323642232
v 0.399737597 -0.00508695794 -0.0320302621
v 0.399737597 -0.0185544398 -0.0343687162
v 0.323457301 0.00857782271 -0.0323644541
v 0.399737597 0.0219150092 -0.0353575312
v 0.399737597 -0.0313069187 -0.0392895825
v 0.323457301 -0.0185544398 -0.0343689509
v 0.399737686 -0.04084998 -0.0450050943
v 0.323457301 -0.0313069187 -0.0392898209
v 0.323457301 0.0219150092 -0.0353577659
v 0.323456794 0.0731439516 -0.0450050943
v 0.323456794 0.0731439516 -0.0405018963
v 0.323456794 -0.0408498608 -0.0450050943
v 0.399737686 -0.0697936416 -0.0450050943
v 0.30817169 -0.0697939917 -0.0450050943
v 0.30817169 -0.0697939917 -0.0499511138
v 0.30817169 0.0731439516 -0.0450050943
v 0.281375498 0.0731435418 -0.0696327016
v 0.281375408 0.00671899319 -0.0499511138
v 0.281374902 0.00671899319 -0.0696327016
v 0.30817169 0.0731439516 -0.0499511138
v 0.281375408 -0.0697939917 -0.0499511138
v 0.281375408 0.00671899319 0.0499511138
v -0.281374902 0.00671899319 0.0696327016
v 0.0404134914 0.00671899319 0.0499511138
v 0.0404132605 0.00671899319 0.0696327016
v -0.323457301 0.0339926407 -0.0405018963
v -0.399737686 0.072139971 -0.0405018963
v -0.323456794 0.0731439516 -0.0405018963
v -0.399737597 0.00857782271 -0.0323642232
v -0.323457301 -0.00701123383 -0.0323646553
v -0.323457301 -0.0185539704 -0.0343689509
v -0.399737597 -0.0185544398 -0.0343687162
v -0.399737597 0.0219150092 -0.0353575312
v -0.323457301 0.00857782271 -0.0323644541
v -0.399737686 0.0339926407 -0.0405018963
v -0.323457301 0.0219150092 -0.0353577659
v -0.323456794 -0.0185539704 -0.0450050943
v -0.30817169 0.0731439516 -0.0450050943
v -0.323456794 0.0731439516 -0.0450050943
v -0.281375408 0.00671899319 -0.0499511138
v -0.281375498 0.0731435418 -0.0696327016
v -0.30817169 0.0731439516 -0.0499511138
v -0.30817169 -0.0185539704 -0.0499511138
v 0.281374902 0.00671899319 0.0696327016
v 0.281375498 0.0731435418 0.0696327016
v 0.30817169 -0.0697939917 0.0450050943
v 0.281375408 -0.0697939917 0.0499511138
v -0.414589792 -0.0185544398 0.0343687162
v -0.399737597 -0.0185544398 0.0343687162
v 0.323457301 0.0339926407 0.0405018963
v 0.399737686 0.072139971 0.0405018963
v 0.323456794 0.0731439516 0.0405018963
v 0.399737597 0.00857782271 0.0323642232
v 0.323457301 -0.00508695794 0.0320305005
v 0.399737597 -0.00508695794 0.0320302621
v 0.399737597 -0.0185544398 0.0343687162
v 0.323457301 -0.0185544398 0.0343689509
v 0.399737597 0.0219150092 0.0353575312
v 0.323457301 0.00857782271 0.0323644541
v 0.399737597 -0.0313069187 0.0392895825
v 0.323457301 -0.0313069187 0.0392898209
v 0.399737686 -0.04084998 0.0450050943
v 0.323456794 -0.0408498608 0.0450050943
v 0.399737686 0.0339926407 0.0405018963
v 0.323457301 0.0219150092 0.0353577659
v 0.30817169 0.0731439516 0.0450050943
v 0.30817169 -0.0697939917 0.0499511138
v 0.30817169 0.0731439516 0.0499511138
v -0.414589792 -0.0070112939 -0.0323644131
v -0.323457301 0.0339926407 0.0405018963
v -0.399737686 0.072139971 0.0405018963
v -0.399737686 0.0339926407 0.0405018963
v -0.323457301 -0.0070112939 0.0323646553
v -0.399737597 0.00857782271 0.0323642232
v -0.323457301 0.00857782271 0.0323644541
v -0.399737597 0.0219150092 0.0353575312
v -0.323457301 0.0219150092 0.0353577659
v -0.323456794 0.0731439516 0.0450050943
v -0.323456794 0.0731439516 0.0405018963
v -0.323456794 -0.0185539704 0.0450050943
v -0.30817169 0.0731439516 0.0450050943
v -0.281375498 0.0731435418 0.0696327016
v -0.281375408 0.00671899319 0.0499511138
v -0.30817169 -0.0185539704 0.0499510802
v -0.30817169 0.0731439516 0.0499511138
v -0.414589792 -0.0185544398 -0.0343687162
v -0.281375408 -0.0185539704 0.0499510802
v -0.30817169 -0.0185539704 -0.0450050943
v -0.281375408 -0.0185539704 -0.0499511138
v -0.323457301 -0.0185544398 0.0343689509
v -0.30817169 -0.0185539704 0.0450050943
v 0.191450894 0.00671899319 0.0499511138
v 0.191450894 0.0731439516 -0.0499511138
v 0.281375408 0.0731439516 -0.0499511138
v 0.191450894 0.0731435418 -0.0696327016
v 0.0404134914 0.00671899319 -0.0499511138
v 0.191450894 0.00671899319 -0.0499511138
v 0.0404134914 0.0731439516 -0.0499511138
v 0.040413551 0.0731435418 0.0696327016
v 0.191450506 0.00671899319 0.0696327016
v 0.0404134914 0.0731439516 0.0499511138
v -0.281375408 0.0731439516 0.0499511138
v -0.281375408 0.0731439516 -0.0499511138
v 0.191450506 0.00671899319 -0.0696327016
v 0.399737686 -0.0697936416 0.0450050943
v 0.323456794 0.0731439516 0.0450050943

# 279 UV coordinates
vt 0.283024698 0.73947072 0
vt 0.243026406 0.851950109 0
vt 0.243026406 0.73947072 0
vt 0.656165183 0.703899682 0
vt 0.566049516 0.301400095 0
vt 0.656165183 0.301400393 0
vt 0.968972623 0.364654303 0
vt 0.989129424 0.485893995 0
vt 0.968972623 0.485893995 0
vt 0.849805117 0.681319714 0
vt 0.746280909 0.729017913 0
vt 0.746280909 0.681319594 0
vt 0.849805117 0.632028818 0
vt 0.746281087 0.649131715 0
vt 0.746281087 0.632028818 0
vt 0.746281087 0.615307271 0
vt 0.849805117 0.649131715 0
vt 0.746281087 0.665959001 0
vt 0.746281087 0.599609971 0
vt 0.849805117 0.615307271 0
vt 0.746280909 0.587965727 0
vt 0.849805117 0.59961009 0
vt 0.849805117 0.665959001 0
vt 0.537501574 0.846485972 0
vt 0.528349876 0.846485972 0
vt 0.528349876 0.797514677 0
vt 0.849805772 0.587965906 0
vt 0.746280909 0.551775515 0
vt 0.870549977 0.551775098 0
vt 0.981214404 0.722168982 0
vt 0.991266012 0.543379307 0
vt 0.991266012 0.722168982 0
vt 0.673547626 0.818556726 0
vt 0.713545918 0.901641905 0
vt 0.673547626 0.901641905 0
vt 0.906916678 0.730500102 0
vt 0.870549977 0.634830773 0
vt 0.906916678 0.551775098 0
vt 0.51113379 0.703900218 0
vt 0.407293886 0.891021013 0
vt 0.407293886 0.703900218 0
vt 0.283024698 5.96438042e-07 0
vt 0.323022991 0.402500212 0
vt 0.283024788 0.402499795 0
vt 0.746281624 0.796512425 0
vt 0.849805772 0.844210684 0
vt 0.746280909 0.845466018 0
vt 0.849805713 0.764324605 0
vt 0.746281624 0.744832277 0
vt 0.849805713 0.744832277 0
vt 0.746281624 0.730500817 0
vt 0.849805713 0.730500221 0
vt 0.849805713 0.781151772 0
vt 0.746281624 0.764324605 0
vt 0.849805772 0.796512485 0
vt 0.973047078 0.0506195389 0
vt 0.9625929 0.065726392 0
vt 0.953441203 0 0
vt 0.999874592 0 0
vt 0.979130328 0.114656202 0
vt 0.979130328 0 0
vt 0.969204128 0.270206511 0
vt 0.929205775 0.35329181 0
vt 0.929205775 0.270206511 0
vt 0.709914207 0.70389998 0
vt 0.746280909 0.786955714 0
vt 0.709914207 0.81855619 0
vt 0.656165183 0.59142071 0
vt 0.746280909 0.703899384 0
vt 0.656165183 0.70389998 0
vt 0.870549977 0.542511106 0
vt 0.870549977 0.373918414 0
vt 0.906916678 0.364654303 0
vt 0.97348702 0.831133902 0
vt 0.99364382 0.845466018 0
vt 0.97348702 0.845466018 0
vt 0.386548996 0.753080606 0
vt 0.283024698 0.705382526 0
vt 0.386549592 0.704127073 0
vt 0.283024907 0.785268605 0
vt 0.386548907 0.802371502 0
vt 0.283024907 0.802371621 0
vt 0.283024907 0.819092929 0
vt 0.386548907 0.819092929 0
vt 0.283024907 0.768441379 0
vt 0.386548907 0.785268605 0
vt 0.283024907 0.83479023 0
vt 0.386548907 0.83479023 0
vt 0.283024788 0.846434474 0
vt 0.386549711 0.846434295 0
vt 0.283024788 0.753080726 0
vt 0.933835328 0.0640781522 0
vt 0.944289505 0.0489712916 0
vt 0.941826224 0.130649298 0
vt 0.909599423 0.301831901 0
vt 0.755432725 0.364654303 0
vt 0.76588732 0.301831901 0
vt 0.407293886 0.882625103 0
vt 0.537501574 0.703900218 0
vt 0.547553301 0.882689893 0
vt 0.537501693 0.882689893 0
vt 0.969204128 0.187121302 0
vt 0.906916797 0.364654303 0
vt 0.943283379 0.447709888 0
vt 0.906916678 0.543379307 0
vt 0.657881677 0.707654119 0
vt 0.673547626 0.83264792 0
vt 0.657881796 0.828893781 0
vt 0.869963109 0.779453695 0
vt 0.973487198 0.731755376 0
vt 0.973487198 0.779453695 0
vt 0.86996299 0.831133902 0
vt 0.97348702 0.811641574 0
vt 0.86996299 0.811641574 0
vt 0.97348702 0.794814408 0
vt 0.86996299 0.794814408 0
vt 0.968972623 0.479352593 0
vt 0.959820926 0.479352593 0
vt 0.959820926 0.430381298 0
vt 0.635008216 0.719142616 0
vt 0.656165183 0.719142199 0
vt 0.635008216 0.840381622 0
vt 0.989948273 0.301777005 0
vt 0.969204128 0.187120706 0
vt 0.989948273 0.187120706 0
vt 0.981214404 0.626464486 0
vt 0.941216111 0.543379307 0
vt 0.981214404 0.543379307 0
vt 0.709914207 0.81855607 0
vt 0.673547626 0.786955714 0
vt 0.766437709 0.157934293 0
vt 0.746280909 0.0291864201 0
vt 0.766437709 0.0291864201 0
vt 0.869962394 0.744832277 0
vt 1 0.187120706 0
vt 0.989948273 0.30181849 0
vt 0.869961679 0.0291859508 0
vt 0.9270733 0 0
vt 0.869961679 0.1579348 0
vt 0.989129424 0.479351997 0
vt 0.999180973 0.364654303 0
vt 0.999180973 0.479351997 0
vt 0.2238231 0.904586315 0
vt 0.0592016503 0.904586315 0
vt 0.0500499606 0.88546741 0
vt 0.0592015311 0.0954136774 0
vt 0.223822996 0.0954136774 0
vt 0.232974693 0.114532597 0
vt 0.323022991 0.59142071 0
vt 0.526051223 0.703900218 0
vt 0.323023111 0.703900218 0
vt 0.0399983488 0.73947072 0
vt 0.0399983488 0.851950109 0
vt 0 0.73947072 0
vt 0.526051223 0.402500093 0
vt 0.566049278 5.2188301e-07 0
vt 0.566049397 0.402499795 0
vt 0.323022991 0 0
vt 0.526051223 0.59142071 0
vt 0.566049397 0.703899503 0
vt 0 0.550550103 0
vt 0.0399982892 0.550550103 0
vt 0.656165183 0.402500093 0
vt 0.746280909 0.591420114 0
vt 0.283024788 0.703899622 0
vt 0.656165123 6.70991994e-07 0
vt 0.566049397 0.1124795 0
vt 0.566049397 0 0
vt 0.283024698 0.550550103 0
vt 0.243026406 0.550550103 0
vt 0.243026301 0.148049906 0
vt 0.283024609 0.148049802 0
vt 0.746280909 6.3371499e-07 0
vt 0.656165183 0 0
vt 0.0399982296 0.148049906 0
vt 0 0.148049802 0
vt 0.566049397 0.591420174 0
vt 0.283024788 0.591420174 0
vt 0.656165123 0.11248 0
vt 0.283024698 0.851950109 0
vt 0.566049516 0.703900397 0
vt 0.989129424 0.364654303 0
vt 0.849805772 0.730273187 0
vt 0.517895699 0.78240782 0
vt 0.525886595 0.715836704 0
vt 0.511812508 0.765725374 0
vt 0.515886128 0.731787682 0
vt 0.51113379 0.748633087 0
vt 0.870549977 0.730500102 0
vt 0.849805772 0.730500102 0
vt 0.713545918 0.81855619 0
vt 0.870549977 0.730500221 0
vt 0.51113379 0.891021013 0
vt 0.746281624 0.781151772 0
vt 0.9625929 0.114697702 0
vt 0.953441203 0.114697702 0
vt 0.975056708 0 0
vt 0.97913003 0.0144378496 0
vt 0.979130328 0.0339370891 0
vt 0.999874592 0.114656202 0
vt 0.969204128 0.353292197 0
vt 0.746280909 0.70389998 0
vt 0.746280909 0.81855619 0
vt 0.746280909 0.542511106 0
vt 0.746280909 0.373918414 0
vt 0.870549977 0.364654303 0
vt 0.99364382 0.831133902 0
vt 0.386548907 0.768441319 0
vt 0.944289505 0 0
vt 0.953441203 0.142585799 0
vt 0.931825578 0.114698201 0
vt 0.9270733 0.0978528783 0
vt 0.927752018 0.0807605311 0
vt 0.746280909 0.187120795 0
vt 0.929205775 0.187120706 0
vt 0.91759032 0.235260695 0
vt 0.929205775 0.223324105 0
vt 0.757896423 0.235260695 0
vt 0.746280909 0.223324105 0
vt 0.767896891 0.251211792 0
vt 0.907589912 0.251211792 0
vt 0.902837515 0.268057197 0
vt 0.772649229 0.268057197 0
vt 0.903516173 0.285149515 0
vt 0.920054078 0.316938788 0
vt 0.920054078 0.364654303 0
vt 0.77197063 0.285149515 0
vt 0.755432725 0.316938788 0
vt 0.386549592 0.703900218 0
vt 0.283024788 0.882624686 0
vt 0.547553301 0.703900218 0
vt 0.943283379 0.364654303 0
vt 0.943283379 0.543379307 0
vt 0.673547506 0.70389998 0
vt 0.869962394 0.730500221 0
vt 0.86996299 0.845466018 0
vt 0.949366629 0.415274411 0
vt 0.968972623 0.364654809 0
vt 0.943283379 0.398591995 0
vt 0.943283796 0.379092604 0
vt 0.947357118 0.364654303 0
vt 0.548744619 0.855623722 0
vt 0.548744619 0.703900397 0
vt 0.616907477 0.713536024 0
vt 0.600516379 0.703900397 0
vt 0.616907597 0.845988214 0
vt 0.600516379 0.855623722 0
vt 0.656165183 0.84038192 0
vt 0.969204128 0.301777005 0
vt 0.941216111 0.626465023 0
vt 0.673547626 0.81855607 0
vt 0.673547626 0.70389998 0
vt 0.746280909 0.157934293 0
vt 0.941216111 0.730500102 0
vt 1 0.30181849 0
vt 0.869962394 0.00926405098 0
vt 0.890706718 0.00926405098 0
vt 0.890706718 0 0
vt 0.9270733 0.187120706 0
vt 0.890706718 0.187120706 0
vt 0.890706718 0.177856699 0
vt 0.869962394 0.177856699 0
vt 0.0399983488 0.88546741 0
vt 0.243026406 0.88546741 0
vt 0.232974797 0.88546741 0
vt 0.232974797 0.904586315 0
vt 0.223823205 1 0
vt 0.0592017099 1 0
vt 0.0500499606 0.904586315 0
vt 0.243026301 0.114532597 0
vt 0.0399982296 0.114532597 0
vt 0.0500498414 0.114532597 0
vt 0.0500498414 0.0954136774 0
vt 0.0592015311 0 0
vt 0.223822996 0 0
vt 0.232974693 0.0954136774 0
vt 1.41561998e-07 0.851950109 0
vt 0.526051104 0 0
vt 0.746280909 0.402499706 0

# 3106 vertex normals
vn -8.65532911e-06 -0.99999994 -0
vn -0.201419711 0.966057599 0.161749393
vn 0 -0.99999994 0
vn 4.06336039e-06 -0.99999994 0
vn 0.0429276153 0.805397928 0.591177881
vn 8.13934003e-06 -0.99999994 0
vn -0.0557784885 0.966052353 0.252252847
vn -0.603017926 0.758998096 0.245542452
vn -0.305312425 0.944101632 -0.124324009
vn 9.4834395e-06 0.99999994 0
vn 1.09312987e-05 0.99999994 0
vn 0.146081671 0.944102228 0.295518249
vn -0.32350558 0.944103301 0.0633494705
vn 0.224489585 0.944103301 0.24139908
vn 0 0.99999994 0
vn 0.343536526 0.759000301 -0.553083301
vn -0.258090079 0.847340465 -0.464115858
vn 0.280219078 0.847332895 0.451114237
vn 0.0311630238 0.982631445 -0.182932064
vn -0.581711113 0.805382967 0.11388769
vn 0.283194244 0.884573698 0.37058115
vn 0.349101871 0.884580016 0.309266895
vn 0.439958364 0.884571731 -0.154820502
vn 0.452851057 0.884572446 -0.111613199
vn -0.315896273 0.944098651 0.0942721218
vn 0.343528897 0.759003937 0.553083122
vn 0.173942283 0.944099069 -0.280037582
vn -0.275776535 0.944093108 -0.180652663
vn 0.280216604 0.847335875 -0.451110303
vn -0.131644681 0.944101334 0.302228898
vn -0.0720360801 0.99373877 0.0854058191
vn -0.0446945913 0.993733585 0.102449477
vn 0.515632629 0.847329915 -0.127101794
vn 0.206686884 0.884580612 0.418088078
vn 0.452848047 0.884573996 0.111612484
vn -0.228729784 0.966058552 -0.120055996
vn 0.32927525 0.944099545 0.0159290954
vn 0.246757761 0.944099545 0.218601465
vn 0.5755077 0.805404603 0.14182508
vn -0.140496701 0.758994818 -0.635757506
vn 3.10437963e-06 0.99999994 0
vn 0.0678161904 0.993738651 0.0887944549
vn 0.575514078 0.805399776 -0.141826585
vn -0.524837315 0.805393815 0.275475264
vn 0.443389952 0.758998454 0.476787806
vn -0.235915586 0.944098115 -0.230266482
vn -0.039728865 0.944100142 0.327255964
vn -0.544623673 0.758991361 0.356815279
vn 0.20019649 0.944092453 -0.261936605
vn -0.305329502 0.944096148 0.12432389
vn 0.089414753 0.847345293 0.523460567
vn -0.328109831 0.944104373 -0.0317961536
vn -0.10187348 0.944098175 0.313528746
vn -0.576527119 0.758989155 -0.30257538
vn 0.0893952176 0.847342014 -0.52346921
vn 0.500935495 0.847351849 -0.176233992
vn 3.09147003e-06 0.99999994 0
vn 6.04775948e-07 0.99999994 0
vn 0.0658119917 0.982629061 0.173519179
vn -0.039992325 0.982631445 -0.181206763
vn -0.146753281 0.966053069 0.212614506
vn -0.0861239433 0.916891038 0.389735073
vn -0.0561999045 0.884580433 -0.46298933
vn 0.00807100534 0.993736684 -0.11145559
vn -9.53880044e-06 0.99999994 0
vn -8.0965101e-06 -0.99999994 -0
vn -0.114592589 0.847343206 0.518534601
vn -0.285643607 0.916882932 0.278806984
vn 0.361988336 0.916879773 -0.168213665
vn 0.047165025 0.758998752 -0.649381518
vn 0.141516864 0.916890144 -0.373209447
vn -0.132796168 0.982630134 0.129626691
vn 0.27181831 0.91688776 -0.292286873
vn -0.0400519297 0.982629776 0.181203306
vn 0.317612797 0.884579897 -0.341526657
vn -0.0112925693 0.884576619 0.466258079
vn 0.126392797 0.982630134 0.13587828
vn 0.183631197 0.982629955 0.0267922785
vn 0.175063193 0.982629895 -0.0615742169
vn -0.0223549567 0.982629299 0.184227869
vn -0.171869203 0.982633233 0.0699495003
vn 0.394957036 0.916888297 -0.057659667
vn -0.285640001 0.916885138 -0.278803378
vn -0.00965100341 0.916887522 0.399028838
vn 4.24404971e-06 -0.99999994 0
vn 0.242328957 0.916887939 -0.317163974
vn 0.322921276 0.916892171 -0.23458609
vn -0.257379681 0.916892529 0.305063665
vn 8.56046881e-06 -0.99999994 0
vn -0.567983329 0.805403352 0.169470787
vn -1.09315997e-05 0.99999994 0
vn 1.05644995e-05 -0.99999994 0
vn 0.108478107 0.993739486 0.0267284513
vn 0.0916093588 0.966054261 -0.241551116
vn -0.105427995 0.982628047 0.152732
vn -0.25700748 0.944100797 0.206448168
vn -0.0784814805 0.758996129 0.646347702
vn 0.310970396 0.944100142 0.109418198
vn -0.638964295 0.758996487 -0.125095695
vn -0.419863433 0.758988619 0.497645527
vn 0.109619275 0.759000659 -0.641795456
vn 0.0903498605 0.993741035 0.0656935498
vn -0.109666474 0.993736625 0.0214648768
vn -0.0344695337 0.993738532 0.106279783
vn 0.09034013 0.993741572 -0.0656989738
vn -0.103484295 0.993737757 0.0421457812
vn -0.00275033666 0.993736625 -0.111714192
vn -0.316436142 0.758993626 -0.569031477
vn 0.171045169 0.75899899 0.628222883
vn 0.395321548 0.759001315 -0.517337084
vn 0.0837561339 0.993727744 0.0740946457
vn 0.632171273 0.759000659 0.155811876
vn 0.614187539 0.758991957 -0.21611321
vn 0.28856492 0.758996964 0.583655655
vn 0.614178658 0.758999884 0.216110155
vn 0.590467751 0.758986294 0.274385929
vn -0.638964295 0.758996487 0.125095695
vn -0.140500113 0.758995652 0.635755718
vn 0.0979266465 0.982627511 0.157649577
vn 4.08496999e-06 -0.99999994 0
vn -1.92121988e-05 0.99999994 0
vn 0.59046787 0.758984864 -0.274389595
vn 0.644239724 0.759014964 -0.0940816849
vn -0.507637382 0.75900352 0.407698363
vn -0.0397381075 0.944098413 -0.327259958
vn 0.65031755 0.759010792 0.0314601548
vn -0.507640541 0.758996844 -0.407706916
vn 0.0487462133 0.982629359 0.179062173
vn 0.146084189 0.944100976 -0.29552108
vn -0.212598979 0.944094419 -0.251966774
vn -4.28564999e-06 -0.99999994 -0
vn 0.165379986 0.884579599 0.436082959
vn 0.326205641 0.944099247 0.0476066917
vn 0.246072069 0.884583294 -0.396182746
vn 0.46148622 0.884585857 0.0673674867
vn 0.235350773 0.847339988 -0.476051331
vn 0.10962119 0.758991122 0.641806543
vn -0.291908771 0.944097936 0.153193682
vn 0.439959526 0.884571135 0.154820919
vn 0.322442144 0.847341537 -0.421951741
vn 0.0134808393 0.982628644 -0.185092404
vn 0.394956827 0.916888535 0.0576596223
vn 0.122541308 0.884577572 -0.450006843
vn -0.226641491 0.884579122 0.407619178
vn -8.61089939e-06 -0.99999994 -0
vn 0.086599566 0.944099545 -0.318082243
vn 0.210172489 0.80540067 0.554217637
vn 0.525486827 0.847333372 -0.0767450258
vn -0.048113212 0.91688931 0.396231055
vn -0.391706079 0.916887581 -0.0767039508
vn 1.54781981e-06 0.99999994 0
vn 0.0289344676 0.916889906 0.398090065
vn -0.0134722497 0.993736744 0.110931598
vn -0.390130937 0.884574533 -0.255589217
vn 0.398674905 0.916889071 0.0193045065
vn 8.06976004e-06 -0.99999994 0
vn -0.521149695 0.847343385 -0.102039285
vn -0.184731364 0.982625723 0.0179137457
vn 0.116911501 0.944097638 -0.308239013
vn 0.0495098159 0.993737638 -0.100171395
vn -0.1855997 0.982625484 0
vn 0.0962970704 0.993740618 -0.0566252358
vn -0.057298176 0.982632101 0.176496789
vn 0.185358018 0.982630253 0.0089584589
vn -0.00798177626 0.944099128 -0.329565048
vn 0.224473983 0.94410646 -0.241400987
vn -0.380011261 0.847348213 -0.370934665
vn -0.548989892 0.805388331 0.223516405
vn -0.0143195894 0.805399776 0.59255898
vn 0.530432463 0.847339153 0.0256492421
vn 0.479515016 0.805406094 -0.348405331
vn 0.55910784 0.805411637 0.196749792
vn -0.666341424 0 -0.745646656
vn 0.0654040501 0 -0.997858822
vn 5.25674977e-06 -0.99999994 0
vn -7.00906003e-06 -0.99999994 -0
vn 2.33631999e-06 -0.99999994 0
vn -9.34540003e-06 -0.99999994 -0
vn 3.50449e-06 -0.99999994 0
vn -5.84084e-06 -0.99999994 -0
vn 8.17712043e-06 -0.99999994 0
vn -9.34552827e-06 -0.99999994 -0
vn 5.84084e-06 -0.99999994 0
vn -3.5045698e-06 -0.99999994 -0
vn 7.0088995e-06 -0.99999994 0
vn 1.16817e-06 -0.99999994 0
vn -2.33634e-06 -0.99999994 -0
vn 7.00891951e-06 -0.99999994 0
vn -3.50458981e-06 -0.99999994 -0
vn -5.25674977e-06 -0.99999994 -0
vn 0.0369220898 0.99930352 0.00539731886
vn 0.0363056585 0.999300838 0.00892704725
vn 0.0351369269 0.999305725 0.0123801781
vn 0.0338967368 0.999301374 0.0157397278
vn 0.0321158059 0.999305129 0.0189151056
vn 0.0302505959 0.999301434 0.0219434965
vn 0.0279150605 0.999304056 0.0247436687
vn 0.0253075901 0.999306023 0.0273309294
vn 0.0226879679 0.999302566 0.0296565779
vn 0.0197989885 0.999301016 0.0317072198
vn 0.0165037494 0.999303877 0.0334577486
vn 0.013338197 0.999301851 0.034897916
vn 0.00976538472 0.999303699 0.0360109769
vn 0.00632446911 0.999302924 0.0367911309
vn 0.00261324598 0.99930346 0.0372244678
vn -0.000825118797 0.999303222 0.037312977
vn -0.00453662733 0.999303043 0.0370502956
vn -0.00811415911 0.999302745 0.0364440568
vn -0.011415299 0.999304652 0.0354955718
vn -0.014989309 0.99930197 0.0342169963
vn -0.0181478765 0.999302924 0.032622382
vn -0.0211761482 0.999303877 0.0307146888
vn -0.0239288788 0.999306619 0.0285251103
vn -0.0268166587 0.99930042 0.0260678474
vn -0.0290132053 0.999305606 0.0233734157
vn -0.0312153045 0.999303341 0.0204517189
vn -0.0330739617 0.999302447 0.0173416696
vn -0.0345819481 0.999302745 0.0140736094
vn -0.0357556902 0.99930352 0.0106697595
vn -0.0366470143 0.999302447 0.00716996007
vn -0.0371627137 0.999302626 0.00360751059
vn -0.0373148918 0.99930352 0
vn -0.0371627137 0.999302626 -0.00360751059
vn -0.0366470143 0.999302447 -0.00716996007
vn -0.0357581265 0.999303401 -0.0106704785
vn -0.0345795676 0.999302864 -0.0140726492
vn -0.0330762155 0.999302328 -0.0173428562
vn -0.0312840305 0.999301314 -0.0204517208
vn -0.0290132053 0.999305606 -0.0233734157
vn -0.0268166587 0.99930042 -0.0260678474
vn -0.0239272099 0.999306738 -0.0285231415
vn -0.0211769268 0.999303758 -0.0307157561
vn -0.0181472264 0.999302924 -0.0326212533
vn -0.0149898492 0.99930197 -0.0342181884
vn -0.0115522081 0.999303043 -0.0354936644
vn -0.00811415911 0.999302745 -0.0364440568
vn -0.00453662733 0.999303043 -0.0370504744
vn -0.000825116935 0.999303222 -0.0373129211
vn 0.00261330605 0.99930352 -0.0372245871
vn 0.00632440997 0.999302924 -0.036790777
vn 0.00976556446 0.999303639 -0.0360116288
vn 0.0133377286 0.999301851 -0.0348966643
vn 0.0165037494 0.999303877 -0.0334577486
vn 0.0197989885 0.999301016 -0.0317072198
vn 0.022551287 0.999305606 -0.0296576545
vn 0.0253057983 0.999306142 -0.0273290202
vn 0.0279169586 0.999303877 -0.0247453377
vn 0.0302505959 0.999301434 -0.0219434965
vn 0.032180123 0.999303043 -0.0189124867
vn 0.0338967368 0.999301374 -0.0157397278
vn 0.0352031477 0.99930346 -0.0123793399
vn 0.0362369977 0.999303341 -0.00892710499
vn 0.0369246006 0.99930346 -0.00539773656
vn 0.0372856148 0.999302924 -0.00180387369
vn 0.0372830555 0.999303043 0.0018037546
vn 0.230881587 0.758996069 -0.608784556
vn -0.316430748 0.75899297 0.569035351
vn -0.369868308 0.758987904 0.535849512
vn -0.544618428 0.75899446 -0.356816769
vn -0.26003468 0.75899291 -0.596918464
vn -0.64805907 0.758993864 0.0628312826
vn -0.369867265 0.758989453 -0.535848081
vn 0.443410277 0.758993208 -0.476777375
vn 0.526742637 0.758996606 0.382709205
vn -0.465925306 0.758990705 -0.454803914
vn 0.0471672975 0.758993864 0.649387062
vn 0.526749551 0.758991957 -0.382708907
vn -0.623907506 0.758998752 0.186172694
vn 0.171042994 0.758994639 -0.628228724
vn -0.651100814 0.758991241 0
vn 0.288557202 0.759000242 -0.583655119
vn 0.395321548 0.759001315 0.517337084
vn 0.48735854 0.758997083 0.431746632
vn -0.0157272201 0.758997142 0.65090394
vn 0.487359971 0.758995414 -0.431747913
vn 0.561228096 0.75899744 0.330069631
vn 0.561231315 0.758994162 -0.330071479
vn -0.648058176 0.75899452 -0.0628316402
vn 0.632174015 0.758998275 -0.155812591
vn 0.650316358 0.759011745 -0.0314600989
vn 0.644242644 0.75901252 0.0940812752
vn -0.260026872 0.75899601 0.596917808
vn -0.201214686 0.758996069 -0.619223416
vn 0.23087278 0.759001315 0.608781278
vn -0.419863433 0.758988619 -0.497645527
vn 0.00784099102 0.75935024 -0.650634825
vn 0.592045486 0.805395961 -0.0286267884
vn -0.424164981 0.805401146 0.414020568
vn 0.510913312 0.805402279 -0.300490648
vn 0.210168079 0.805401564 -0.554218113
vn 0.403671265 0.805392385 -0.434042156
vn 0.0997897163 0.805399597 -0.584271729
vn -0.424164981 0.805401146 -0.414020568
vn 0.443649948 0.805407584 -0.393056244
vn -0.236739382 0.80539602 -0.543407381
vn -0.589985073 0.805386007 -0.0571915433
vn 0.312741756 0.805400252 0.503510714
vn -0.183146507 0.805402517 -0.563723445
vn 0.510916948 0.805398822 0.300493866
vn -0.336717278 0.805395305 -0.487811208
vn 0.262703657 0.805401683 0.531333148
vn -0.462122083 0.805405259 -0.371167779
vn -0.495804012 0.805396795 -0.324829638
vn -0.524843752 0.80539006 -0.275473982
vn -0.567973971 0.805409908 -0.169470668
vn -0.581708252 0.805384755 -0.113888979
vn -0.288048863 0.805402219 -0.518030047
vn -0.589989483 0.805382848 0.0571910664
vn 0.537542105 0.805401742 -0.249752879
vn 0.586513877 0.805397272 0.0856550336
vn -0.127885818 0.805402875 -0.578767121
vn -0.288058311 0.805398524 0.518030584
vn -0.236731678 0.805396259 0.54341048
vn 0.09978275 0.805400968 0.584271014
vn -0.495809078 0.805394828 0.324826956
vn 0.155712321 0.805403531 0.571908176
vn 0.44365406 0.805407584 0.393051773
vn 0.155722886 0.80539763 -0.571913481
vn -0.462122083 0.805405259 0.371167779
vn 0.537542105 0.805401742 0.249752879
vn 0.592044115 0.805396259 0.0286438391
vn 0.530450344 0.84732765 -0.0256595016
vn -0.49183327 0.847344756 0.200267091
vn 0.429615706 0.847344041 -0.312151194
vn 0.397481143 0.847351193 -0.352142841
vn 0.0384715647 0.847338676 0.529657543
vn -0.0640029907 0.847341418 0.527177453
vn 0.0384740755 0.847339213 -0.529656351
vn -0.0128301289 0.847341716 -0.530893028
vn -0.0640030354 0.847341001 -0.527178049
vn -0.114598289 0.847340465 -0.5185377
vn -0.508874953 0.847344458 0.15183419
vn -0.301660419 0.847346067 -0.437041938
vn -0.508869946 0.847347975 -0.151831165
vn -0.380030483 0.847340047 0.370933384
vn -0.470211476 0.847354352 -0.246762395
vn 0.457750201 0.84734112 -0.269217074
vn 0.429615706 0.847344041 0.312151194
vn -0.164095983 0.847341657 -0.505059004
vn 0.481603324 0.8473351 0.223788574
vn -0.301651031 0.84734869 0.437043309
vn -0.528559744 0.847347498 0.051252231
vn -0.444188416 0.847348034 -0.291029125
vn -0.531044543 0.847343922 0
vn -0.258082777 0.847339809 0.464121103
vn -0.521150172 0.847343326 0.102038391
vn -0.414038509 0.847344279 0.332535595
vn -0.491824478 0.847349644 -0.200267687
vn -0.470213532 0.847352982 0.246763512
vn 0.322452843 0.847337306 0.421952099
vn 0.525479078 0.84733808 0.0767461583
vn -0.164105296 0.847341657 0.505056024
vn -0.342419475 0.847350001 0.405890048
vn 0.361651987 0.847341418 -0.388870507
vn 0.18831709 0.847339511 0.496540368
vn -0.212084979 0.847343743 -0.486855775
vn 0.361646175 0.847341657 0.388875276
vn -0.444188416 0.847348034 0.291029125
vn 0.457752377 0.847341418 0.269212306
vn -0.0128377592 0.847344756 0.530888021
vn 0.51562345 0.847335458 0.127102092
vn 0.397493273 0.847344816 0.352144599
vn -0.528560042 0.847347438 -0.051251702
vn 0.465835452 0.884583771 -0.0225551669
vn 0.122529693 0.884578824 0.450007409
vn -0.186272919 0.884577334 0.427580744
vn 0.377306461 0.884580016 -0.274149656
vn 0.317602217 0.884583235 0.341527998
vn 0.283194244 0.884573698 -0.37058115
vn 0.206693783 0.884583652 -0.418078274
vn -0.333753377 0.884572029 -0.325793058
vn -0.431968868 0.884573758 -0.175875381
vn -0.0112891085 0.884579062 -0.466253519
vn 0.0785010904 0.884579778 0.459734887
vn -0.26494208 0.884576559 0.383835763
vn -0.100643501 0.884578645 -0.455402374
vn -0.186266169 0.884579599 -0.427578896
vn -0.226631507 0.884580135 -0.407622457
vn -0.264940709 0.88457793 -0.383833826
vn -0.363631964 0.884582579 -0.292036712
vn -0.144127294 0.884579062 -0.443562001
vn 0.377308488 0.884578645 0.274151206
vn 0.461481243 0.88458854 -0.0673658848
vn -0.10065411 0.884580255 0.455397129
vn -0.457697481 0.884582758 -0.0895898864
vn -0.390126109 0.884575367 0.255593687
vn -0.300768584 0.884573042 0.356467158
vn -0.41296941 0.884572089 0.21676828
vn 0.165356979 0.884583056 -0.436084777
vn -0.464220524 0.884575248 -0.0450111628
vn -0.0562002473 0.884578526 0.462992609
vn -0.446931571 0.884570658 -0.133367389
vn 0.402014881 0.884579599 0.236438096
vn 0.246083081 0.884580851 0.396181583
vn -0.363644212 0.884577453 0.292036891
vn 0.465831369 0.884586513 0.0225345399
vn 0.376520336 0.916889608 -0.13246049
vn -0.399140984 0.916889548 0
vn -0.311206937 0.916889131 -0.249929309
vn 0.210609555 0.91688782 -0.339057744
vn 0.141523406 0.916889906 0.373207897
vn 0.104858689 0.916890562 -0.385118693
vn -0.382467777 0.916893423 0.114126593
vn -0.397277445 0.916890383 -0.0385066234
vn -0.159386098 0.916892171 -0.36593008
vn -0.193973288 0.916890144 -0.348836392
vn 0.38754198 0.916890144 0.0955181718
vn -0.353424668 0.916887224 -0.185496181
vn -0.36967361 0.916893959 -0.15048869
vn -0.382470161 0.91689229 -0.114127293
vn 0.39868471 0.916885257 -0.0192865692
vn 0.0671788827 0.91689074 0.393444031
vn -0.159393013 0.916891158 0.365929693
vn 0.176912472 0.916887105 -0.357798755
vn -0.226714283 0.916895449 -0.328486472
vn 0.298770368 0.916881621 -0.264696658
vn -0.311202824 0.916891336 0.24992612
vn -0.193965256 0.916892469 0.348834544
vn 0.242328957 0.916887939 0.317163974
vn 0.27184087 0.916882932 0.292280972
vn 0.322920233 0.916892648 0.23458536
vn 0.0671858564 0.916890323 -0.393443853
vn 0.298757583 0.916885436 0.26469776
vn -0.333847851 0.916893721 -0.218749359
vn -0.00961708929 0.916888833 -0.399026662
vn 0.298970908 0.944096386 0.138919309
vn 0.320068598 0.944102168 -0.0789126009
vn 0.310976803 0.944097757 -0.109420493
vn 0.0555166043 0.94409883 0.324954212
vn 0.246756703 0.944100022 -0.218600586
vn -0.275799751 0.944087803 0.180644974
vn -0.0711095259 0.944101214 -0.321894884
vn 0.0555274934 0.944098294 -0.324953973
vn 0.0239127818 0.944097936 -0.328796834
vn -0.131627485 0.944103479 -0.302229673
vn -0.160206869 0.944099724 -0.288113445
vn 0.266702086 0.944097817 -0.193775982
vn -0.18726328 0.944098115 -0.271313876
vn -0.32350114 0.944104731 -0.0633503124
vn -0.257001072 0.944103599 -0.206443086
vn -0.291908771 0.944097936 -0.153193682
vn -0.31590423 0.944096088 -0.0942718983
vn -0.160205498 0.944100738 0.28811121
vn 0.266691118 0.944102645 0.19376801
vn -0.32812196 0.944100022 0.0317973383
vn 0.320071161 0.944101214 0.078913264
vn 0.173942283 0.944099069 0.280037582
vn -0.235935882 0.944092333 0.230269283
vn -0.187247977 0.944100201 0.271317065
vn 0.326192468 0.944103837 -0.0476060472
vn -0.212609068 0.944091737 0.251968443
vn 0.0866168663 0.944098175 0.318081856
vn 0.116920508 0.944096267 0.308239937
vn -0.329650074 0.944103181 0
vn 0.20019649 0.944092453 0.261936605
vn 0.284169912 0.944096088 -0.16712302
vn 0.0238976385 0.944097817 0.328798056
vn 0.284174562 0.944094121 0.167125806
vn 0.258044213 0.966052651 -0.012471851
vn 0.255619586 0.96605587 -0.0373451672
vn 0.250819534 0.966057837 -0.0618216954
vn 0.243716881 0.966048121 -0.0857502744
vn 0.234289765 0.96605283 -0.108858578
vn -0.239257187 0.96605587 0.0974268913
vn 0.234291673 0.966052294 0.108859479
vn 0.193374202 0.966051519 -0.171320692
vn 0.175884783 0.96606195 -0.189179182
vn 0.156854793 0.966053426 -0.205273792
vn 0.209008589 0.966052711 0.15184699
vn 0.0434989929 0.96605283 0.254656434
vn -0.247555599 0.96605444 0.0738574192
vn -0.0311485436 0.966053843 -0.256455779
vn -0.166597903 0.966052949 -0.197451115
vn -0.00623375038 0.966053545 0.258266658
vn -0.103161409 0.966054738 -0.236845911
vn -0.1255593 0.966053963 -0.225775301
vn -0.146752506 0.966053426 -0.212613389
vn 0.222704113 0.966048062 0.130973697
vn -0.201435283 0.966053724 -0.161752582
vn 0.0187484603 0.966052473 0.25766468
vn -0.239284888 0.966048837 -0.0974288508
vn 0.243719578 0.966047406 0.0857512206
vn -0.247567818 0.96605134 -0.073857598
vn -0.253500462 0.966060936 -0.0496351644
vn -0.257115901 0.966058612 -0.0249427501
vn -0.125559971 0.966053545 0.225776568
vn 0.114522502 0.966050267 0.231584683
vn 0.0435103066 0.966052651 -0.254654795
vn 0.175895974 0.966059983 0.189178765
vn 0.222682148 0.966052949 -0.130974367
vn 0.258043766 0.966052353 0.0124990884
vn -0.079796657 0.966056883 0.245696262
vn -0.184864193 0.966052413 -0.180465907
vn 0.0678354427 0.966054916 0.249271587
vn -0.216104582 0.966052115 -0.141570389
vn 0.136318803 0.966053545 0.21944879
vn -0.2535142 0.96605742 0.0496355779
vn -0.166599706 0.966052115 0.19745329
vn -0.228748992 0.966053545 0.120059997
vn -0.216104582 0.966052115 0.141570389
vn -0.257124364 0.966056347 0.0249430481
vn -0.258339375 0.966054142 0
vn 0.255632222 0.966052592 0.0373453423
vn 0.185352787 0.982630849 -0.00899660401
vn 0.183635801 0.98262912 -0.0267916881
vn 0.168301806 0.982628047 -0.0782084316
vn 0.150149584 0.982625365 -0.10909839
vn 0.138922483 0.982626796 -0.123065278
vn 0.126401275 0.982628942 -0.135878175
vn 0.112656794 0.982631564 -0.147456989
vn -0.0901815742 0.982629716 0.162191585
vn -0.0741850063 0.982623935 0.170137286
vn 0.0486958474 0.982630908 -0.179067165
vn 0.0979274437 0.982626915 -0.157652989
vn -0.0223352294 0.982630372 -0.184224918
vn -0.0741685033 0.982624948 -0.170139
vn -0.0901839063 0.982628763 -0.162195697
vn -0.105417691 0.982629597 -0.152729496
vn -0.11969538 0.98262614 -0.14184089
vn -0.132827267 0.982626319 -0.129623383
vn -0.144718677 0.982625425 -0.116204984
vn -0.15526709 0.9826231 -0.101704381
vn -0.171856791 0.98263526 -0.0699515194
vn -0.177828863 0.982628644 -0.0530819073
vn -0.182128668 0.982627332 -0.035672415
vn -0.184738487 0.982624471 -0.0179144684
vn -0.164272383 0.982635617 -0.0862662643
vn 0.0134409601 0.98262912 0.185092494
vn -0.182122678 0.982628524 0.0356712863
vn -0.00448131515 0.982629359 0.185524791
vn 0.18017976 0.982629597 -0.0444330424
vn 0.112662993 0.982629716 0.147465095
vn -0.144680604 0.982631445 0.116202094
vn 0.180180088 0.982629597 0.0444331653
vn -0.0573625974 0.982628345 -0.176496163
vn -0.00455021765 0.982628942 -0.185525
vn 0.0312172081 0.982629418 0.182934105
vn 0.159951493 0.982633114 0.0940619633
vn 0.17506212 0.982630134 0.0615738034
vn 0.11158438 0.993740201 -0.00540131191
vn -0.107068703 0.993738234 0.0319461189
vn 0.105423793 0.993736148 -0.0370711014
vn -0.0345204957 0.993737042 -0.106277779
vn 0.0836843029 0.993734002 -0.0740919039
vn -0.0240676384 0.993737459 -0.10911689
vn 0.0589827076 0.993735015 -0.0949295461
vn 0.108565591 0.99372983 -0.0267288573
vn 0.110594496 0.993734241 -0.0161576793
vn -0.0934636965 0.993737638 0.0612361878
vn -0.0135196382 0.993735909 -0.110932484
vn 0.0760502145 0.993741393 0.0818196982
vn -0.0447024032 0.993733346 -0.102447785
vn -0.0541834757 0.993742764 -0.0976695344
vn -0.11176341 0.993734837 0
vn -0.0720617101 0.993736863 -0.0854056999
vn -0.0800375789 0.993731618 -0.0780478045
vn -0.0870799273 0.993739903 -0.0699853748
vn -0.0934402868 0.993740141 -0.0612320751
vn -0.0990133062 0.993730545 -0.0519218333
vn -0.1034927 0.993736744 -0.042149175
vn -0.107064083 0.99373877 -0.031944748
vn -0.109689198 0.993734121 -0.0214659479
vn -0.111211389 0.993738055 -0.0108030997
vn 0.0677916929 0.993740141 -0.0887961164
vn -0.111213595 0.993737817 0.01080334
vn 0.105418183 0.993736744 0.0370691307
vn -0.06349051 0.993736863 0.0919572711
vn -0.0241916087 0.993734837 0.109113693
vn -0.0800416917 0.993730962 0.078051798
vn 0.101335496 0.99373585 0.0471185967
vn 0.0080708852 0.993737042 0.111451589
vn -0.0635285303 0.993733883 -0.0919625685
vn -0.00270575145 0.993736625 0.111714676
vn 0.0589141771 0.993739128 0.0949299857
vn -0.0541672744 0.993743539 0.0976712704
vn 0.0494999178 0.993738353 0.100168899
vn 0.0189731084 0.993733585 0.110152282
vn 0.11162819 0.993735254 0.00541674951
vn 0.0292953141 0.99373889 0.107818179
vn 0.0293134991 0.993737936 -0.107821792
vn 0.0962663218 0.99374342 0.0566273257
vn 1.6547699e-06 0.99999994 0
vn 2.36221013e-06 0.99999994 0
vn 6.63701985e-06 0.99999994 0
vn -7.92754918e-07 0.99999994 0
vn -9.443409e-06 0.99999994 0
vn 1.90081973e-05 0.99999994 0
vn -4.72205966e-06 0.99999994 0
vn 1.89028979e-05 0.99999994 0
vn 2.08906002e-07 0.99999994 0
vn 1.33713984e-05 0.99999994 0
vn 9.61917885e-06 0.99999994 0
vn 1.89027996e-05 0.99999994 0
vn -1.33721987e-05 0.99999994 0
vn -6.65663947e-06 0.99999994 0
vn 2.36218989e-06 0.99999994 0
vn -9.44344902e-06 0.99999994 0
vn -2.99002977e-07 0.99999994 0
vn 6.66826963e-06 0.99999994 0
vn -4.72201009e-06 0.99999994 0
vn 2.04371991e-05 0.99999994 0
vn 0.195089981 0 -0.98078537
vn 0.321442574 0 -0.946929038
vn 0.442283511 0 -0.896875262
vn 0.555571735 0 -0.831468582
vn 0.659352601 0 -0.751833797
vn 0.751844406 0 -0.659340501
vn 0.831464946 0 -0.555577219
vn 0.896873415 0 -0.442287385
vn 0.946922362 0 -0.321462274
vn 0.980788052 0 -0.195076078
vn 0.997857809 0 -0.0654184669
vn 0.997857809 0 0.0654184669
vn 0.980788052 0 0.195076078
vn 0.946922064 0 0.321462989
vn 0.896873772 0 0.44228673
vn 0.831464946 0 0.555577219
vn 0.751838803 0 0.659346998
vn 0.659353137 0 0.751833379
vn 0.555571735 0 0.831468582
vn 0.442284107 0 0.896874905
vn 0.321436763 0 0.946931064
vn 0.195093095 0 0.980784655
vn 0.0654024333 0 0.997858942
vn -0.0654023141 0 0.997858942
vn -0.195087194 0 0.980785847
vn -0.32143724 0 0.946930826
vn -0.442297041 0 0.896868527
vn -0.555558264 0 0.831477523
vn -0.659352303 0 0.751834154
vn -0.751839995 0 0.659345627
vn -0.831464529 0 0.555577815
vn -0.896873772 0 0.44228673
vn -0.946931541 0 0.321435362
vn -0.980782628 0 0.195103362
vn -0.997860014 0 0.0653861687
vn -0.997859836 0 -0.0653894395
vn -0.980782092 0 -0.195106551
vn -0.946931541 0 -0.321435362
vn -0.896873772 0 -0.44228673
vn -0.831464529 0 -0.555577815
vn -0.751844049 0 -0.659340978
vn -0.659352303 0 -0.751834154
vn -0.555556774 0 -0.831478596
vn -0.44229576 0 -0.896869242
vn -0.321442097 0 -0.946929216
vn -0.19508417 0 -0.980786443
vn -0.0654023141 0 -0.997858942
vn 0.0560675785 0 -0.998427033
vn 1.36857e-06 0.99999994 0
vn 6.83205997e-07 0.99999994 0
vn 3.09569009e-06 0.99999994 0
vn 3.10436985e-06 0.99999994 0
vn -3.0957101e-06 0.99999994 0
vn -7.76087973e-07 0.99999994 0
vn 1.09486982e-05 0.99999994 0
vn -3.09574011e-06 0.99999994 0
vn -4.63708966e-06 0.99999994 0
vn -1.36857e-06 0.99999994 0
vn -6.83205997e-07 0.99999994 0
vn -1.09486982e-05 0.99999994 0
vn 7.76088939e-07 0.99999994 0
vn 1.09485991e-05 0.99999994 0
vn 0.167507082 0 -0.985870838
vn 0.276837111 0 -0.960916817
vn 0.382679909 0 -0.923880935
vn 0.483723938 0 -0.875220656
vn 0.578665078 0 -0.815565288
vn 0.666355014 0 -0.745634675
vn 0.745639086 0 -0.666349888
vn 0.815560818 0 -0.578671277
vn 0.875221848 0 -0.483721673
vn 0.92388165 0 -0.3826783
vn 0.960914612 0 -0.27684471
vn 0.985872149 0 -0.167499587
vn 0.998425901 0 -0.0560867079
vn 0.998425901 0 0.0560867079
vn 0.985872149 0 0.167499587
vn 0.960914612 0 0.27684471
vn 0.92388165 0 0.3826783
vn 0.875221848 0 0.483721673
vn 0.815560818 0 0.578671277
vn 0.745639086 0 0.666349888
vn 0.666355014 0 0.745634675
vn 0.578672349 0 0.815560102
vn 0.483723938 0 0.875220656
vn 0.382670641 0 0.923884809
vn 0.276837111 0 0.960916817
vn 0.167507082 0 0.985870838
vn 0.0560709685 0 0.998426735
vn -0.0560694858 0 0.998426855
vn -0.167507082 0 0.985870838
vn -0.276837111 0 0.960916817
vn -0.382680178 0 0.923880816
vn -0.483712435 0 0.875227034
vn -0.578685224 0 0.815550923
vn -0.666341424 0 0.745646656
vn -0.745639086 0 0.666349888
vn -0.815560818 0 0.578671277
vn -0.875221848 0 0.483721673
vn -0.92388165 0 0.3826783
vn -0.960914612 0 0.27684471
vn -0.985872149 0 0.167499587
vn -0.998427331 0 0.056059584
vn -0.998427331 0 -0.056059584
vn -0.985872149 0 -0.167499587
vn -0.960914612 0 -0.27684471
vn -0.92388165 0 -0.3826783
vn -0.875221848 0 -0.483721673
vn -0.815560818 0 -0.578671277
vn -0.745639086 0 -0.666349888
vn -0.578677952 0 -0.815556049
vn 0.676183462 0 -0.736733317
vn -0.483712435 0 -0.875227034
vn -0.382689476 0 -0.923877001
vn -0.276837111 0 -0.960916817
vn -0.167507082 0 -0.985870838
vn -0.0560660847 0 -0.998427033
vn 0.0570931956 0 -0.998368859
vn 2.67661994e-06 -0.99999994 0
vn -3.94956942e-06 -0.99999994 -0
vn -1.84480978e-05 -0.99999994 -0
vn 1.1843098e-05 -0.99999994 0
vn -1.84562996e-05 -0.99999994 -0
vn 7.89277874e-06 -0.99999994 0
vn 1.84562996e-05 -0.99999994 0
vn -1.57907998e-05 -0.99999994 -0
vn 1.84480978e-05 -0.99999994 0
vn -3.16451005e-05 -0.99999994 -0
vn 3.17656959e-05 -0.99999994 0
vn -7.32546905e-05 -0.99999994 -0
vn -3.18161001e-05 -0.99999994 -0
vn -3.18760976e-05 -0.99999994 -0
vn 3.19439969e-05 -0.99999994 0
vn -3.20124964e-05 -0.99999994 -0
vn 7.25846912e-05 -0.99999994 0
vn 3.20912986e-05 -0.99999994 0
vn 3.23673958e-05 -0.99999994 0
vn -3.24738976e-05 -0.99999994 -0
vn -7.14189882e-05 -0.99999994 -0
vn -7.08591979e-05 -0.99999994 -0
vn 7.33305933e-05 -0.99999994 0
vn -6.29737988e-05 -0.99999994 -0
vn 7.46373989e-05 -0.99999994 0
vn -6.25062967e-05 -0.99999994 -0
vn 7.53334971e-05 -0.99999994 0
vn -6.20224964e-05 -0.99999994 -0
vn -6.05812929e-05 -0.99999994 -0
vn 7.84359872e-05 -0.99999994 0
vn 5.95920937e-05 -0.99999994 0
vn 2.92996974e-05 -0.99999994 0
vn 2.88001993e-05 -0.99999994 0
vn 0.170519918 0 -0.985354245
vn 0.281742066 0 -0.95949018
vn 0.389272869 0 -0.921122432
vn 0.491712511 0 -0.87075758
vn 0.58778739 0 -0.809015393
vn 0.755765855 0 -0.654841959
vn 0.717127919 0 0.696941614
vn 0.825459003 0 -0.564461887
vn 0.884438455 0 -0.466656864
vn 0.931853354 0 -0.362835109
vn 0.967150867 0 -0.254203111
vn 0.989820659 0 -0.14232029
vn 0.999592125 0 -0.0285553858
vn 0.996331334 0 0.0855795592
vn 0.980085135 0 0.198577717
vn 0.951063931 0 0.308993846
vn 0.909618318 0 0.415444881
vn 0.856345117 0 0.516403854
vn 0.791911304 0 0.610636234
vn 0.633006394 0 0.774146497
vn 0.441230476 0 0.897393823
vn 0.5406394 0 0.841254473
vn 0.336042911 0 0.941846669
vn -0.336051226 0 0.941843688
vn 0.22649762 0 0.974011779
vn 0.113986909 0 0.993482292
vn 0 0 0.99999994
vn -0.113986909 0 0.993482292
vn -0.226497903 0 0.97401166
vn -0.441219568 0 0.897399187
vn -0.717128098 0 0.696941257
vn -0.5406394 0 0.841254473
vn -0.633005917 0 0.774146914
vn -0.791910946 0 0.610636592
vn -0.676183462 0 -0.736733317
vn -0.856345594 0 0.516403019
vn -0.909618735 0 0.415443927
vn -0.951063931 0 0.308994323
vn -0.980084836 0 0.198578998
vn -0.996331215 0 0.0855801031
vn -0.999592125 0 -0.0285566989
vn -0.98982048 0 -0.142321587
vn -0.967150331 0 -0.254205078
vn -0.931853235 0 -0.362835377
vn -0.884438157 0 -0.466657311
vn -0.825458825 0 -0.564462245
vn -0.755752683 0 -0.654857099
vn -0.58778739 0 -0.809015393
vn -0.491723984 0 -0.870751143
vn -0.389272869 0 -0.921122432
vn -0.281735182 0 -0.959492207
vn -0.170524567 0 -0.985353351
vn -0.0570874773 0 -0.998369157
vn -3.32628988e-05 -0.99999994 -0
vn 1.76420999e-05 -0.99999994 0
vn 0.809018731 0 -0.587782681
vn 0.0627893135 0 -0.998026729
vn 0.187382773 0 -0.98228693
vn 0.309021086 0 -0.951055169
vn 0.425781518 0 -0.904826045
vn 0.535822093 0 -0.844330907
vn 0.637425661 0 -0.770511806
vn 0.728963077 0 -0.684552968
vn 0.876311243 0 -0.481745362
vn 0.809018731 0 0.587782681
vn 0.929776669 0 -0.368124008
vn 0.968581498 0 -0.248696461
vn 0.992115557 0 -0.125326172
vn 0.99999994 0 0
vn 0.992115557 0 0.125326172
vn 0.968581676 0 0.248695791
vn 0.929776967 0 0.368123263
vn 0.876311541 0 0.481744766
vn 0.728963494 0 0.684552491
vn 0.187379092 0 0.982287645
vn 0.637425303 0 0.770512104
vn 0.535822093 0 0.844330907
vn 0.425780863 0 0.904826283
vn 0.309021086 0 0.951055169
vn 0.0627931282 0 0.998026609
vn -0.187379375 0 0.982287526
vn -0.0627931282 0 0.998026609
vn -0.309011728 0 0.951058149
vn -0.809004426 0 0.587802529
vn -0.425781518 0 0.904826045
vn -0.535822809 0 0.84433043
vn -0.637425303 0 0.770512104
vn -0.728977919 0 0.684537232
vn -0.876311541 0 0.481744766
vn -0.809004426 0 -0.587802529
vn -0.929776132 0 0.36812523
vn -0.968582034 0 0.24869442
vn -0.992115557 0 0.125326172
vn -0.99999994 0 0
vn -0.992115557 0 -0.125326172
vn -0.968581259 0 -0.248697162
vn -0.929777265 0 -0.368122607
vn -0.876311541 0 -0.481744766
vn -0.728979349 0 -0.684535682
vn -0.763649285 0 -0.645631254
vn -0.637425303 0 -0.770512104
vn -0.535821319 0 -0.844331324
vn -0.425781518 0 -0.904826045
vn -0.309011728 0 -0.951058149
vn -0.187382475 0 -0.98228693
vn -0.0627893135 0 -0.998026729
vn 0.0667949393 0 -0.997766733
vn 8.17467935e-06 -0.99999994 0
vn -8.1199496e-06 -0.99999994 -0
vn 8.45561954e-06 -0.99999994 0
vn -2.55514988e-06 -0.99999994 -0
vn 8.45844988e-06 -0.99999994 0
vn -3.06697984e-06 -0.99999994 -0
vn 0.199179366 0 -0.979963005
vn 0.328024536 0 -0.944669127
vn 0.451021463 0 -0.892513037
vn 0.565947115 0 -0.824441552
vn 0.670769989 0 -0.741665304
vn 0.763665318 0 -0.645612299
vn 0.842885911 0 -0.538092315
vn 0.907090247 0 -0.420936078
vn 0.955104649 0 -0.296268374
vn 0.986067712 0 -0.166344285
vn 0.999441445 0 -0.0334188901
vn 0.994974732 0 0.100126207
vn 0.972760439 0 0.231812358
vn 0.933188438 0 0.359387249
vn 0.876943946 0 0.480592757
vn 0.805067062 0 0.593183756
vn 0.718832552 0 0.695183218
vn 0.619739473 0 0.784807622
vn 0.509626806 0 0.860395432
vn 0.390387207 0 0.92065078
vn 0.264190704 0 0.964470446
vn 0.133287773 0 0.991077304
vn -0.133287773 0 0.991077304
vn -0.264199048 0 0.964468122
vn -0.390387207 0 0.92065078
vn -0.509612501 0 0.860403955
vn -0.619755387 0 0.784795046
vn -0.718816221 0 0.695200086
vn -0.805067062 0 0.593183756
vn -0.876957655 0 0.480567575
vn -0.933177531 0 0.35941565
vn -0.972760439 0 0.231812358
vn -0.994977951 0 0.100093886
vn -0.999441445 0 -0.0334188901
vn -0.986073136 0 -0.166312516
vn -0.955104649 0 -0.296268374
vn -0.907090247 0 -0.420936078
vn -0.842885911 0 -0.538092315
vn -0.670786262 0 -0.741650641
vn -0.565947115 0 -0.824441552
vn -0.45100832 0 -0.892519772
vn -0.328024536 0 -0.944669127
vn -0.199185684 0 -0.979961753
vn -0.0667927191 0 -0.997766912
vn -0.369659066 0.91689992 0.1504886
vn 0.0289345272 0.916889608 -0.398090631
vn 0.210592076 0.916893899 0.339052141
vn -0.257383078 0.916890144 -0.305067629
vn 0.387560099 0.916882396 -0.0955191776
vn 0.361976206 0.916884422 0.168214485
vn -0.123337299 0.916889012 0.379608184
vn 0.298962176 0.944099665 -0.1389153
vn 0.403648436 0.805401206 0.434046954
vn -0.336723447 0.805387259 0.487820119
vn 0.16829887 0.982628644 0.0782071128
vn 0.15016517 0.982623041 0.109097287
vn 0.329271823 0.94410044 -0.0159513913
vn -0.184884399 0.966049016 0.18046318
vn 0.0822005644 0.982632935 0.166359469
vn -0.0798535347 0.96605283 -0.245693818
vn -0.391694665 0.916892648 0.0767017528
vn -0.576530397 0.758987486 0.302573144
vn -0.412974775 0.88456887 -0.216771185
vn 0.481600165 0.847337365 -0.223787084
vn 0.34909147 0.884583712 -0.309268087
vn -0.466403931 0.884571791 0
vn 6.4050796e-06 -0.99999994 0
vn -8.15507883e-06 -0.99999994 -0
vn 0.422955871 0.88458395 0.1965186
vn 0.0338076875 0.884577274 -0.465166658
vn 0.312719464 0.805403948 -0.503518641
vn -0.414040267 0.84734267 -0.332537085
vn -0.382228315 0.805398405 0.45302853
vn 0.1395078 0.847342849 -0.512394011
vn 0.262703657 0.805401683 -0.531333148
vn -0.603014529 0.759001434 -0.245541006
vn -0.0714570805 0.805399477 0.588409424
vn 0.065845713 0.982627094 -0.173517272
vn 0.0396105535 0.993736923 0.104488082
vn 0.139509007 0.847339928 0.512398541
vn 0.0821735188 0.982635617 -0.166357085
vn -8.46933926e-06 -0.99999994 -0
vn -1.33539997e-05 0.99999994 0
vn -8.69829e-06 -0.99999994 -0
vn -1.32251989e-05 0.99999994 0
vn -0.300757736 0.884576201 -0.356468439
vn -0.103150591 0.966055453 0.23684749
vn 0.422967762 0.884578168 -0.196518689
vn 0.0429298207 0.805398345 -0.591177285
vn -0.464217514 0.884576678 0.0450118594
vn -0.03116869 0.966053426 0.256455272
vn -0.164289206 0.982632816 0.0862660408
vn 0.0915979147 0.966055334 0.24155131
vn -0.00623446656 0.966053545 -0.258266658
vn 0.193385318 0.966049433 0.171320409
vn -0.457701743 0.884580433 0.0895907059
vn -0.342420906 0.84734863 -0.405891836
vn 0.402019203 0.884576976 -0.23644048
vn -0.446924448 0.884574294 0.133367091
vn -0.43196997 0.884573162 0.175875887
vn -0.0861134529 0.916891813 -0.38973549
vn 0.376513094 0.916892648 0.132460386
vn -8.53045913e-06 -0.99999994 -0
vn -5.94507924e-07 0.99999994 0
vn -0.333852172 0.916891515 0.21875219
vn 0.188306302 0.84734267 -0.496539235
vn 0.156867802 0.966050982 0.205275714
vn -0.155249685 0.982625961 0.101704292
vn -0.177847475 0.982625246 0.0530822687
vn -0.0714575499 0.805396914 -0.588412821
vn -0.0711306185 0.944100678 0.321891665
vn 0.0186934974 0.966053963 -0.257662892
vn -3.10438963e-06 0.99999994 0
vn -0.212083787 0.847338855 0.486864775
vn 0.34402734 0.91689527 -0.202356815
vn 0.586508334 0.805401385 -0.0856525078
vn 0.0761471167 0.993733704 -0.0818222538
vn 0.208996877 0.966056526 -0.151838467
vn -0.00794207957 0.944098651 0.329567462
vn -0.101885602 0.944097936 -0.313525796
vn -0.144126505 0.884580314 0.443559706
vn 0.0396109149 0.993737161 -0.104486793
vn -0.0870402381 0.993743718 0.0699810833
vn 1.09024986e-05 0.99999994 0
vn -0.0784792304 0.758999348 -0.646344364
vn -0.201192409 0.759001136 0.619224429
vn 0.0785277933 0.884577274 -0.459735185
vn 3.09563961e-06 0.99999994 0
vn 1.33045996e-05 0.99999994 0
vn 0.359899819 0.805399656 -0.470960319
vn -0.623905957 0.758999765 -0.18617335
vn 0.479515016 0.805406094 0.348405331
vn 0.34402284 0.916897476 0.202354163
vn 0.104862794 0.916889012 0.385121107
vn 2.03982972e-06 -0.99999994 0
vn -0.353423476 0.91688776 0.185495704
vn -0.226719394 0.916895151 0.32848382
vn -0.183154985 0.805401981 0.563721418
vn -0.382224768 0.805396318 -0.453035206
vn -0.333742857 0.884575427 0.32579428
vn -0.123336107 0.91689074 -0.379604518
vn 0.0678576753 0.966054142 -0.249268383
vn 0.250824273 0.966056466 0.0618228875
vn 0.136341467 0.966050446 -0.219447955
vn 0.159958884 0.982631445 -0.094066374
vn 0.176904574 0.91688931 0.357796937
vn 0.235360503 0.847338021 0.476050168
vn 0.0337838419 0.884580135 0.465162814
vn -0.592721999 0.805407107 0
vn -0.465921313 0.758995473 0.45480001
vn 0.114518091 0.966050148 -0.23158738
vn 0.138923094 0.982626617 0.123065792
vn 0.359903812 0.805394828 0.470965475
vn 4.02487012e-06 -0.99999994 0
vn 0.101332895 0.993736148 -0.047117345
vn -0.5489887 0.805388808 -0.223517761
vn 0.559104681 0.805413365 -0.196751788
vn -0.048139628 0.916887641 -0.39623189
vn -0.397278041 0.916889966 0.0385066755
vn 0.0188356563 0.993736207 -0.110152587
vn -0.119701877 0.982625723 0.141838387
vn -0.099015452 0.993730247 0.0519228987
vn -0.0557577536 0.966054142 -0.252250344
vn -0.1279075 0.805402935 0.578762233
vn -0.0156351291 0.76234585 -0.646980882
vn -0.0143276397 0.805398464 -0.59256053
vn 0.500982463 0.847322106 0.176243275
vn 0.110592611 0.993734479 0.0161599498
vn -0.201409608 0.966055274 0.161776096
vn 0.0429355949 0.805401266 0.591172814
vn -0.0557534583 0.966053426 0.252254397
vn -0.603017867 0.75900048 0.245535359
vn -0.305335164 0.944098175 -0.124293789
vn 0.146116897 0.944096625 0.295518786
vn -0.323516309 0.944099247 0.0633544922
vn 0.22448948 0.944104612 0.241393685
vn 0.34354493 0.758998275 -0.553080797
vn -0.258057296 0.847349763 -0.46411708
vn 0.280186027 0.847343981 0.451114118
vn 0.0312510058 0.982629061 -0.182930082
vn -0.581692517 0.805399716 0.113864593
vn -1.54786005e-06 0.99999994 0
vn 0.283169091 0.884583652 0.370576471
vn 0.349104673 0.884578466 0.309268087
vn 0.439945579 0.884585142 -0.154780298
vn 0.452835768 0.884578466 -0.111627199
vn -0.315903604 0.944097281 0.0942617059
vn 0.343537629 0.759000361 0.553082407
vn 0.173937395 0.944099247 -0.280039966
vn -0.275736719 0.944101632 -0.180669308
vn 0.280193299 0.847343206 -0.451111168
vn -0.131667092 0.944097161 0.302232176
vn -0.0720548481 0.993736923 0.0854100361
vn -0.0446261019 0.993736923 0.102446981
vn 0.515608251 0.847350299 -0.127065375
vn 0.206706464 0.884580433 0.418078631
vn 0.452845484 0.884573519 0.111627094
vn -0.228746489 0.966054976 -0.12005309
vn 0.32926783 0.944101751 0.0159513876
vn 0.246759489 0.944097757 0.218607083
vn 0.575513065 0.805394351 0.141860873
vn -0.140485078 0.759004831 -0.635747969
vn 0.0678440928 0.993737161 0.0887900442
vn 0.575510263 0.805396557 -0.141860187
vn -0.524845243 0.805403233 0.275432378
vn 0.443393946 0.759000003 0.476781636
vn -0.235913381 0.944096565 -0.23027499
vn -0.0397357903 0.944097817 0.327261806
vn -0.544607043 0.758998573 0.356825203
vn 0.200153276 0.944099128 -0.261945575
vn -0.305322379 0.944102228 0.124294296
vn 0.0893933102 0.847342134 0.523469269
vn -0.328140914 0.944093227 -0.0318041407
vn -0.101884976 0.944099128 0.31352213
vn -0.576525211 0.758999944 -0.302551895
vn 0.089393422 0.847343206 -0.523467541
vn 0.500960112 0.847327352 -0.176281497
vn -1.09482999e-05 0.99999994 0
vn 0.0658010617 0.982629359 0.173521474
vn -0.0400555618 0.982628047 -0.181211263
vn -0.146729797 0.96605736 0.212611407
vn -0.0861248896 0.916890025 0.389737368
vn -0.0562229007 0.884577632 -0.462991744
vn 0.00813686661 0.993736684 -0.111450493
vn 8.5308202e-06 -0.99999994 0
vn -0.114594892 0.847338676 0.518541455
vn -0.285604268 0.916894376 0.278809547
vn 0.361961573 0.916895866 -0.168183789
vn 0.0471656285 0.75899756 -0.649382889
vn -1.76397971e-05 -0.99999994 -0
vn 0.141522199 0.916890919 -0.373205662
vn -0.132778391 0.982631743 0.129632682
vn 0.271823674 0.916887105 -0.292284071
vn -0.0400351733 0.982629001 0.181210369
vn 0.317610592 0.884580731 -0.341526568
vn -0.0112649202 0.884576619 0.466258764
vn 0.126378596 0.98262912 0.135898486
vn 0.183626682 0.982629955 0.026826499
vn 0.175057977 0.98262912 -0.0615989976
vn -0.0223501269 0.982629299 0.184228376
vn -0.171875775 0.982629299 0.0699875802
vn 0.394938558 0.91689676 -0.057652995
vn -0.285613686 0.916892231 -0.278807104
vn -0.00965958927 0.916890383 0.399022192
vn 0.242347792 0.916889727 -0.317144811
vn 0.32291171 0.916885436 -0.23462528
vn -0.257388473 0.916888714 0.305067271
vn -8.06961998e-06 -0.99999994 -0
vn -0.568000376 0.805385351 0.169498891
vn 3.09562961e-06 0.99999994 0
vn -8.17471027e-06 -0.99999994 -0
vn 0.108501889 0.993736088 0.0267548468
vn 0.0916005895 0.966054678 -0.241552785
vn -0.105427511 0.982628286 0.152731106
vn -0.257005602 0.944106758 0.206423178
vn -0.0784762576 0.758997738 0.646346688
vn 0.310961574 0.944104731 0.109402776
vn -0.638954461 0.759008527 -0.12507309
vn -0.419868678 0.758988559 0.497640967
vn 0.109598488 0.758994699 -0.641806245
vn 0.0904520154 0.993731737 0.0656942725
vn -0.109660193 0.993737042 0.0214791205
vn -0.0345428437 0.993736386 0.106276587
vn 0.0904364958 0.993732929 -0.0656955019
vn -0.103531182 0.993733883 0.0421209224
vn -0.00264626695 0.993736923 -0.111713193
vn -0.316427529 0.758988082 -0.569043517
vn 0.171053484 0.758991718 0.628229439
vn 0.395331264 0.758997262 -0.517335773
vn -4.02487012e-06 -0.99999994 -0
vn 0.0836341307 0.993737221 0.0741052628
vn 0.63215971 0.759008288 0.155822083
vn 0.614173114 0.759011626 -0.216084778
vn 0.288550347 0.759003103 0.583654702
vn 0.614173651 0.759010315 0.216087878
vn 0.59046334 0.75899595 0.274368346
vn -0.63895309 0.759009421 0.125074506
vn -0.140494689 0.758997977 0.635754168
vn 0.0979486033 0.982626259 0.157643884
vn -8.45561954e-06 -0.99999994 -0
vn 6.63710944e-06 0.99999994 0
vn 0.590461493 0.758997798 -0.274367481
vn 0.64426589 0.758994699 -0.0940655246
vn -0.507652938 0.758988678 0.407706439
vn -0.0397372767 0.944098651 -0.327259302
vn 0.650320828 0.759007812 0.0314627215
vn -0.5076527 0.758992553 -0.407699704
vn 0.0487404354 0.982630432 0.179057986
vn 0.146114767 0.944097698 -0.295516461
vn -0.212570369 0.944102228 -0.251961648
vn 0.16538471 0.884580255 0.436079919
vn 0.32620576 0.944098413 0.0476214103
vn 0.246095508 0.88457787 -0.39618063
vn 0.461501181 0.884575546 0.0674002096
vn 0.235361353 0.847344339 -0.476038218
vn 0.109596893 0.759002924 0.641796768
vn -0.291891366 0.944102168 0.153200805
vn 0.439948887 0.88458395 0.154777795
vn 0.322446972 0.847341657 -0.421947986
vn 0.0134383989 0.98262912 -0.185092583
vn 0.39495945 0.916887641 0.0576534681
vn 0.122530699 0.884578526 -0.450007766
vn -0.226667285 0.884580612 0.407601565
vn 0.0865888521 0.944100797 -0.318081975
vn 0.210172683 0.805401266 0.554216683
vn 0.525471628 0.847343326 -0.07673949
vn -0.0481066667 0.916891217 0.39622736
vn -0.391698688 0.916893423 -0.0766711757
vn 0.0289224256 0.916887939 0.39809525
vn -0.0134924576 0.993736506 0.110931277
vn -0.390102476 0.884586215 -0.255591959
vn 0.398676574 0.916888714 0.0192863308
vn -0.521138072 0.847351313 -0.102033593
vn -0.184733272 0.982625246 0.0179197676
vn 0.116883487 0.944100797 -0.308239847
vn 0.0495424159 0.99373585 -0.100172803
vn -0.185580671 0.982628942 0
vn 0.0963259861 0.993736863 -0.056642998
vn -0.0573561676 0.982628524 0.176497489
vn 0.185352787 0.982630849 0.00899660401
vn -0.00795268919 0.944099545 -0.329564452
vn 0.224491 0.944103837 -0.24139528
vn -0.380024165 0.847340703 -0.37093848
vn -0.548990726 0.805383444 0.223532513
vn -0.0143107688 0.805396557 0.59256345
vn 0.530449212 0.847328305 0.0256594401
vn 0.479539871 0.805394828 -0.348397166
vn 0.559162974 0.805379808 0.196723506
vn -0.666344464 0 -0.745643914
vn 0.0654023141 0 -0.997858942
vn 0.230887488 0.758996248 -0.608782113
vn -0.316420138 0.758990109 0.569045007
vn -0.369865716 0.758993804 0.535843074
vn -0.544605374 0.759000421 -0.35682407
vn -0.260020256 0.758999705 -0.596916139
vn -0.648041666 0.759006023 0.0628635809
vn -0.369865716 0.758993804 -0.535843074
vn 0.443375468 0.75900656 -0.476788402
vn 0.526750028 0.758994937 0.382702261
vn -0.465922505 0.758995175 -0.454799324
vn 0.0471613295 0.758999884 0.649380386
vn 0.526747286 0.758994699 -0.382706344
vn -0.623893082 0.759009659 0.186176583
vn 0.171043292 0.758999765 -0.628222466
vn -0.651102901 0.758989394 0
vn 0.288552195 0.758999646 -0.583658397
vn 0.395332515 0.758995473 0.517337382
vn 0.487368524 0.758984685 0.431756943
vn -0.0157423001 0.758996725 0.650904119
vn 0.487359226 0.758991122 -0.43175602
vn 0.561230421 0.758987546 0.330088437
vn 0.561230719 0.758989215 -0.330083877
vn -0.648036301 0.759010494 -0.0628638715
vn 0.632164717 0.759004712 -0.155819207
vn 0.650318861 0.759009659 -0.0314629041
vn 0.644265473 0.758995235 0.0940654874
vn -0.260013372 0.758999527 0.596919358
vn -0.201195404 0.758996427 -0.619229257
vn 0.230889261 0.758991778 0.608786881
vn -0.419863164 0.758989453 -0.497644305
vn 0.5920403 0.80539912 -0.0286436602
vn -0.424163461 0.805395246 0.414033681
vn 0.510923922 0.805394173 -0.300494343
vn 0.210175499 0.805395544 -0.554224014
vn 0.40363574 0.80540663 -0.434048623
vn 0.099775061 0.805397868 -0.584276676
vn -0.424159199 0.805399537 -0.414029509
vn 0.443672895 0.805398464 -0.393049061
vn -0.236727387 0.805400074 -0.543406725
vn -0.589948952 0.805409968 -0.0572266392
vn 0.312740088 0.80539912 0.503513455
vn -0.183168486 0.80539906 -0.56372124
vn 0.510927498 0.80539155 0.300495476
vn -0.336713105 0.805400848 -0.487804979
vn 0.262708992 0.805393755 0.531342328
vn -0.462150365 0.805393338 -0.371158391
vn -0.495790869 0.805401862 -0.324837178
vn -0.524849415 0.805401266 -0.275430292
vn -0.568003118 0.805383563 -0.169498503
vn -0.581692159 0.805399954 -0.113864578
vn -0.288064241 0.805395782 -0.518031418
vn -0.589948475 0.805410445 0.0572266467
vn 0.537534475 0.805400074 -0.24977459
vn 0.586512327 0.805400491 0.0856349468
vn -0.127906978 0.805398762 -0.578768075
vn -0.288049042 0.805399597 0.518033862
vn -0.236728102 0.805398643 0.543408453
vn 0.0997839421 0.805393934 0.58428055
vn -0.495798707 0.805397093 0.32483688
vn 0.155723006 0.805400848 0.571908891
vn 0.443674415 0.805396974 0.393050432
vn 0.155724406 0.805397272 -0.571913719
vn -0.462158352 0.805388808 0.371158153
vn 0.53752327 0.805407941 0.249773279
vn 0.592038393 0.805401146 0.0286264382
vn 0.530432463 0.847339153 -0.0256492421
vn -0.491826385 0.847351849 0.200253904
vn 0.429624707 0.847340822 -0.312147677
vn 0.397492498 0.84734571 -0.352143466
vn 0.0384626836 0.847342014 0.529652596
vn -0.0640252158 0.847340584 0.527176142
vn 0.0384649634 0.847342134 -0.529652476
vn -0.0128156468 0.847342253 -0.530892372
vn -0.0640252158 0.847340763 -0.527175844
vn -0.114598483 0.847340763 -0.518537164
vn -0.508877993 0.847343028 0.151832104
vn -0.301667094 0.847344935 -0.437039495
vn -0.508887649 0.847337127 -0.151832178
vn -0.380030543 0.847339034 0.370935887
vn -0.470223874 0.84733808 -0.246794984
vn 0.457744062 0.847344756 -0.269215971
vn 0.429626375 0.847339511 0.312148869
vn -0.164103597 0.847340822 -0.505057931
vn 0.481593817 0.847346723 0.223765075
vn -0.301655322 0.847351134 0.43703562
vn -0.528567612 0.847343504 0.0512378775
vn -0.44420293 0.84734261 -0.29102245
vn -0.53105706 0.847335994 0
vn -0.258066773 0.847346544 0.464117795
vn -0.52114445 0.847347319 0.102033995
vn -0.414033473 0.847344935 0.332539767
vn -0.491832137 0.847348034 -0.200256214
vn -0.470223874 0.84733808 0.246794984
vn 0.322445631 0.847342908 0.421946347
vn 0.525473416 0.847342134 0.0767390728
vn -0.164103866 0.847340107 0.505058944
vn -0.342448711 0.847339213 0.40588811
vn 0.361645073 0.847341657 -0.388876468
vn 0.188308522 0.847336173 0.496549428
vn -0.212086692 0.847339749 -0.486862004
vn 0.361652941 0.847338796 0.388875246
vn -0.44421193 0.847337902 0.29102245
vn 0.457753062 0.847339928 0.269215882
vn -0.012823699 0.847341716 0.530893207
vn 0.515607536 0.847350895 0.127064079
vn 0.397497058 0.847341835 0.352147579
vn -0.528562844 0.847346425 -0.0512378737
vn 0.465834618 0.884584785 -0.022534715
vn 0.122530699 0.884578526 0.450007766
vn -0.186273798 0.884578347 0.427578181
vn 0.377310216 0.884577572 -0.274152339
vn 0.317604214 0.884581327 0.34153077
vn 0.283159614 0.884586334 -0.370577544
vn 0.206719115 0.884575367 -0.418083429
vn -0.333746731 0.884583414 -0.325768441
vn -0.431951702 0.884579182 -0.175890177
vn -0.0112571698 0.88457793 -0.46625638
vn 0.0785361528 0.884574711 0.459738702
vn -0.264932781 0.884578049 0.383838743
vn -0.100643694 0.884578347 -0.45540309
vn -0.186258912 0.88458097 -0.427579522
vn -0.226658478 0.884581625 -0.407604307
vn -0.26494348 0.884574592 -0.383839458
vn -0.36363706 0.88457495 -0.292053401
vn -0.144120589 0.884580016 -0.443562269
vn 0.377310216 0.884577572 0.274152339
vn 0.461500376 0.884575844 -0.0674016327
vn -0.100639589 0.884576559 0.45540747
vn -0.457714468 0.884571016 -0.0896180123
vn -0.390114725 0.884580433 0.25559321
vn -0.300727576 0.88458389 0.356474638
vn -0.412975937 0.884580076 0.216723219
vn 0.165376171 0.88457948 -0.436084628
vn -0.464232713 0.884568691 -0.0450130031
vn -0.0562227257 0.884578526 0.462990165
vn -0.446920455 0.884578764 -0.133350968
vn 0.402003586 0.884584486 0.236438543
vn 0.246095508 0.88457787 0.39618063
vn -0.363644332 0.884572744 0.292050958
vn 0.465835452 0.884583771 0.0225551669
vn 0.376516163 0.916885853 -0.132498294
vn -0.39912957 0.916894436 0
vn -0.3112005 0.916892052 -0.249926388
vn 0.210599691 0.916890144 -0.339057893
vn 0.14152877 0.916889191 0.373207331
vn 0.104864292 0.916888058 -0.385122985
vn -0.382463872 0.916894138 0.11413309
vn -0.397288024 0.916884899 -0.0385242626
vn -0.159418494 0.916888654 -0.365924656
vn -0.193970293 0.916890144 -0.348838061
vn 0.387529641 0.916895092 0.0955195278
vn -0.353410959 0.916891515 -0.185500801
vn -0.36967808 0.916888416 -0.150511786
vn -0.382461846 0.916895092 -0.114132375
vn 0.398671478 0.916890621 -0.0193043891
vn 0.0671947598 0.916891038 0.393440813
vn -0.159413576 0.916888535 0.365927041
vn 0.176888674 0.916892529 -0.35779655
vn -0.226746067 0.916886985 -0.328488261
vn 0.298767567 0.916889012 -0.264674067
vn -0.311202228 0.916891158 0.249927714
vn -0.193983704 0.916886151 0.348841071
vn 0.242350459 0.916887701 0.317148238
vn 0.271825105 0.916886151 0.29228574
vn 0.322904557 0.916887105 0.234628692
vn 0.0671920702 0.916890562 -0.393442482
vn 0.298774064 0.916885257 0.264679879
vn -0.333881885 0.91688478 -0.218735591
vn -0.0096629262 0.916890264 -0.399022371
vn 0.298940629 0.944105208 0.13892369
vn 0.320083678 0.944098532 -0.0788942352
vn 0.310957372 0.94410634 -0.109401397
vn 0.0555120036 0.944097996 0.324957252
vn 0.246757865 0.944098532 -0.218605652
vn -0.275740385 0.944100022 0.180671573
vn -0.0711527914 0.944097042 -0.321897596
vn 0.0555049665 0.944098473 -0.324957401
vn 0.0238587223 0.944099247 -0.328797042
vn -0.131660163 0.944097996 -0.302232444
vn -0.160232678 0.944094598 -0.28811577
vn 0.266702771 0.944103658 -0.193747178
vn -0.187255085 0.944100022 -0.271312803
vn -0.323524266 0.944096446 -0.0633560345
vn -0.257021278 0.944102168 -0.2064244
vn -0.291890532 0.944102585 -0.153200313
vn -0.315901428 0.944097996 -0.0942610875
vn -0.160224706 0.944096565 0.28811422
vn 0.266717613 0.944099247 0.193747789
vn -0.328133732 0.944095671 0.0318041369
vn 0.320084751 0.944098175 0.0788945332
vn 0.173936278 0.944099903 0.280038059
vn -0.235905483 0.94410032 0.230267391
vn -0.187260568 0.944099545 0.271310657
vn 0.326214403 0.944095433 -0.0476227365
vn -0.212571919 0.944101572 0.251963317
vn 0.0865925997 0.944100022 0.318082869
vn 0.116890393 0.944100022 0.308239669
vn -0.329668909 0.944096565 0
vn 0.200154603 0.944098413 0.261947274
vn 0.28414306 0.94410187 -0.167135581
vn 0.0238463208 0.944099844 0.328795999
vn 0.284135461 0.94410497 0.167131186
vn 0.258048505 0.966051042 -0.0124993296
vn 0.255640209 0.966051817 -0.0373082645
vn 0.250850111 0.966048717 -0.0618389174
vn 0.243687183 0.966055512 -0.0857506245
vn 0.234292522 0.96605134 -0.108865909
vn -0.239272162 0.966051996 0.0974287167
vn 0.234289452 0.966052175 0.108864576
vn 0.193367809 0.966054738 -0.171310216
vn 0.175949574 0.96604985 -0.189180672
vn 0.156872019 0.966052592 -0.205264807
vn 0.209018871 0.966050029 0.15184997
vn 0.0434799679 0.966054976 0.254651159
vn -0.247544408 0.966056049 0.0738750622
vn -0.0311295874 0.966053367 -0.256459981
vn -0.166589394 0.966054976 -0.197448
vn -0.00624418166 0.966054678 0.258262187
vn -0.103154287 0.966055751 -0.236844659
vn -0.125564784 0.966051161 -0.225784481
vn -0.146715194 0.966058671 -0.212615609
vn 0.222667858 0.966056347 0.130973175
vn -0.201413006 0.966053963 -0.161778778
vn 0.0187001191 0.966054559 0.2576603
vn -0.239265189 0.966053963 -0.0974258631
vn 0.243684068 0.966056347 0.0857495442
vn -0.24754335 0.966056228 -0.0738747567
vn -0.253534377 0.966051877 -0.0496389084
vn -0.257134378 0.96605432 -0.0249173585
vn -0.125563771 0.966051698 0.225782558
vn 0.114507198 0.966052473 0.231583104
vn 0.0434696563 0.966054559 -0.254654497
vn 0.175968006 0.966046333 0.18918182
vn 0.222700998 0.966048956 -0.130972221
vn 0.258044213 0.966052651 0.012471851
vn -0.07983917 0.96605283 0.245698422
vn -0.184895769 0.966049016 -0.18045117
vn 0.0678857341 0.966051996 0.24926886
vn -0.216109484 0.966052651 -0.141558781
vn 0.136310786 0.966054022 0.219451606
vn -0.253534049 0.966051996 0.0496388525
vn -0.166600689 0.966052413 0.1974511
vn -0.228746489 0.966054976 0.12005309
vn -0.216122478 0.966050267 0.141555905
vn -0.257130802 0.966055334 0.024917841
vn -0.258353889 0.966050327 0
vn 0.255630642 0.96605438 0.0373081416
vn 0.185360298 0.982629776 -0.00895857811
vn 0.183639392 0.982627511 -0.0268266685
vn 0.168297082 0.982629895 -0.0781958625
vn 0.150127903 0.982631445 -0.1090734
vn 0.138864085 0.982635021 -0.123066001
vn 0.126389891 0.98262763 -0.135898381
vn 0.112679079 0.982628524 -0.14745979
vn -0.0901916027 0.98262912 0.162189305
vn -0.0740986392 0.982629955 0.170140296
vn 0.0488095134 0.982627094 -0.17905727
vn 0.0979452655 0.982627749 -0.157637194
vn -0.0223703291 0.982628763 -0.184228778
vn -0.0741101429 0.98262912 -0.170140207
vn -0.090190053 0.982629776 -0.162186578
vn -0.105427511 0.982628286 -0.152731106
vn -0.119646981 0.982631505 -0.141844183
vn -0.132757202 0.982634366 -0.129634485
vn -0.144692779 0.98263073 -0.116192587
vn -0.155227721 0.982630134 -0.101697206
vn -0.171875387 0.982629418 -0.0699874014
vn -0.177821606 0.982631445 -0.0530561209
vn -0.182124272 0.982628644 -0.0356585272
vn -0.184723079 0.982627273 -0.0179196
vn -0.164355502 0.98262316 -0.0862488002
vn 0.0134382788 0.982629359 0.185091689
vn -0.182136506 0.982626438 0.0356586501
vn -0.00449913647 0.982628822 0.185527191
vn 0.180191979 0.982628465 -0.0444086678
vn 0.112687901 0.982628167 0.147456184
vn -0.144683972 0.982631803 0.116194785
vn 0.180180922 0.982630551 0.0444087945
vn -0.0573443063 0.982629418 -0.176496595
vn -0.00447851419 0.982629061 -0.185526207
vn 0.0312628672 0.982628345 0.182932094
vn 0.159967184 0.982627749 0.0940915197
vn 0.175060004 0.982628822 0.0615997277
vn 0.111628294 0.993735254 -0.00541674951
vn -0.107088491 0.993735611 0.0319623314
vn 0.105427489 0.993735433 -0.0370777771
vn -0.0344951674 0.993738115 -0.106275894
vn 0.0836330429 0.99373734 -0.0741042942
vn -0.0241126996 0.993736923 -0.109112695
vn 0.0589902923 0.993735075 -0.0949252844
vn 0.108485475 0.993737817 -0.0267550871
vn 0.110574104 0.993736982 -0.0161325298
vn -0.0934954733 0.99373436 0.0612422153
vn -0.0135118868 0.993736207 -0.110931277
vn 0.0761209577 0.99373585 0.081820704
vn -0.044608891 0.993737757 -0.102447011
vn -0.0543322377 0.993735313 -0.0976627246
vn -0.111737691 0.993737757 0
vn -0.072045669 0.993737757 -0.0854093358
vn -0.0799516961 0.993737757 -0.0780575722
vn -0.0871491358 0.993734956 -0.0699705333
vn -0.0934792012 0.99373585 -0.0612428077
vn -0.0988642499 0.993744314 -0.0519441888
vn -0.103528693 0.993734241 -0.0421199165
vn -0.107084788 0.993736088 -0.0319612511
vn -0.109656878 0.99373734 -0.0214784667
vn -0.111220494 0.993737221 -0.0107859299
vn 0.067844376 0.993737042 -0.088790454
vn -0.111207381 0.993738651 0.0107854577
vn 0.1054084 0.993737519 0.0370771773
vn -0.0635035709 0.993734837 0.0919694379
vn -0.0240650699 0.993738115 0.109111898
vn -0.0799156874 0.993740737 0.0780561343
vn 0.101352282 0.993735313 0.0470919535
vn 0.00813692808 0.993736506 0.111452393
vn -0.0634933785 0.993735731 -0.091967158
vn -0.00268882513 0.993737042 0.111712009
vn 0.0590155572 0.993733585 0.0949243158
vn -0.0543308072 0.993735611 0.0976601616
vn 0.0495694764 0.993734241 0.100175299
vn 0.0187684204 0.993737757 0.110149994
vn 0.111591905 0.993739486 0.00540167047
vn 0.0293558184 0.993736744 0.107821897
vn 0.0293725058 0.993736386 -0.107819885
vn 0.096321471 0.993737459 0.0566403233
vn -1.32249988e-05 0.99999994 0
vn -1.92123007e-05 0.99999994 0
vn -1.33540989e-05 0.99999994 0
vn 1.33044996e-05 0.99999994 0
vn 9.48334946e-06 0.99999994 0
vn 0.442284107 0 -0.896874905
vn 0.659353137 0 -0.751833379
vn 0.751838803 0 -0.659346998
vn 0.83146894 0 -0.555571258
vn 0.896878839 0 -0.442276418
vn 0.946924746 0 -0.321455091
vn 0.980789065 0 -0.195071191
vn 0.980789065 0 0.195071191
vn 0.946925104 0 0.321454376
vn 0.896878421 0 0.442277104
vn 0.83146894 0 0.555571258
vn 0.659352601 0 0.751833797
vn 0.442283511 0 0.896875262
vn 0.0654039308 0 0.997858822
vn -0.0654039308 0 0.997858822
vn -0.321436286 0 0.946931243
vn -0.44229576 0 0.896869242
vn -0.555556774 0 0.831478596
vn -0.751838326 0 0.659347355
vn -0.831468523 0 0.555571675
vn -0.896878839 0 0.442276418
vn -0.946934164 0 0.321427464
vn -0.980783045 0 0.195101589
vn -0.997859836 0 0.0653894395
vn -0.997860014 0 -0.0653861687
vn -0.980783641 0 -0.195098385
vn -0.946934164 0 -0.321427464
vn -0.896878839 0 -0.442276418
vn -0.831468523 0 -0.555571675
vn -0.751839995 0 -0.659345627
vn -0.555558264 0 -0.831477523
vn -0.442297041 0 -0.896868527
vn -0.321443081 0 -0.946928859
vn -0.0654039308 0 -0.997858822
vn -1.09026996e-05 0.99999994 0
vn 1.09311986e-05 0.99999994 0
vn -1.09312987e-05 0.99999994 0
vn -3.09136976e-06 0.99999994 0
vn 0.276839614 0 -0.960916162
vn 0.38267526 0 -0.923882842
vn 0.578668773 0 -0.815562725
vn 0.666358054 0 -0.745631874
vn 0.923880041 0 -0.382682204
vn 0.960915446 0 -0.27684173
vn 0.998425901 0 -0.0560873076
vn 0.998425901 0 0.0560873076
vn 0.960915446 0 0.27684173
vn 0.923880041 0 0.382682204
vn 0.578668773 0 0.815562725
vn 0.483719766 0 0.875222921
vn 0.38267526 0 0.923882842
vn 0.276839614 0 0.960916162
vn -0.276839614 0 0.960916162
vn -0.382684916 0 0.923878968
vn -0.483708203 0 0.875229239
vn -0.578681648 0 0.815553486
vn -0.923880041 0 0.382682204
vn -0.960915446 0 0.27684173
vn -0.998427331 0 0.0560601875
vn -0.998427331 0 -0.0560601875
vn -0.960915446 0 -0.27684173
vn -0.923880041 0 -0.382682204
vn -0.578681648 0 -0.815553486
vn 0.676164925 0 -0.736750245
vn -0.382684916 0 -0.923878968
vn -0.276839614 0 -0.960916162
vn 0.0570889637 0 -0.998369038
vn 0.170519784 0 -0.985354245
vn 0.491712958 0 -0.870757341
vn 0.587765694 0 -0.809031188
vn 0.755751491 0 -0.65485847
vn 0.825480819 0 -0.564430177
vn 0.884438634 0 -0.466656476
vn 0.931862414 0 -0.362811774
vn 0.967146575 0 -0.254219592
vn 0.98982203 0 -0.142310679
vn 0.999592245 0 -0.0285556316
vn 0.996330857 0 0.0855856538
vn 0.951057494 0 0.309013873
vn 0.909629881 0 0.415419549
vn 0.791910946 0 0.610636592
vn 0.6330266 0 0.774129987
vn 0.441203117 0 0.897407353
vn 0.11399518 0 0.993481219
vn -0.113995083 0 0.993481219
vn -0.226497412 0 0.974011838
vn -0.441192985 0 0.897412241
vn -0.633026361 0 0.774130225
vn -0.676163912 0 -0.736751199
vn -0.909628987 0 0.415421724
vn -0.951057374 0 0.30901438
vn -0.980085731 0 0.198574916
vn -0.996330738 0 0.0855859444
vn -0.989822328 0 -0.142307788
vn -0.967146933 0 -0.254217863
vn -0.931862235 0 -0.36281234
vn -0.884439051 0 -0.466655612
vn -0.825481534 0 -0.564428985
vn -0.75573802 0 -0.654874086
vn -0.587766111 0 -0.80903089
vn -0.491724879 0 -0.870750666
vn -0.281734645 0 -0.959492385
vn -0.17052418 0 -0.98535347
vn -0.0570916459 0 -0.998368859
vn 0.425780863 0 -0.904826283
vn 0.637425303 0 -0.770512104
vn 0.728963494 0 -0.684552491
vn 0.876311541 0 -0.481744766
vn 0.929777026 0 -0.368123084
vn 0.968581557 0 -0.248695955
vn 0.992115498 0 -0.12532638
vn 0.992115498 0 0.12532638
vn 0.968581438 0 0.248696715
vn 0.929776728 0 0.368123651
vn 0.876311243 0 0.481745362
vn 0.728963077 0 0.684552968
vn 0.637425661 0 0.770511806
vn 0.425781518 0 0.904826045
vn 0.0627930537 0 0.998026609
vn -0.187378868 0 0.982287645
vn -0.0627930537 0 0.998026609
vn -0.535821319 0 0.844331324
vn -0.728979349 0 0.684535682
vn -0.929777324 0 0.368122399
vn -0.9685812 0 0.248697355
vn -0.992115498 0 0.12532638
vn -0.992115498 0 -0.12532638
vn -0.968581915 0 -0.248694584
vn -0.929776311 0 -0.368124992
vn -0.728977919 0 -0.684537232
vn -0.763649821 0 -0.645630538
vn -0.535822809 0 -0.84433043
vn -0.187383115 0 -0.98228693
vn -1.05644995e-05 -0.99999994 -0
vn -4.08496999e-06 -0.99999994 -0
vn 0.328023911 0 -0.944669366
vn 0.565946698 0 -0.82444185
vn 0.763665915 0 -0.645611465
vn 0.999441445 0 -0.0334188268
vn 0.994974732 0 0.100125998
vn 0.933188736 0 0.359386832
vn 0.876944244 0 0.480592072
vn 0.805066586 0 0.593184412
vn 0.718831837 0 0.695183933
vn -0.718815506 0 0.695200801
vn -0.805066586 0 0.593184412
vn -0.876958013 0 0.480566978
vn -0.933177769 0 0.359415203
vn -0.994977951 0 0.100093693
vn -0.999441445 0 -0.0334188268
vn -0.565946698 0 -0.82444185
vn -0.328023911 0 -0.944669366
vn -0.369677097 0.916888833 0.150511295
vn 0.0289161783 0.916890025 -0.398091078
vn 0.210600883 0.916889131 0.339059681
vn -0.257389903 0.916887939 -0.30506891
vn 0.387532085 0.916894257 -0.0955186933
vn 6.66835967e-06 0.99999994 0
vn 0.361970842 0.916892409 0.168182567
vn -0.123351991 0.916885912 0.379610777
vn 0.298944592 0.944103777 -0.138925508
vn 0.403646708 0.805399656 0.434051543
vn -0.336715907 0.805404365 0.487797171
vn 0.168300465 0.98262912 0.0781973973
vn 0.150126189 0.982631862 0.109072089
vn 0.329278111 0.944098651 -0.0159292184
vn -0.184863582 0.966054797 0.180453807
vn 0.0822407976 0.982630134 0.166356176
vn -0.0798255056 0.96605438 -0.24569656
vn -0.391702712 0.916891575 0.0766730756
vn -0.576536179 0.758991122 0.302553207
vn -0.41296643 0.884584367 -0.216723666
vn 0.48159191 0.847348094 -0.223764271
vn 0.349098802 0.88457936 -0.30927211
vn -0.466387361 0.884580612 0
vn 8.4694102e-06 -0.99999994 0
vn 0.422947377 0.884583712 0.196537986
vn 0.0337679908 0.884578347 -0.465167493
vn 0.31276238 0.805392921 -0.503509521
vn -0.414041072 0.847341716 -0.332538575
vn -0.382223278 0.805394411 0.453039974
vn 0.139537185 0.847339034 -0.512392402
vn 0.262699574 0.805398464 -0.531340003
vn -0.603019774 0.758998752 -0.245536089
vn -0.0714342967 0.805398583 0.588413298
vn 0.0658129379 0.982628465 -0.173522279
vn 0.0396480486 0.993735611 0.104486689
vn 0.139528006 0.847340822 0.512391984
vn 0.0822593942 0.982628107 -0.166358665
vn 8.15497879e-06 -0.99999994 0
vn 1.90082974e-05 0.99999994 0
vn 3.32640011e-05 -0.99999994 0
vn -0.300746232 0.884578347 -0.356472433
vn -0.103171498 0.966054022 0.236844286
vn 0.422955543 0.884581029 -0.196532264
vn 0.0429489538 0.805400968 -0.591172159
vn -0.464216977 0.884576976 0.0450124703
vn -0.0311382357 0.966053247 0.256459355
vn -0.164353088 0.982623756 0.0862475634
vn 0.0916092321 0.966053843 0.241552681
vn -0.00623935368 0.966054142 -0.258264363
vn 0.193366989 0.966054976 0.171309501
vn -0.457717419 0.884569585 0.0896175876
vn -0.342455357 0.847337842 -0.405885279
vn 0.402017742 0.884577572 -0.236440808
vn -0.446917236 0.884580076 0.133353114
vn -0.431957066 0.884576976 0.175888181
vn -0.0861133933 0.916890442 -0.389738858
vn 0.37651825 0.916884899 0.132498965
vn 8.09684025e-06 -0.99999994 0
vn -0.333878547 0.916884601 0.218741149
vn 0.188311487 0.847338021 -0.496545106
vn 0.156870693 0.966053128 0.205263078
vn -0.155206099 0.982633412 0.101698197
vn -0.17783387 0.98262912 0.0530563407
vn -0.0714337677 0.80540216 -0.588408411
vn -0.0711425468 0.94409734 0.321898907
vn 0.0187199079 0.966053545 -0.257662714
vn -0.212092206 0.847343206 0.48685348
vn 0.344056427 0.916886151 -0.202348068
vn 0.586519659 0.805395067 -0.0856360123
vn 0.0761281773 0.993735433 -0.0818192884
vn 0.208988979 0.96605587 -0.151853696
vn -0.0079864841 0.944099426 0.329563826
vn -0.10188669 0.944097221 -0.313527405
vn -0.144109577 0.884582937 0.443559915
vn 0.0396463126 0.993736088 -0.104483277
vn -0.0871517435 0.993734539 0.0699726194
vn -0.0784687847 0.75899291 -0.646353066
vn -8.45808881e-06 -0.99999994 -0
vn -0.201203853 0.758993387 0.619230092
vn 0.0785248727 0.884578764 -0.459732771
vn 0.359880149 0.805399299 -0.470975816
vn -0.623894036 0.759008825 -0.186176911
vn 0.479527175 0.805401266 0.348399907
vn 0.34405458 0.916887224 0.202346891
vn 0.10487549 0.91688782 0.385120481
vn -0.353415638 0.916889191 0.185503274
vn -0.226746067 0.916886985 0.328488261
vn -0.18315199 0.805402935 0.563721061
vn -0.382214963 0.805398345 -0.453039885
vn -0.333754361 0.884581566 0.325765878
vn -0.123350292 0.916888356 -0.379605561
vn 0.067868419 0.966053247 -0.249269113
vn 0.250841349 0.966050923 0.06183891
vn 0.136298776 0.966056883 -0.219446272
vn 0.159961775 0.982628822 -0.0940883532
vn 0.176896289 0.916889727 0.357800066
vn 0.235362783 0.847342432 0.476041079
vn 0.0337882005 0.88457948 0.465163976
vn -0.592712462 0.805414081 0
vn -0.465925485 0.758991659 0.454802155
vn 0.114500485 0.966052294 -0.231587157
vn 0.13885279 0.982636511 0.123066194
vn 0.359881371 0.805404067 0.470966578
vn 0.101354003 0.993735135 -0.0470927916
vn -0.548995554 0.805380464 -0.223531157
vn 0.559157372 0.805384219 -0.196721584
vn -0.048106838 0.916890562 -0.396228969
vn -0.397277713 0.916889429 0.0385238491
vn 0.0188094862 0.993736804 -0.110150881
vn -0.119645596 0.982631922 0.141842484
vn -0.0988787487 0.993742943 0.051942762
vn -0.0557404049 0.966054142 -0.252254605
vn -0.127906695 0.805399537 0.57876718
vn -0.0235938989 0.759160697 -0.650475562
vn -0.0143229887 0.805399597 -0.592559218
vn 8.11977952e-06 -0.99999994 0
vn 0.500926375 0.847349167 0.17627278
vn 0.110572189 0.993737161 0.0161322877
vn 0.989821136 0 -0.142317101
vn 0.959493458 0 -0.281731129
vn 0.959493518 0 -0.281730682
vn 0.909632742 0 -0.415413439
vn 0.909632325 0 -0.415414184
vn -0.281731695 0 0.95949322
vn -0.142315283 0 0.989821315
vn -0.142315194 0 0.989821434
vn -0.959493279 0 -0.281731725
vn -0.989822268 0 -0.142308995
vn -0.989822328 0 -0.142308176
vn 0.654863894 0 -0.755746841
vn 0.540638983 0 -0.841254771
vn 0.540637374 0 -0.841255784
vn -0.99999994 0 -1.97344988e-07
vn -0.755749702 0 0.654860556
vn -0.65485996 0 0.75575012
vn -0.654860139 0 0.75575006
vn 0.654862642 0 0.755747914
vn 0.755749226 0 0.654861212
vn 0.755749702 0 0.654860497
vn -0.540637255 0 -0.841255784
vn -0.654860377 0 -0.755749941
vn -0.65485847 0 -0.755751491
vn -0.841256261 0 -0.540636599
vn -0.909632683 0 -0.415413588
vn -0.909632087 0 -0.415414751
vn -0.841256917 0 0.540635467
vn -0.75574851 0 0.654861867
vn 0.99999994 0 -2.13988983e-07
vn 0.989821136 0 -0.142317414
vn 0.755749762 0 -0.654860437
vn 0.654864728 0 -0.755746126
vn -0.959493339 0 0.281731129
vn -0.909632802 0 0.415413171
vn -0.9096331 0 0.415412575
vn 0.415411979 0 -0.909633338
vn 0.28173548 0 -0.959492087
vn 0.281735212 0 -0.959492147
vn -0.415413141 0 -0.909632802
vn -0.540638626 0 -0.84125495
vn -0.959493339 0 -0.281731516
vn 0.989820957 0 0.142318383
vn 0.841251731 0 -0.540643632
vn 0.841251671 0 -0.540643692
vn -0.540638447 0 0.841255009
vn -0.540637195 0 0.841255784
vn 0.142315507 0 -0.989821315
vn 0 0 -0.99999994
vn 0.95949322 0 0.281731814
vn 0.989821017 0 0.142317787
vn -0.841256499 0 0.540636122
vn -0.142315403 0 -0.989821315
vn -0.281732082 0 -0.95949316
vn -0.281731814 0 -0.95949322
vn -0.415413707 0 0.909632564
vn 0.142315194 0 0.989821434
vn 0.28173539 0 0.959492147
vn 0.281735033 0 0.959492207
vn -0.755749106 0 -0.654861271
vn -0.755748689 0 -0.654861689
vn 0.755749345 0 -0.654860914
vn -0.841256678 0 -0.540636003
vn 0.909632683 0 0.415413439
vn 0.959493458 0 0.281731129
vn 0.142315596 0 -0.989821315
vn -0.989822149 0 0.142309591
vn -0.959493637 0 0.281730294
vn -0.415413171 0 -0.909632802
vn 0.415412396 0 0.909633219
vn 0.415412396 0 0.9096331
vn 0.841252089 0 0.540643096
vn 0.909632921 0 0.415412962
vn -0.281731963 0 0.95949316
vn 0.54063952 0 0.841254413
vn 0.540638924 0 0.841254771
vn 0.654863656 0 0.755746961
vn -0.142315596 0 -0.989821315
vn 0.415412307 0 -0.909633219
vn -0.989822209 0 0.142308772
vn 6.2836898e-06 -0.99999994 0
vn 8.0567097e-06 -0.99999994 0
vn 8.78274932e-06 -0.99999994 -5.77676985e-07
vn -8.37543939e-06 -0.99999994 -3.06764014e-06
vn -1.19781987e-06 -0.99999994 -2.65812992e-06
vn 1.91973004e-06 -0.99999994 -4.01774923e-06
vn -4.31059959e-07 -0.99999994 -3.89466004e-06
vn -7.41698955e-07 -0.99999994 -0
vn 4.31058965e-07 -0.99999994 -3.89464003e-06
vn -1.48341985e-06 -0.99999994 -0
vn 6.84251927e-06 -0.99999994 0
vn -9.50312915e-06 -0.99999994 -1.1435601e-06
vn -1.00539e-05 -0.99999994 -0
vn -4.31275976e-06 -0.99999994 -3.69225972e-06
vn -4.28518024e-06 -0.99999994 -0
vn 1.40090992e-06 -0.99999994 0
vn 5.73256966e-06 -0.99999994 1.68618988e-06
vn -1.77176003e-06 -0.99999994 -0
vn 7.17902958e-06 -0.99999994 -3.4146999e-06
vn 7.95508004e-06 -0.99999994 0
vn -3.33947992e-06 -0.99999994 1.1435601e-06
vn 1.00539e-05 -0.99999994 0
vn 1.15436978e-06 -0.99999994 0
vn 2.39302972e-06 -0.99999994 3.4146999e-06
vn 2.30868977e-06 -0.99999994 0
vn -4.02832939e-06 -0.99999994 2.19446997e-06
vn -9.0855707e-07 -0.99999994 2.65813992e-06
vn -1.83501993e-06 -0.99999994 -3.41472992e-06
vn 1.77178993e-06 -0.99999994 0
vn -1.91973004e-06 -0.99999994 -4.01774923e-06
vn 0 -0.99999994 -4.05907986e-06
vn 5.96659993e-06 -0.99999994 -2.19450999e-06
vn 1.19781987e-06 -0.99999994 -2.65813992e-06
vn 4.53953959e-07 -0.99999994 -5.77645949e-07
vn 1.48340985e-06 -0.99999994 0
vn 6.01696956e-06 -0.99999994 -1.68618988e-06
vn -5.02695957e-06 -0.99999994 -0
vn -8.57767827e-06 -0.99999994 3.06764014e-06
vn -2.51348979e-06 -0.99999994 -0
vn -2.96685971e-06 -0.99999994 -0
vn -6.80828975e-07 -0.99999994 5.77677952e-07
vn -1.13545002e-05 -0.99999994 -0
vn 7.98538963e-07 -0.99999994 -3.69228974e-06
vn 7.12982956e-06 -0.99999994 0
vn 1.48344986e-06 -0.99999994 0
vn -2.72104018e-07 -0.99999994 3.41471991e-06
vn -2.30868977e-06 -0.99999994 -0
vn 5.78677918e-06 -0.99999994 3.06763013e-06
vn 9.08567017e-07 -0.99999994 2.65813992e-06
vn -8.0567097e-06 -0.99999994 -0
vn -2.10886992e-06 -0.99999994 4.01774923e-06
vn 0 -0.99999994 4.05907986e-06
vn 7.4632203e-07 -0.99999994 3.89465004e-06
vn 1.40604982e-06 -0.99999994 3.69227973e-06
vn -5.02693956e-06 -0.99999994 -0
vn -4.78598986e-06 -0.99999994 -2.19445997e-06
vn -4.53936991e-07 -0.99999994 -1.14356999e-06
vn 2.99455996e-06 -0.99999994 1.14356999e-06
vn -3.37946994e-06 -0.99999994 -0
vn -1.10821986e-06 -0.99999994 1.68620977e-06
vn 3.25519977e-06 -0.99999994 0
vn 1.70377984e-06 -0.99999994 -1.68620977e-06
vn 5.19301921e-06 -0.99999994 0
vn 5.02693956e-06 -0.99999994 0
vn 3.03025013e-06 -0.99999994 -3.06763013e-06
vn -3.24510984e-06 -0.99999994 3.69225972e-06
vn -2.57203988e-06 -0.99999994 3.89466004e-06
vn 5.0270196e-06 -0.99999994 0
vn 1.48341985e-06 -0.99999994 0
vn 2.10886992e-06 -0.99999994 4.01775969e-06
vn 2.22884978e-06 -0.99999994 2.19450999e-06
vn 2.62954973e-06 -0.99999994 5.77647029e-07
vn 0.653817058 -0.056518428 -0.754538834
vn 0.754541099 -0.056518361 -0.653814495
vn 0.754541337 -0.0565183051 -0.653814256
vn -0.142087579 -0.0565182492 0.988239229
vn 0 -0.0565182418 0.998401523
vn -0.142087698 -0.0565182492 0.988239229
vn -0.957960188 -0.056518361 -0.281279147
vn -0.908178031 -0.0565182529 -0.414751142
vn -0.908179104 -0.056518361 -0.4147484
vn -0.414750457 -0.0565182492 0.90817827
vn -0.539773226 -0.0565183051 0.839911103
vn -0.539773762 -0.0565181188 0.839910686
vn 0.539774656 -0.0565182492 -0.83991003
vn 0.653816819 -0.0565183647 -0.754539013
vn 0.142087698 -0.0565183051 0.988239229
vn 0 -0.0565183051 0.998401523
vn -0.988240302 -0.0565182492 -0.14208059
vn -0.957959533 -0.0565183051 -0.281281292
vn -0.281281948 -0.0565182418 0.957959294
vn -0.414749295 -0.0565182492 0.908178747
vn 0.414748013 -0.0565183051 -0.908179343
vn 0.53977412 -0.0565184206 -0.839910388
vn 0.281284899 -0.0565182492 0.95795846
vn 0.142087698 -0.0565182492 0.988239229
vn -0.998401523 -0.0565181859 -0
vn -0.988240182 -0.0565180629 -0.142080978
vn -0.988240182 -0.0565181784 0.142080784
vn -0.998401523 -0.0565183051 -0
vn 0.281285733 -0.0565181188 -0.957958281
vn 0.414749235 -0.0565179437 -0.908178747
vn 0.281285346 -0.0565182418 0.957958281
vn 0.414748758 -0.0565182492 0.908179045
vn 0.908178926 -0.0565182492 0.414748877
vn 0.839906931 -0.0565183051 0.539779544
vn 0.839907348 -0.0565182492 0.539778888
vn 0.142087579 -0.0565183051 -0.988239229
vn 0.281285435 -0.0565185994 -0.957958281
vn 0.539774895 -0.0565182529 0.839909971
vn 0.414748877 -0.0565181263 0.908178926
vn 0.957959652 -0.0565183125 0.281281143
vn 0.908178747 -0.0565183647 0.414749414
vn 0 -0.0565184206 -0.998401523
vn 0.142087489 -0.0565185472 -0.988239229
vn 0.653816819 -0.0565182492 0.754539013
vn 0.539774954 -0.0565183051 0.839909911
vn 0.988238931 -0.0565181933 0.142090216
vn 0.957959712 -0.0565180667 0.281280577
vn -0.142087489 -0.0565182492 -0.988239229
vn 0 -0.0565181859 -0.998401523
vn 0.653816879 -0.0565182529 0.754539073
vn 0.754540861 -0.0565182492 0.653814733
vn 0.998401523 -0.0565182976 0
vn 0.988238871 -0.0565183125 0.142090321
vn -0.281282425 -0.0565183125 -0.957959235
vn -0.142087489 -0.0565185472 -0.988239229
vn 0.754541159 -0.0565181859 0.653814316
vn 0.988238931 -0.0565182529 -0.142090216
vn -0.414749771 -0.0565182492 -0.908178568
vn -0.281282485 -0.0565181784 -0.957959116
vn -0.957960248 -0.0565183051 0.281278908
vn -0.988240182 -0.0565181188 0.142081171
vn 0.988238931 -0.0565182529 -0.142090112
vn 0.957959533 -0.0565183051 -0.281281292
vn -0.53977257 -0.0565182976 -0.839911342
vn -0.414749444 -0.0565182976 -0.908178627
vn -0.908178031 -0.0565182418 0.414750755
vn -0.957959533 -0.0565182976 0.281281173
vn 0.908178866 -0.0565182492 -0.414748967
vn 0.957959652 -0.0565180667 -0.281280756
vn -0.653812647 -0.0565183647 -0.754542708
vn -0.539773107 -0.0565183051 -0.839911103
vn -0.839911759 -0.0565183051 0.539772153
vn -0.908179224 -0.0565181859 0.414748311
vn 0.839907408 -0.0565182976 -0.539778948
vn 0.908178568 -0.0565183647 -0.414749682
vn -0.754541218 -0.056518428 -0.653814316
vn -0.653813004 -0.0565182976 -0.75454241
vn -0.75454092 -0.056518428 0.653814554
vn -0.839911222 -0.0565184876 0.539772868
vn 0.83990711 -0.056518361 -0.539779246
vn -0.83991164 -0.056518361 -0.539772093
vn -0.754541218 -0.0565183051 -0.653814316
vn -0.653812468 -0.0565181859 0.754542828
vn -0.754541099 -0.0565181933 0.653814495
vn -0.281282127 -0.0565181784 0.957959235
vn -0.839911342 -0.0565186068 -0.53977263
vn -0.653812885 -0.0565184802 0.75454241
vn 0 0.988503993 -0.151193991
vn -0.0231474619 0.986681163 -0.161011219
vn 1.18437993e-06 0.986680925 -0.162667185
vn 0.114263974 0.988504112 0.0990109816
vn 0.106523782 0.986681044 0.122935079
vn 0.0990112945 0.988504112 0.114264198
vn 0.149659678 0.988503337 0.0215175059
vn 0.162668079 0.986680865 0
vn 0.161011592 0.986680925 0.0231503807
vn -0.0425983518 0.988503933 -0.145069674
vn -0.0215178076 0.988504112 -0.149654791
vn 0.136844084 0.986680925 0.0879448429
vn 0.122934394 0.986681163 0.106524393
vn 0.149656519 0.988503933 -0.0215175115
vn 0.151195705 0.988503814 0
vn -0.0675738975 0.986681044 -0.147967279
vn -0.0458265506 0.986681044 -0.156078205
vn -0.149657607 0.988503754 0.0215162598
vn -0.156076714 0.986681283 0.045828104
vn -0.161010876 0.986681044 0.0231487658
vn 0.145069987 0.988503933 -0.0425960943
vn 0.161010891 0.986681044 -0.0231503807
vn -0.0628114864 0.988503933 -0.137531012
vn -0.0879429355 0.986681044 -0.136844471
vn -0.137531981 0.988503933 0.0628080815
vn -0.145072386 0.988503635 0.042596031
vn 0.147968814 0.986680865 -0.0675740167
vn 0.156077892 0.986681044 -0.0458284616
vn -0.0817411914 0.988503993 -0.127192989
vn -0.10652329 0.986681163 -0.122935392
vn -0.136844695 0.986681044 0.0879436061
vn -0.147966594 0.986681163 0.0675742626
vn 0.127197012 0.988503575 -0.0817418098
vn 0.137535006 0.988503516 -0.0628078431
vn -0.114266194 0.988503933 -0.0990109295
vn -0.0990102813 0.988504112 -0.114265092
vn -0.114263974 0.988504112 0.0990108028
vn -0.127193272 0.988503993 0.0817407221
vn 0.114266209 0.988503933 -0.099011071
vn 0.136844084 0.986680925 -0.0879447833
vn -0.136844799 0.986681044 -0.0879435465
vn -0.122933775 0.986681223 -0.106524184
vn -0.106523089 0.986681163 0.122935392
vn -0.122934394 0.986681163 0.106524095
vn -0.0425957367 0.988504112 0.145069405
vn -0.0231484678 0.986681044 0.161011204
vn -0.045829583 0.986680925 0.156077877
vn -0.137532681 0.988503814 -0.0628081411
vn -0.127198592 0.988503337 -0.0817407221
vn -0.0817430541 0.988503933 0.127192587
vn -0.0990170091 0.988503516 0.114264689
vn 0.106522188 0.986681223 -0.122935176
vn 0.12293379 0.986681163 -0.106524497
vn 0 0.988504112 0.151193798
vn -0.0215178076 0.988504112 0.149654791
vn -0.1560781 0.986681044 -0.0458281599
vn -0.147965267 0.986681223 -0.0675742477
vn -0.0675753802 0.986680925 0.147967175
vn -0.0879396126 0.986681342 0.13684459
vn 0.099011831 0.988504052 -0.114264295
vn 0.087944448 0.986681044 -0.136844218
vn 0.0231484678 0.986681044 0.161011204
vn 0 0.986681044 0.162667006
vn -0.149656996 0.988503814 -0.0215162002
vn -0.145074084 0.988503456 -0.042596098
vn -0.0628047958 0.98850435 0.13753058
vn 0.062808685 0.988503933 -0.137531191
vn 0.0817432404 0.988503933 -0.127192393
vn 0.0425971113 0.988504112 0.145069197
vn 0.0215178076 0.988504112 0.149654791
vn -0.162668183 0.986680865 0
vn -0.16101101 0.986681163 -0.0231487714
vn -0.151195586 0.988503814 0
vn 0.0458265431 0.986681044 -0.156077772
vn 0.0675740689 0.986680925 -0.147967592
vn 0.0628085062 0.988503993 0.137530863
vn 0.0458273143 0.986681044 0.156077668
vn 0.127191588 0.988504112 0.0817419067
vn 0.147965878 0.986681163 0.0675740093
vn 0.0425975807 0.988503993 -0.145069286
vn 0.0231487677 0.986681044 -0.161011294
vn 0.0879410505 0.986681342 0.136844203
vn 0.0675709844 0.986681283 0.147967309
vn 0.145071387 0.988503814 0.0425960347
vn 0.137531489 0.988504052 0.0628078431
vn 0.0215178076 0.988504112 -0.149654791
vn 0.0817431659 0.988503933 0.127192274
vn 0.156077176 0.986681044 0.0458283909
vn 0.128149971 0.988329291 -0.0823573843
vn -0.128150091 0.988329411 -0.082356438
vn -0.115123793 0.98832953 -0.0997564644
vn -0.0997567102 0.988329291 0.115125202
vn -0.115123793 0.98832953 0.0997564122
vn -0.0216783192 0.988329291 0.150782079
vn -0.0429143868 0.988329411 0.146162078
vn 0.0997565761 0.988329291 -0.115124889
vn 0.115123883 0.988329411 -0.0997566953
vn -0.146161973 0.988329291 -0.042916581
vn -0.138566568 0.988329291 -0.0632809848
vn -0.082355842 0.988329411 0.128150389
vn 0.0823563784 0.988329291 -0.128150284
vn 0.0216783155 0.988329291 0.15078187
vn 0 0.988329291 0.152332366
vn -0.0632807538 0.988329291 0.138566375
vn -0.152331784 0.988329411 0
vn -0.1507788 0.988329887 -0.0216777902
vn 0.0429206379 0.988329113 -0.14616178
vn 0.0632792637 0.988329411 -0.138566568
vn 0.0429174863 0.988329291 0.146161884
vn 0.13856779 0.988329113 0.0632809326
vn 0.128152192 0.988328993 0.0823576227
vn 0.0216795765 0.988329291 -0.15078187
vn 0.082356438 0.988329291 0.128150389
vn 0.063281469 0.988329291 0.138566583
vn 0.15078108 0.988329411 0.0216795765
vn 0.146162793 0.988329113 0.042916771
vn -2.23549978e-06 0.988329291 -0.152332276
vn 0.0997571796 0.988329291 0.115124695
vn 0.15233168 0.988329411 0
vn -0.0216808263 0.988329291 -0.150781974
vn 0.115123793 0.98832953 0.0997566432
vn -0.0632802099 0.988329291 -0.138566464
vn -0.0429155119 0.988329291 -0.146161973
vn -0.146161973 0.988329291 0.0429165214
vn -0.150779381 0.988329768 0.0216777883
vn 0.150779992 0.988329589 -0.0216795802
vn 0.13856779 0.988329113 -0.0632808805
vn 0.146162495 0.988329232 -0.0429168344
vn -0.0997543186 0.98832947 -0.115125276
vn -0.0823570266 0.988329291 -0.128150284
vn -0.128150702 0.988329291 0.0823565647
vn -0.13856779 0.988329113 0.0632809922
vn 0.0157154184 0.993884087 -0.109303989
vn 0.0311096236 0.993884146 -0.10595458
vn 0.0597000681 0.993884206 0.092898123
vn 0.0458723865 0.993884206 0.100448892
vn 0.100448497 0.993884206 0.0458731614
vn 0.109302394 0.993884325 0.0157158282
vn 0.10595379 0.993884265 0.0311108809
vn -5.2486098e-07 0.993884087 -0.110427983
vn 0.0723169819 0.993883967 0.0834555477
vn 0.110427983 0.993884087 0
vn -0.0157148764 0.993884087 -0.109303989
vn 0.0928934067 0.993884444 0.0597022027
vn 0.0834544301 0.993884265 0.0723150223
vn -0.0458677448 0.993884444 -0.100448899
vn -0.0311058089 0.993884265 -0.105954893
vn -0.10595718 0.993883908 0.0311107542
vn -0.109303102 0.993884206 0.0157148205
vn 0.1093034 0.993884206 -0.0157158282
vn 0.100448683 0.993884087 -0.0458732136
vn 0.1059561 0.993884027 -0.0311109982
vn -0.072317712 0.993883848 -0.0834560841
vn -0.0597016104 0.993884087 -0.0928979963
vn -0.0928957388 0.993884325 0.0597014949
vn -0.100450791 0.993883848 0.0458734594
vn 0.0928947255 0.993884444 -0.0597020276
vn -0.0928971097 0.993884265 -0.0597013161
vn -0.0834555551 0.993884206 -0.0723147914
vn -0.0723190755 0.993883789 0.0834559575
vn -0.0834544301 0.993884265 0.0723147914
vn -0.0157154668 0.993884087 0.109303989
vn -0.0311112851 0.993884087 0.105954878
vn 0.0723157376 0.993884087 -0.0834556669
vn 0.0834555477 0.993884087 -0.0723150149
vn -0.105954394 0.993884206 -0.0311108809
vn -0.100449875 0.993883967 -0.045873452
vn -0.0597023889 0.993884087 0.092898123
vn 0.0597020797 0.993884087 -0.0928979367
vn 0.0157150589 0.993884087 0.109303989
vn 4.06395969e-07 0.993884087 0.110427983
vn -0.0458736941 0.993884087 0.100448988
vn -0.110427983 0.993884087 0
vn -0.109301589 0.993884444 -0.015714759
vn 0.0458723307 0.993884206 -0.100448802
vn 0.0311128348 0.993884087 0.105954684
vn -0.0482691489 0.997279465 -0.0557113774
vn -0.0398490354 0.997279346 -0.0620143898
vn -0.0620157048 0.997279167 0.0398539305
vn -0.0670528933 0.997279346 0.0306227747
vn 0.0670552701 0.997279167 -0.0306228288
vn 0.0620131977 0.997279227 -0.0398543365
vn -0.0620140359 0.997279227 -0.0398538671
vn -0.0557100624 0.997279227 -0.0482740328
vn -0.0482700914 0.997279346 0.0557113141
vn -0.055711437 0.997279227 0.0482740849
vn -0.0104930894 0.997279227 0.0729662701
vn -0.0207674988 0.997279227 0.0707303733
vn 0.0482734405 0.997279227 -0.055710908
vn 0.0557100624 0.997279227 -0.0482740328
vn 6.1529397e-07 0.997279227 0.0737166405
vn -0.0707299039 0.997279227 -0.0207680967
vn -0.0670553967 0.997279227 -0.0306226593
vn -0.0398513563 0.997279346 0.0620143376
vn 0.0398530252 0.997279227 -0.0620142706
vn 0.010492499 0.997279227 0.0729661435
vn -0.030621225 0.997279227 0.0670547932
vn -0.0737156123 0.997279227 0
vn -0.0729659125 0.997279227 -0.0104903495
vn 0.0207678601 0.997279227 -0.0707303211
vn 0.0306207463 0.997279227 -0.0670549646
vn 0.0207689386 0.997279167 0.0707303733
vn 0.0670543909 0.997279227 0.0306228902
vn 0.0620171949 0.997279048 0.0398543961
vn 0.0104913693 0.997279227 -0.0729660839
vn 0.0398547612 0.997279227 0.0620143972
vn 0.0306199044 0.997279227 0.067054905
vn 0 0.997279286 -0.0737165287
vn 0.0729622692 0.997279465 0.010491129
vn 0.0707257912 0.997279525 0.0207682177
vn 0.048276294 0.997279048 0.0557109639
vn 0.0737153664 0.997279227 0
vn -0.0104913702 0.997279286 -0.0729661584
vn 0.0557109006 0.997279227 0.0482740328
vn -0.0306233708 0.997279227 -0.0670548528
vn -0.0207723901 0.997279167 -0.0707302615
vn -0.070728302 0.997279346 0.0207681004
vn -0.0729635134 0.997279346 0.0104903486
vn 0.0729644746 0.997279346 -0.010491129
vn 0.0707291812 0.997279346 -0.0207682177
vn 0.0079048872 0.999606133 0.0269259177
vn 0.00402998831 0.999606013 0.0277768876
vn -0.0280655585 0.999606013 0
vn -0.0277757589 0.999606133 -0.00399345113
vn 0.00790345576 0.999606133 -0.0269257389
vn 0.0116631286 0.999606013 -0.0255265776
vn 0.0255042892 0.999606788 0.0116576497
vn 0.0236040261 0.999606133 0.0151718175
vn 0.0040042405 0.999606133 -0.0277768914
vn 0.0151731912 0.999606133 0.0236080214
vn 0.0116528179 0.999606133 0.0255265739
vn -3.78180914e-07 0.999606133 -0.0280625746
vn 0.0277821384 0.999605954 0.00399380922
vn 0.0269317608 0.999606013 0.00790613797
vn 0.0212094728 0.999606133 0.0183770619
vn 0.0183866583 0.999605954 0.0212082192
vn 0.0280653778 0.999606013 0
vn -0.00402009347 0.999606013 -0.0277770087
vn -0.0117252991 0.999605358 -0.0255265776
vn -0.00790583994 0.999606133 -0.0269258581
vn -0.0269251354 0.999606133 0.00790613703
vn -0.0277770087 0.999606133 0.00399345113
vn 0.0277802274 0.999606013 -0.00399380922
vn 0.0253608786 0.999610364 -0.0116576497
vn 0.0269223973 0.999606252 -0.00790613797
vn -0.0183796789 0.999606013 -0.0212083366
vn -0.0151762906 0.999606133 -0.0236076713
vn -0.0236093421 0.999606133 0.015171702
vn -0.0255061872 0.999606729 0.011657469
vn 0.0237297397 0.999603212 -0.0151718194
vn -0.0237306897 0.999603212 -0.0151717588
vn -0.0212339666 0.999605536 -0.0183769371
vn -0.0183842108 0.999605954 0.0212083384
vn -0.0212125108 0.999606013 0.0183769986
vn -0.00782084279 0.999606848 0.0269259773
vn 0.0183799211 0.999606133 -0.0212082211
vn 0.021211436 0.999606013 -0.0183769371
vn -2.3215398e-06 0.999606133 0.0280626398
vn -0.00403523352 0.999605894 0.0277769454
vn -0.0268029515 0.99960953 -0.0079061985
vn -0.0254954007 0.999606967 -0.011657469
vn -0.0151722394 0.999606133 0.0236077886
vn 0.0151720587 0.999606133 -0.0236079581
vn -0.011652939 0.999606133 0.0255265776
vn -6.97258929e-06 -0.99999994 -4.59794956e-06
vn 3.66858012e-06 -0.99999994 -1.2103701e-06
vn -1.08439981e-05 -0.99999994 -2.39604969e-06
vn -0.809323072 0.272898495 -0.520117819
vn -0.875092864 0.272927076 -0.399654001
vn -0.875092149 0.272928029 -0.399654627
vn 1.0458798e-05 -0.99999994 -7.15462966e-06
vn 0 -0.99999994 -7.73617921e-06
vn 6.97258929e-06 -0.99999994 6.42740952e-06
vn 5.42201997e-06 -0.99999994 5.5694195e-06
vn 0.875095844 0.272920281 -0.399651974
vn 0.809320688 0.272905499 -0.520117939
vn 0.809320152 0.272905469 -0.520118713
vn 1.39450995e-05 -0.99999994 0
vn -1.39452004e-05 -0.99999994 -0
vn 0 -0.99999994 1.21028984e-06
vn -8.80686821e-06 -0.99999994 -2.39604969e-06
vn 1.08439981e-05 -0.99999994 -1.21028984e-06
vn 1.22930987e-05 -0.99999994 3.53296991e-06
vn -2.86677982e-06 -0.99999994 8.41816018e-06
vn 0 -0.99999994 8.50473953e-06
vn 3.48628964e-06 -0.99999994 -6.42740952e-06
vn -1.21107987e-05 -0.99999994 2.39603969e-06
vn -5.42200951e-06 -0.99999994 3.53297992e-06
vn -5.32054992e-06 -0.99999994 7.73617921e-06
vn -1.22018992e-05 -0.99999994 -6.42744953e-06
vn -8.2599604e-07 -0.99999994 -8.41815017e-06
vn -8.62460001e-06 -0.99999994 4.59796001e-06
vn -5.42200951e-06 -0.99999994 5.56940995e-06
vn -1.22018992e-05 -0.99999994 6.42743953e-06
vn 0.952243626 0.272916734 0.136924878
vn 0.962043047 0.27289778 -5.10291954e-07
vn 0.962043047 0.27289778 -6.02359989e-07
vn 0.952245414 0.272914797 -0.136916488
vn 0.952245414 0.272914886 -0.136916593
vn -0.520120382 0.272880405 -0.809327543
vn -0.629959166 0.272885948 -0.727106988
vn -0.629958928 0.272886366 -0.727107048
vn 0.809327543 0.272898495 0.520110846
vn 0.727066875 0.272903413 0.629997969
vn 0.80932796 0.272897989 0.520110428
vn 0.875106812 0.272907287 0.399636865
vn 0.875105858 0.27290836 0.399638146
vn -0.399654239 0.272897333 0.875101924
vn -0.271046281 0.272901088 0.923070371
vn -0.271046191 0.272901088 0.923070371
vn 0.399649113 0.272896379 0.875104666
vn 0.271051913 0.27290079 0.923068762
vn 0.399649054 0.272895336 0.875104904
vn -0.923073411 0.272902846 -0.271033853
vn -0.952245891 0.272918671 -0.136905387
vn -0.952245712 0.272919476 -0.136905104
vn 4.66977042e-07 -0.99999994 0
vn -0.727068663 0.272910178 -0.629993021
vn -0.727070212 0.272910357 -0.629991055
vn 0.727045715 0.272908211 -0.63002032
vn 0.630014956 0.272888511 -0.727057815
vn 0.630013824 0.272889614 -0.727058232
vn 0.923073947 0.272892565 0.271042675
vn 0.952243209 0.272917837 0.136925578
vn 0.271048963 0.27289027 -0.923072815
vn 0.136911988 0.272947371 -0.952236712
vn 0.136911884 0.272946179 -0.95223707
vn 0.520118058 0.272895277 0.809323967
vn 0.520118058 0.272894591 0.809324265
vn 0.923073947 0.272892058 0.271043062
vn 0.136921778 0.272902161 0.952248275
vn 0 0.272903591 0.962041318
vn 0.136922181 0.272901684 0.952248394
vn -0.727072954 0.272898972 0.629992843
vn -0.809333146 0.272895485 0.520103753
vn -0.727071643 0.272899181 0.629994273
vn -0.629988551 0.272896707 0.727077603
vn -0.629988313 0.272896379 0.727077842
vn 0 0.272861093 -0.962053418
vn 0 0.272857785 -0.962054312
vn 0.923074067 0.272898108 -0.271036565
vn 0.875095367 0.272920996 -0.39965257
vn 0.727067173 0.272902966 0.629997849
vn 0.629997611 0.272900164 0.727068365
vn 0.629997909 0.272900313 0.727068126
vn 0.399655163 0.272861093 -0.875112832
vn 0.271050066 0.272888482 -0.923072994
vn -0.923073649 0.272902399 -0.271033674
vn 0.27105087 0.272901535 0.923068821
vn -0.1369064 0.272904277 -0.952249825
vn -0.136905879 0.272904336 -0.952249944
vn -0.399654031 0.272876829 -0.87510854
vn -0.271042407 0.272944868 -0.923058569
vn -0.399654299 0.272875845 -0.8751086
vn 0.520099401 0.27290231 -0.809333682
vn 0.399654955 0.27286008 -0.875113308
vn -0.520114064 0.272903413 0.809323847
vn -0.520114779 0.272903591 0.809323311
vn -0.136923283 0.272897989 0.952249229
vn -0.136923686 0.272897929 0.952249229
vn -0.962044895 0.272891372 0
vn -0.962045133 0.272890329 0
vn -0.92307353 0.272902548 0.271033943
vn -0.875095606 0.272915959 0.399655432
vn -0.875095129 0.272916555 0.399656177
vn 0.520099878 0.272901475 -0.809333622
vn -0.809332967 0.272895694 0.520103812
vn 0.727046907 0.272907168 -0.630019307
vn -0.952247858 0.272911757 0.136905685
vn -0.952247739 0.272912323 0.136905506
vn -0.271042764 0.272947162 -0.923057795
vn -0.399654835 0.272897273 0.875101745
vn -0.809324145 0.27289778 -0.520116568
vn 0.923074126 0.27289778 -0.271036565
vn -0.520120621 0.272880703 -0.809327245
vn -1.35549988e-06 -0.99999994 8.16021929e-06
vn 0 -0.99999994 7.73617012e-06
vn 0 -0.99999994 2.39603969e-06
vn 1.04588999e-05 -0.99999994 -3.53296991e-06
vn 1.74313982e-06 -0.99999994 -4.59802004e-06
vn -1.35549988e-06 -0.99999994 -8.16021929e-06
vn 5.42208954e-06 -0.99999994 7.15463966e-06
vn -2.02687988e-06 -0.99999994 4.59802004e-06
vn -0.923073649 0.272902369 0.271033645
vn 0 -0.99999994 -5.56939949e-06
vn 1.35549988e-06 -0.99999994 8.1602293e-06
vn 0 0.27290386 0.962041318
vn 8.25996949e-07 -0.99999994 -8.41813926e-06
vn 0 -0.99999994 -8.50473043e-06
vn 2.86676982e-06 -0.99999994 8.41816018e-06
vn 3.48628964e-06 -0.99999994 7.15463966e-06
vn 1.35549988e-06 -0.99999994 -8.16020838e-06
vn -3.48629987e-06 -0.99999994 -7.73617921e-06
vn 0 -0.99999994 -7.15464967e-06
vn 0 -0.99999994 -5.56940995e-06
vn -5.42203998e-06 -0.99999994 -3.53297992e-06
vn 6.97256928e-06 -0.99999994 1.21037988e-06
vn 0.959493339 0 0.281731516
vn -0.65486002 0 -0.75575012
vn 0.142315283 0 -0.989821315
vn 0.540638685 0 -0.84125495
vn -0.540638268 0 0.841255128
vn 0.755748987 0 -0.654861391
vn 0.95949322 0 -0.281731695
vn -0.909632802 0 -0.415413231
vn -0.959493041 0 0.28173238
vn 0.755748689 0 0.654861689
vn 0.841251552 0 0.540643811
vn 0.989821076 0 0.142317802
vn -0.654858708 0 0.755751371
vn -0.54063791 0 -0.841255307
vn 0.281735301 0 0.959492147
vn -0.755748153 0 0.654862344
vn 0.415412307 0 0.909633219
vn 0.415412217 0 -0.909633279
vn 0.654863834 0 -0.755746901
vn -0.415413052 0 -0.909632862
vn -0.989822328 0 -0.142308369
vn 0.654863238 0 0.755747437
vn -0.84125632 0 0.54063648
vn 0.909632504 0 -0.415413797
vn -0.415413439 0 0.909632683
vn 0.281735182 0 -0.959492207
vn 0.909632564 0 0.415413588
vn -0.959493816 0 -0.28172946
vn -0.142315015 0 0.989821434
vn -0.909631848 0 0.415415108
vn -0.281731844 0 0.959493101
vn -0.989822149 0 0.142309904
vn 0.989821017 0 -0.142317504
vn -0.841256201 0 -0.540636659
vn -0.0778993741 0.992896676 -0.0899317637
vn -0.267552704 0.935239732 -0.231823608
vn -0.0899645463 0.992891788 -0.0779244155
vn 0.064315185 0.992895842 -0.100106187
vn 0.147070795 0.935242236 -0.322012693
vn 0.0494581312 0.992893994 -0.108238086
vn 0.0335238501 0.992895067 0.11417339
vn 0.14705658 0.935243309 0.322016031
vn 0.0494318567 0.992894948 0.108241193
vn 0.10824281 0.992894769 -0.0494323336
vn 0.339664459 0.935243845 -0.0997347832
vn 0.322014064 0.935243487 -0.147059605
vn 0.0169292577 0.992894948 0.117783695
vn 0.0997338071 0.935243189 0.339666337
vn 0.0779101104 0.992895961 -0.0899312347
vn 0.26755324 0.935239434 -0.231824324
vn 0.23181878 0.935244441 -0.267540157
vn -0.0494366772 0.99289453 -0.108242892
vn -0.0997404233 0.935243189 -0.33966434
vn -0.147060871 0.935242295 -0.322016746
vn -0.0494204648 0.992895424 0.108241402
vn -0.0997333378 0.935243189 0.339666426
vn -0.0335278511 0.992894828 0.114173993
vn 0.0169228278 0.992895126 -0.11778339
vn 6.62249022e-07 0.935242712 -0.354007095
vn 0 0.992894769 -0.118995689
vn -0.0169233587 0.992894828 -0.117784783
vn -0.0503735431 0.935242891 -0.350404441
vn 0.108214281 0.992897749 0.0494321398
vn 0.297799677 0.935245633 0.191391781
vn 0.322003603 0.935247064 0.147059694
vn -0.0778977051 0.992897034 0.0899298564
vn -0.2675533 0.935239434 0.231824085
vn -0.231810078 0.935246229 0.267541558
vn -0.191398993 0.935241342 0.297808707
vn -0.0643519536 0.992893636 0.100104183
vn 0.0997324437 0.935243666 -0.339665681
vn 0.0503743142 0.935243309 -0.350403249
vn -0.0169292577 0.992894948 0.117783301
vn -0.0503772311 0.935242891 0.350403726
vn -0.100066595 0.992898762 0.064332895
vn -0.0899645463 0.992891788 0.0779244155
vn -0.100093491 0.99289602 -0.0643325299
vn -0.322035104 0.935236454 -0.147058278
vn -0.108292393 0.992889345 -0.0494323261
vn 0.100092806 0.99289614 -0.0643333793
vn 0.0899652094 0.992891729 -0.0779250115
vn -0.191382006 0.935244739 -0.297809035
vn -0.231811091 0.935245812 -0.267542303
vn -0.11411719 0.992901444 -0.0335242674
vn -0.339641064 0.935252249 -0.0997356623
vn 0.100089706 0.992896438 0.0643333793
vn 0.267553568 0.935239136 0.231824562
vn 0.117805004 0.992892385 0.016935112
vn 0.339680046 0.935238183 0.0997343436
vn 0.350408465 0.935240924 0.0503814146
vn -0.114166297 0.992895842 0.0335239656
vn -0.322010845 0.93524462 0.147058964
vn -0.108237095 0.992895365 0.0494323857
vn -0.350410581 0.935240269 -0.0503776558
vn -0.117802896 0.992892623 -0.0169338491
vn 0 0.93524307 0.354006171
vn 0.0503772311 0.935242891 0.350403935
vn -0.297803313 0.935245037 -0.191389322
vn -0.118970901 0.992897749 0
vn -0.353995174 0.935247242 0
vn -0.297792077 0.935248494 0.191389889
vn 0.1141726 0.992895126 -0.0335242674
vn 0.350410491 0.935240149 -0.0503812395
vn 0.191381574 0.935243845 -0.297811776
vn -0.14705117 0.935243845 0.322016746
vn 0.0643149689 0.99289614 0.100104004
vn 0.231824771 0.935243189 0.267539561
vn 0.0779283568 0.99289465 0.0899300426
vn -0.350419134 0.93523705 0.0503778309
vn -0.33966428 0.935243845 0.0997348353
vn 0 0.992894948 0.118994094
vn 0.191380501 0.93524456 0.297810405
vn -0.0335411355 0.99289465 -0.114171892
vn 0.118970901 0.992897749 0
vn 0.117802478 0.992892623 -0.0169349257
vn 0.353994459 0.93524754 0
vn 0.0335206911 0.992895067 -0.114173792
vn 0.114214092 0.992890358 0.0335241482
vn -0.117830589 0.992889345 0.0169339683
vn 0.297800928 0.935245335 -0.191391811
vn 0.0899652094 0.992891729 0.0779250711
vn -0.0643264577 0.992895544 -0.100102596
vn 0.563410461 0.809444845 0.165431693
vn 0.581221759 0.809442699 0.0835684314
vn -0.534132779 0.809444368 0.243929982
vn -0.581218421 0.80944562 -0.083563976
vn 0 0.809444249 0.587196827
vn 0.0835680217 0.809444129 0.581219912
vn -0.44377166 0.809445202 -0.384532481
vn -0.493983775 0.80944407 -0.317459106
vn -0.587197602 0.809443533 0
vn -0.493982464 0.809444666 0.317459583
vn 0.563407123 0.80944699 -0.165432468
vn 0.384533435 0.809444606 -0.44377175
vn 0.317461997 0.809444189 -0.493981838
vn -0.243930161 0.809443951 0.534133255
vn 0.384533972 0.80944407 0.443772197
vn -0.581220269 0.809444249 0.0835641026
vn -0.563414574 0.809442341 0.165430412
vn 0.243927389 0.809444368 0.534133911
vn 0.317462981 0.809443831 0.4939816
vn -0.165430576 0.809445381 -0.563410044
vn 0.581219018 0.809444666 -0.0835683793
vn 0.587197065 0.809443951 0
vn 0.24392809 0.809444845 -0.534133017
vn 0.165433973 0.809444606 -0.563410044
vn 0.49398157 0.809443593 -0.317463934
vn 0.443772823 0.809444368 0.384532839
vn -0.243929908 0.809443831 -0.534133673
vn -0.317459852 0.809444606 -0.493982315
vn 0.53413254 0.809444785 -0.24392961
vn 0.165432766 0.809444487 0.563410699
vn 0.44377166 0.809444964 -0.384532869
vn -0.165429592 0.809444368 0.563411713
vn -6.93873915e-07 0.80944407 -0.587196827
vn -0.0835680813 0.809443653 -0.581220627
vn 0.493979812 0.809444487 0.317464083
vn 0.534135103 0.809443295 0.243928984
vn -0.443772972 0.809444368 0.384532481
vn -0.384530902 0.809444547 0.443774164
vn -0.317462891 0.809443712 0.493981957
vn 0.0835677236 0.809443712 -0.581220448
vn -0.0835680217 0.809443951 0.58122015
vn -0.534129083 0.809446633 -0.243930817
vn -0.384532869 0.809443831 -0.443773657
vn -0.56341207 0.809443951 -0.165430889
vn 0.257086068 0.785493314 -0.562944829
vn 0.174358606 0.785492539 -0.593801737
vn 0.593804479 0.785491347 0.174354896
vn -0.612573862 0.785491407 0.0880712122
vn 0.52063024 0.785490453 -0.334587395
vn 0.467710704 0.785492957 0.40527457
vn -0.257088661 0.785491824 -0.562945902
vn -0.334586859 0.785492659 -0.520627439
vn -0.467711836 0.785492599 -0.405273825
vn 0.257086277 0.785493016 0.562945247
vn 0.593798757 0.7854954 -0.174355775
vn 0.562946856 0.785491586 -0.257086784
vn 0.174358279 0.785493016 0.5938012
vn 0.467711717 0.78549248 -0.40527454
vn 0.405275762 0.785493314 -0.467708975
vn -0.174354389 0.785493612 -0.593801498
vn -0.174354598 0.785493016 0.593802214
vn 1.26166e-07 0.785491705 -0.618872225
vn -0.0880779475 0.785491884 -0.612572134
vn 0.520624995 0.785493553 0.334588349
vn 0.562946618 0.785491884 0.257086813
vn -0.467710942 0.785493135 0.405274123
vn -0.405272573 0.785493612 0.46771118
vn -0.334584892 0.785493135 0.520627856
vn 0.0880781412 0.78549093 -0.612573326
vn -0.0880778357 0.785492659 0.61257112
vn -0.562942684 0.785494089 -0.257088453
vn -0.405275166 0.785492718 -0.467710465
vn -0.593804121 0.785491705 -0.174354181
vn 0.612575114 0.785489738 0.0880759135
vn -0.562944829 0.785492718 0.257087797
vn -0.612569034 0.785495162 -0.0880715176
vn 0 0.785492957 0.618870556
vn 0.0880778357 0.785493016 0.612570822
vn -0.520636261 0.785489202 -0.334581077
vn -0.618872464 0.785491467 1.7232496e-07
vn -0.520626605 0.785494745 0.334583163
vn 0.334588081 0.785493016 -0.520626009
vn -0.25709033 0.78549248 0.562944233
vn 0.405276209 0.785492718 0.467709601
vn -0.593807697 0.785489082 0.17435348
vn 0.334586114 0.785492659 0.520627856
vn 0.612573564 0.785491049 -0.0880758092
vn 0.618872285 0.785491586 1.62478003e-07
vn -0.841257095 0 0.540635109
vn -0.75575012 0 0.65485996
vn -0.909632206 0 -0.415414542
vn -0.909632564 0 -0.415413588
vn 0.841252327 0 -0.5406425
vn 0.75574863 0 -0.654861748
vn 0.755748689 0 -0.654861689
vn -0.540638566 0 -0.841255009
vn -0.654860377 0 -0.755749881
vn -0.654859722 0 -0.755750418
vn -0.95949316 0 -0.281731814
vn -0.959493458 0 -0.281730771
vn 0.755747318 0 0.654863238
vn 0.841251314 0 0.540644228
vn 0.841252327 0 0.540642679
vn 0.95949322 0 0.281731606
vn 0.989820957 0 0.142318279
vn -0.959493339 0 0.28173095
vn -0.909632504 0 0.415413916
vn -0.989822328 0 -0.142307892
vn -0.989822447 0 -0.142307475
vn 3.93501011e-07 0 0.99999994
vn 0.142315105 0 0.989821434
vn 0.142315 0 0.989821434
vn -0.755749226 0 -0.654861212
vn -0.841255784 0 -0.540637195
vn -0.99999994 0 2.79374007e-07
vn -0.99999994 0 -4.41054993e-07
vn -0.84125632 0 0.54063642
vn 0.989821017 0 -0.142317995
vn 0.959492862 0 -0.281733006
vn 0.95949316 0 -0.281731814
vn 0.654865265 0 -0.755745649
vn 0.540637851 0 -0.841255426
vn -0.540638745 0 0.84125489
vn -0.415413231 0 0.909632802
vn -0.415412396 0 0.909633219
vn 0.54063791 0 0.841255307
vn 0.65486306 0 0.755747437
vn -0.989822328 0 0.142308488
vn -0.959493339 0 0.281731308
vn -0.142315164 0 0.989821315
vn 4.00633979e-07 0 0.99999994
vn 0.415413529 0 0.909632683
vn 0.540638685 0 0.84125495
vn -0.142313987 0 -0.989821553
vn -0.281732589 0 -0.959492922
vn -0.281732172 0 -0.959493041
vn 0.99999994 0 -5.4448202e-07
vn 0.989820957 0 -0.142318383
vn 0.99999994 0 -3.80424012e-07
vn 0.415412396 0 -0.9096331
vn 0.281734943 0 -0.959492207
vn 0.281734377 0 -0.959492385
vn 0.909633458 0 0.415411681
vn -0.989822209 0 0.142308667
vn 0.909632981 0 -0.415412873
vn 0.841252208 0 -0.540642858
vn 0.755747437 0 0.654863238
vn -0.415412396 0 -0.909633219
vn -0.540639281 0 -0.841254473
vn -0.755749285 0 -0.654861033
vn 0.415412962 0 -0.909632921
vn 0.415414333 0 0.909632266
vn 0.909632385 0 -0.415414006
vn 0.654865921 0 -0.755745053
vn -0.415412724 0 -0.909632981
vn -0.281731814 0 0.95949322
vn 0.142314285 0 -0.989821434
vn -2.67486001e-07 0 -0.99999994
vn -2.61541999e-07 0 -0.99999994
vn -0.142314106 0 -0.989821553
vn 0.9096331 0 0.415412664
vn -0.654858112 0 0.755751789
vn -0.654857695 0 0.755752206
vn -0.54063946 0 0.841254354
vn 0.142314479 0 -0.989821434
vn -0.142315403 0 0.989821315
vn -0.0708389804 0.867316961 0.49268958
vn 0 0.867316961 0.497756362
vn 0 0.867316782 0.4977566
vn -0.477593064 0.867317438 0.14023298
vn -0.492691547 0.867316246 0.0708356425
vn -0.477591366 0.867318332 0.14023298
vn -0.269104838 0.867317796 -0.418738931
vn -0.206772268 0.867317677 -0.452775002
vn -0.269105583 0.867318034 -0.418737948
vn 0.49268961 0.867316961 -0.0708392039
vn 0.477593839 0.867316961 -0.140233621
vn 0.477595657 0.867315948 -0.140233502
vn -0.418742359 0.867316544 -0.269103765
vn -0.376179814 0.867316961 -0.3259601
vn -0.418740243 0.8673172 -0.269104838
vn -0.269104958 0.867316961 0.4187406
vn -0.206775263 0.8673172 0.452774554
vn -0.206773192 0.867317677 0.452774763
vn -0.0708373562 0.867316425 -0.492690623
vn -0.140235499 0.867317021 -0.477592975
vn -0.14023748 0.867317259 -0.477591962
vn -0.497756034 0.86731714 0
vn -0.492693573 0.867314994 0.0708355308
vn 0.418736249 0.867317855 -0.269108742
vn 0.376180232 0.867316425 -0.325960845
vn 0.376182556 0.867315412 -0.325961083
vn -0.418741375 0.867316842 0.269104093
vn -0.452777505 0.867315829 0.206774175
vn -0.4187406 0.867317021 0.269104779
vn 0.269104958 0.867317975 -0.418738574
vn 0.325960934 0.867318273 -0.376176208
vn 0.269104034 0.867318332 -0.418738306
vn -0.452779531 0.867315054 0.206773698
vn -0.492691875 0.867316067 -0.0708352923
vn -0.497755408 0.867317379 0
vn -0.140234366 0.867316902 0.477593541
vn -0.0708406493 0.867316961 0.492689371
vn -0.325962842 0.867316544 0.376178622
vn -0.269106895 0.867316663 0.418739974
vn 0.20677425 0.867317379 -0.452774495
vn 0.206774637 0.867317379 -0.452774376
vn -0.206774354 0.86731708 -0.452775121
vn -9.42923975e-07 0.867318213 -0.497754157
vn -0.0708375424 0.867316544 -0.492690563
vn 0.07083904 0.867317021 0.49268958
vn 0.140236586 0.867316544 0.477593541
vn 0.140236691 0.867316663 0.477593333
vn -0.477594078 0.867316842 -0.140233085
vn -0.452776939 0.867316127 -0.206774354
vn -0.477594793 0.867316544 -0.140232906
vn 0.140236363 0.86731708 -0.477592617
vn 0.140236378 0.867317021 -0.477592766
vn 0.269104689 0.867317617 0.418739557
vn 0.325962454 0.867316961 0.376177847
vn 0.325963348 0.867316902 0.376177132
vn 0.376180142 0.867316544 0.325960726
vn 0.376179606 0.867316842 0.325960577
vn 0.452776372 0.867316544 -0.206774205
vn 0.452777714 0.867315829 -0.206773877
vn 0.0708389133 0.867317259 -0.492689073
vn -7.70786926e-07 0.867318153 -0.497754157
vn -0.376179546 0.8673172 0.325959831
vn -0.325963378 0.867316246 0.376178592
vn -0.37617889 0.867317736 0.325959206
vn 0.0708407015 0.867316902 0.492689401
vn 0.452777117 0.867316127 0.206774071
vn 0.47759369 0.867317021 0.140233278
vn 0.477594912 0.867316365 0.14023298
vn 0.206773058 0.86731708 0.452775747
vn 0.269104928 0.867317498 0.418739408
vn 0.0708394498 0.867316961 -0.492689461
vn 0.492688894 0.867317319 0.070839569
vn 0.492686719 0.867318511 0.0708395615
vn 0.325961977 0.867317677 -0.376176476
vn -0.32596156 0.8673172 -0.376178026
vn -0.376181304 0.867316544 -0.325959235
vn -0.49269256 0.86731565 -0.0708353445
vn 0.206772581 0.867317259 0.452775687
vn -0.140232921 0.86731714 0.477593631
vn 0.418742627 0.867315233 0.26910761
vn 0.452777982 0.86731565 0.206774205
vn 0.418741524 0.86731571 0.269107789
vn -0.325962603 0.867316961 -0.376177579
vn 0.497755468 0.867317319 0
vn 0.492689431 0.86731714 -0.070839107
vn 0.418737441 0.867317498 -0.269108474
vn -0.452776283 0.867316544 -0.206774294
vn -1.30144997e-06 -0.99999994 -0
vn -1.64939993e-05 -0.99999994 -0
vn -5.62775938e-07 -0.99999994 -0
vn 1.69651994e-05 -0.99999994 0
vn -2.6868398e-05 -0.99999994 -0
vn 1.08453992e-06 -0.99999994 0
vn -8.78594903e-07 -0.99999994 -0
vn -1.34343991e-05 -0.99999994 -0
vn -3.85515932e-06 -0.99999994 -0
vn 2.68639978e-05 -0.99999994 0
vn 6.3969793e-07 -0.99999994 0
vn 9.51717027e-07 -0.99999994 0
vn 1.73521967e-05 -0.99999994 0
vn -2.40045006e-06 -0.99999994 -0
vn -1.27946998e-06 -0.99999994 -0
vn -5.37373016e-05 -0.99999994 -0
vn 2.68657968e-05 -0.99999994 0
vn 4.79776986e-07 -0.99999994 0
vn -6.71712951e-06 -0.99999994 -0
vn -1.59929002e-07 -0.99999994 -0
vn -8.58785938e-07 -0.99999994 -0
vn -4.29402036e-07 -0.99999994 -0
vn -1.7604696e-05 -0.99999994 -0
vn 1.27940984e-06 -0.99999994 0
vn 5.37250962e-05 -0.99999994 0
vn 1.27943997e-06 -0.99999994 0
vn -6.68080929e-06 -0.99999994 -0
vn -7.40458017e-06 -0.99999994 -0
vn -3.72557975e-06 -0.99999994 -0
vn -6.6697794e-06 -0.99999994 -0
vn 9.27756957e-07 -0.99999994 0
vn -1.32959985e-05 -0.99999994 -0
vn 6.65421976e-06 -0.99999994 0
vn 3.25619976e-06 -0.99999994 0
vn -6.65415973e-06 -0.99999994 -0
vn -3.70012981e-06 -0.99999994 -0
vn 1.76397971e-05 0.99999994 0
vn 1.74806974e-05 0.99999994 0
vn -1.73972985e-05 0.99999994 0
vn 3.32640011e-05 0.99999994 0
vn -3.29727991e-05 0.99999994 0
vn -0.666341305 0 -0.745646775
vn 0.0560672246 0 -0.998427033
vn 2.58739965e-05 0.99999994 0
vn -3.94956942e-06 0.99999994 0
vn -7.8953999e-06 0.99999994 0
vn -4.61493028e-06 0.99999994 0
vn 4.6150999e-06 0.99999994 0
vn 1.57907998e-05 0.99999994 0
vn -3.67984976e-05 0.99999994 0
vn -3.66938984e-05 0.99999994 0
vn 3.17656959e-05 0.99999994 0
vn -3.18760976e-05 0.99999994 0
vn -3.19439969e-05 0.99999994 0
vn -3.20124964e-05 0.99999994 0
vn -7.23793928e-05 0.99999994 0
vn -3.21747939e-05 0.99999994 0
vn -3.23673958e-05 0.99999994 0
vn 7.16845898e-05 0.99999994 0
vn -3.27074958e-05 0.99999994 0
vn 6.20333012e-05 0.99999994 0
vn 7.68092941e-05 0.99999994 0
vn -5.95920937e-05 0.99999994 0
vn 2.92996974e-05 0.99999994 0
vn 2.88001993e-05 0.99999994 0
vn -4.21087934e-05 0.99999994 0
vn 0.167506203 0 -0.985871017
vn 0.276839405 0 -0.960916162
vn 0.382677317 0 -0.923882008
vn 0.483719766 0 -0.875222921
vn 0.578669369 0 -0.815562189
vn 0.666355968 0 -0.745633721
vn 0.745638669 0 -0.666350424
vn 0.815563142 0 -0.578668118
vn 0.87522155 0 -0.48372227
vn 0.923881054 0 -0.38267979
vn 0.96091491 0 -0.276843876
vn 0.98587203 0 -0.1675006
vn 0.998425901 0 -0.0560871772
vn 0.998425901 0 0.0560871772
vn 0.985871911 0 0.167500779
vn 0.96091491 0 0.276843876
vn 0.923881114 0 0.382679343
vn 0.87522155 0 0.48372227
vn 0.815563142 0 0.578668118
vn 0.745638669 0 0.666350424
vn 0.666355968 0 0.745633721
vn 0.57867372 0 0.815559149
vn 0.483724862 0 0.87522012
vn 0.382674038 0 0.923883438
vn 0.276839674 0 0.960916042
vn 0.167506471 0 0.985870957
vn 0.0560708046 0 0.998426855
vn -0.0560693108 0 0.998426855
vn -0.167506471 0 0.985870957
vn -0.276839167 0 0.960916221
vn -0.382683784 0 0.923879325
vn -0.483714283 0 0.875226021
vn -0.578686714 0 0.81554991
vn -0.666343153 0 0.745645225
vn -0.745638669 0 0.666350424
vn -0.815562904 0 0.578668475
vn -0.875220895 0 0.483723342
vn -0.923880816 0 0.382680178
vn -0.960914433 0 0.276845276
vn -0.985871851 0 0.167501181
vn -0.99842757 0 -0.0560566075
vn -0.985871851 0 -0.167501181
vn -0.960915446 0 -0.276841998
vn -0.923880816 0 -0.382680178
vn -0.875222504 0 -0.48372063
vn -0.815562904 0 -0.578668475
vn -0.745638669 0 -0.666350424
vn -0.578682005 0 -0.815553248
vn -0.483707994 0 -0.875229418
vn -0.382686943 0 -0.923878133
vn -0.276839674 0 -0.960916042
vn -0.167506203 0 -0.985871017
vn -0.0560666248 0 -0.998427033
vn 3.34174956e-06 -0.99999994 0
vn -1.11523996e-05 -0.99999994 -0
vn 7.41674967e-06 -0.99999994 0
vn 7.40468931e-06 -0.99999994 0
vn 6.66981941e-06 -0.99999994 0
vn 3.72558975e-06 -0.99999994 0
vn -6.65991911e-06 -0.99999994 -0
vn -3.34429978e-06 -0.99999994 -0
vn -1.85199985e-06 -0.99999994 -0
vn 3.6995998e-06 -0.99999994 0
vn 6.68875919e-06 -0.99999994 0
vn 2.78324956e-06 -0.99999994 0
vn 9.25968925e-06 -0.99999994 0
vn -6.68862958e-06 -0.99999994 -0
vn -3.34178003e-06 -0.99999994 -0
vn 6.65991911e-06 -0.99999994 0
vn 1.11526988e-05 -0.99999994 0
vn -7.41654958e-06 -0.99999994 -0
vn 3.69956979e-06 -0.99999994 0
vn -6.97757969e-06 -0.99999994 -0
vn 7.40464975e-06 -0.99999994 0
vn 6.68092025e-06 -0.99999994 0
vn 7.41668919e-06 -0.99999994 0
vn 1.32956993e-05 -0.99999994 0
vn 3.29695977e-05 0.99999994 0
vn -3.32628988e-05 0.99999994 0
vn 1.73965982e-05 0.99999994 0
vn -1.7481796e-05 0.99999994 0
vn -1.76420999e-05 0.99999994 0
vn -0.666343153 0 -0.745645225
vn 0.0560681149 0 -0.998426914
vn 0.167508185 0 -0.985870659
vn 0.276836246 0 -0.960917056
vn 0.382677108 0 -0.923882186
vn 0.483724862 0 -0.87522012
vn 0.578664184 0 -0.815565944
vn 0.745641887 0 -0.666346788
vn 0.815558255 0 -0.578674912
vn 0.9238832 0 -0.382674336
vn 0.985872328 0 -0.167498395
vn 0.985872328 0 0.167498186
vn 0.92388314 0 0.382674724
vn 0.815558255 0 0.578674912
vn 0.745641887 0 0.666346788
vn 0.666351914 0 0.745637298
vn 0.578669369 0 0.815562189
vn 0.382674336 0 0.9238832
vn 0.276836097 0 0.960917115
vn 0.167507902 0 0.985870719
vn -0.167507902 0 0.985870719
vn -0.276836246 0 0.960917056
vn -0.483707994 0 0.875229418
vn -0.578682005 0 0.815553248
vn -0.666337371 0 0.745650411
vn -0.745641887 0 0.666346788
vn -0.815558016 0 0.57867527
vn -0.875222504 0 0.48372063
vn -0.923882961 0 0.382675081
vn -0.960915446 0 0.276841998
vn -0.985872269 0 0.167498782
vn -0.99842757 0 0.0560566075
vn -0.985872269 0 -0.167498782
vn -0.960914433 0 -0.276845276
vn -0.923882961 0 -0.382675081
vn -0.875220895 0 -0.483723342
vn -0.815558016 0 -0.57867527
vn -0.745641887 0 -0.666346788
vn -0.578677177 0 -0.815556645
vn -0.483714283 0 -0.875226021
vn -0.276835859 0 -0.960917175
vn -0.167508185 0 -0.985870659
vn -0.056065727 0 -0.998427033
vn -3.72558975e-06 -0.99999994 -0
vn 6.65415973e-06 -0.99999994 0
vn -6.66972983e-06 -0.99999994 -0
vn -7.4165996e-06 -0.99999994 -0
vn 3.72557975e-06 -0.99999994 0
vn -6.65421976e-06 -0.99999994 -0
vn -6.68730991e-06 -0.99999994 -0
vn 0 1 2.15776363e-05
vn 0 0 -1
vn 0 1 0
vn 3.16249543e-06 -0.0244317539 -0.99970156
vn 3.11626081e-06 0.171076134 -0.985257864
vn 3.08495487e-06 -0.218986616 -0.975727916
vn 2.94991764e-06 0.360002816 -0.932951212
vn 2.71625458e-06 0.513814032 -0.857901573
vn 2.90757725e-06 -0.391859472 -0.92002517
vn 1 1.29404998e-05 0
vn 1 0 0
vn 1 -7.62728996e-06 -2.54452443e-05
vn -1 0 0
vn 0 -1 0
vn -3.16350747e-06 1.15062376e-05 -1
vn -4.13725002e-06 0.171076402 -0.985257745
vn -3.08484482e-06 -0.218986616 -0.975727916
vn 0 -0.391874224 -0.920018852
vn -1 -8.02668001e-06 -2.29464531e-05
vn -1 -7.62728996e-06 -2.5645606e-05
vn 0 0 1
vn -2.25625996e-07 -1 0
vn 0 0.171076253 0.985257745
vn 3.16250203e-06 -0.0244317539 0.99970156
vn 3.11757253e-06 0.171076402 0.985257745
vn 3.08484482e-06 -0.218986616 0.975727916
vn 2.94515416e-06 0.360002816 0.932951212
vn 8.2459843e-07 0.513801038 0.857909322
vn 0 -0.391874224 0.920018852
vn 1 0 -1.15955381e-05
vn 1 -2.37350991e-06 0
vn 1 -7.62728996e-06 2.5645606e-05
vn -3.16350042e-06 1.15062376e-05 1
vn -3.11305212e-06 0.171076015 0.985257864
vn -3.08495487e-06 -0.218986616 0.975727916
vn -2.90757725e-06 -0.391859472 0.92002517
vn -1 1.29404998e-05 0
vn -1 -7.62728996e-06 2.54452443e-05
vn -1.3450412e-07 -1.265566e-07 1
vn 0 0.17107676 -0.985257685
vn -2.47260004e-06 -1 -6.63896844e-06
vn 1.88366997e-07 1 0
vn -1.88366997e-07 1 0
vn 0 1 -2.15776363e-05
vn 3.16260912e-06 -0.0244317539 -0.99970156
vn 3.11757253e-06 0.171076402 -0.985257745
vn 3.08858375e-06 -0.218986094 -0.975727975
vn 2.94515416e-06 0.360002816 -0.932951212
vn 8.2459843e-07 0.513801038 -0.857909322
vn 1 0 1.15955381e-05
vn 1 0 1.72548007e-05
vn 1 -1.59598994e-06 -9.68179884e-05
vn 1 0 -0.000108855238
vn 1 0 2.8494951e-06
vn -3.16350042e-06 1.15063049e-05 -1
vn -3.26769691e-06 0.171081543 -0.985256851
vn -3.08495419e-06 -0.218986094 -0.975727975
vn -2.90757725e-06 -0.391859472 -0.92002517
vn -1 8.27120948e-06 -4.93084372e-05
vn -1 0 -4.72627726e-05
vn -1 -6.07086986e-06 -2.98255836e-05
vn -1 0 -9.02151442e-05
vn -1 0 3.28721444e-06
vn 2.61366978e-07 -1 0
vn 3.62211995e-06 -1 0
vn 0 0.171075836 0.985257804
vn 3.16264254e-06 -0.0244317539 0.99970156
vn 3.11626081e-06 0.171076134 0.985257864
vn 3.08495419e-06 -0.218986094 0.975727975
vn 2.94991764e-06 0.360002816 0.932951212
vn 2.71625458e-06 0.513814032 0.857901573
vn 2.90757725e-06 -0.391859472 0.92002517
vn 1 0 0.000108855238
vn 1 -1.59598994e-06 9.68179884e-05
vn 1 0 -8.79622257e-06
vn 1 0 -1.72548007e-05
vn 1 3.09740994e-06 0
vn 1 0 1.97041791e-05
vn 1 0 -2.25190815e-05
vn 1 0 2.84744365e-05
vn 1 0 -3.32203017e-05
vn 1 0 -3.28721444e-06
vn -3.12079487e-06 0.171076402 0.985257745
vn -3.08858375e-06 -0.218986094 0.975727975
vn -1 -8.02668001e-06 2.29464531e-05
vn -1 -6.07086986e-06 3.72819813e-05
vn -1 0 4.2536376e-05
vn -1 8.27087024e-06 4.93981352e-05
vn -1 0 9.02151442e-05
vn -1 -2.37350991e-06 0
vn -1 0 3.32203017e-05
vn -1 0 -2.84744365e-05
vn -1 0 -2.8494951e-06
vn 0 0.171075433 -0.985257924
vn 1.08918994e-05 -1 0
vn 0 -1 4.29053507e-05
vn -1.07663e-05 -1 5.8395708e-05
vn 0.0131603982 0.999913394 0
vn 0.0131602185 0.999913394 0
vn -0.0131603982 0.999913394 0
vn -0.0131602185 0.999913394 0
vn 0 -2.47967762e-07 1

# Mesh 'AM3_Trunk_Detailed_HD_002-mesh' with 2221 faces
g AM3_Trunk_Detailed_HD_002-mesh
usemtl Black plastic
f  1//1 2//1 3//1
f  4//2 5//2 6//2
f  7//3 8//3 9//3
f  10//4 11//4 12//4
f  13//3 14//3 8//3
f  15//3 16//3 17//3
f  18//5 19//5 20//5
f  21//6 22//6 23//6
f  24//3 25//3 26//3
f  27//7 28//7 29//7
f  30//8 31//8 32//8
f  33//9 34//9 35//9
f  36//10 37//10 38//10
f  39//11 40//11 41//11
f  42//12 43//12 44//12
f  45//13 46//13 47//13
f  48//14 49//14 50//14
f  51//15 52//15 53//15
f  54//16 55//16 56//16
f  57//17 58//17 59//17
f  60//18 61//18 62//18
f  63//15 64//15 52//15
f  65//19 66//19 67//19
f  68//20 69//20 70//20
f  71//15 72//15 73//15
f  74//21 75//21 76//21
f  77//22 78//22 79//22
f  80//15 81//15 82//15
f  12//4 83//3 84//3
f  85//23 86//23 87//23
f  88//24 85//24 87//24
f  89//3 90//3 91//3
f  46//25 92//25 47//25
f  93//26 94//26 95//26
f  96//27 97//27 98//27
f  99//28 100//28 101//28
f  102//29 103//29 104//29
f  105//30 106//30 107//30
f  108//31 109//31 110//31
f  111//32 112//32 113//32
f  114//33 85//33 115//33
f  116//34 62//34 117//34
f  118//35 119//35 120//35
f  121//36 33//36 122//36
f  123//37 124//37 125//37
f  126//38 127//38 49//38
f  128//39 129//39 130//39
f  131//40 132//40 133//40
f  134//41 135//41 136//41
f  137//42 138//42 139//42
f  140//43 141//43 114//43
f  142//44 143//44 144//44
f  145//45 146//45 147//45
f  148//46 149//46 150//46
f  151//47 152//47 28//47
f  153//48 154//48 155//48
f  156//49 96//49 98//49
f  157//50 158//50 92//50
f  159//51 160//51 161//51
f  162//52 163//52 164//52
f  165//53 166//53 106//53
f  167//54 168//54 169//54
f  170//55 171//55 172//55
f  141//56 173//56 85//56
f  174//57 175//57 176//57
f  177//58 178//58 179//58
f  180//59 181//59 182//59
f  183//60 184//60 185//60
f  186//61 187//61 188//61
f  189//62 190//62 151//62
f  191//63 192//63 193//63
f  67//64 194//64 195//64
f  30//65 196//65 155//65
f  197//66 198//66 199//66
f  200//67 201//67 202//67
f  203//15 204//15 205//15
f  206//68 207//68 208//68
f  86//69 209//69 210//69
f  211//3 212//3 213//3
f  214//70 215//70 216//70
f  217//3 218//3 219//3
f  220//71 221//71 222//71
f  223//72 224//72 108//72
f  225//73 226//73 227//73
f  27//74 228//74 229//74
f  225//75 230//75 231//75
f  232//76 233//76 234//76
f  235//77 236//77 237//77
f  238//78 239//78 240//78
f  241//79 242//79 243//79
f  29//80 244//80 228//80
f  245//81 246//81 247//81
f  133//15 248//15 131//15
f  249//82 250//82 251//82
f  252//83 149//83 253//83
f  232//84 254//84 255//84
f  256//85 257//85 258//85
f  231//86 96//86 226//86
f  259//87 260//87 261//87
f  207//88 262//88 208//88
f  263//89 264//89 265//89
f  266//90 267//90 69//90
f  268//91 269//91 270//91
f  271//92 272//92 273//92
f  274//3 275//3 276//3
f  277//93 278//93 279//93
f  280//94 281//94 282//94
f  283//3 284//3 285//3
f  186//95 286//95 287//95
f  288//96 289//96 4//96
f  290//97 291//97 80//97
f  292//98 293//98 294//98
f  179//99 295//99 177//99
f  296//100 297//100 298//100
f  215//101 299//101 216//101
f  300//102 301//102 302//102
f  303//103 304//103 305//103
f  112//104 306//104 113//104
f  307//105 308//105 309//105
f  247//106 310//106 311//106
f  194//107 312//107 313//107
f  314//108 315//108 316//108
f  317//109 318//109 319//109
f  56//110 320//110 321//110
f  322//3 323//3 275//3
f  324//111 300//111 302//111
f  129//112 325//112 326//112
f  327//113 328//113 329//113
f  330//114 331//114 94//114
f  325//115 332//115 333//115
f  333//116 334//116 335//116
f  266//117 336//117 337//117
f  338//118 339//118 291//118
f  340//119 137//119 341//119
f  342//120 343//120 344//120
f  335//15 345//15 333//15
f  346//121 347//121 339//121
f  348//122 329//122 349//122
f  350//123 351//123 352//123
f  353//124 153//124 354//124
f  355//125 356//125 357//125
f  358//3 258//85 359//3
f  360//3 361//3 362//3
f  363//126 364//126 365//126
f  366//127 367//127 368//127
f  369//128 180//128 182//128
f  370//3 371//3 372//3
f  97//129 220//129 373//129
f  26//3 374//3 375//3
f  376//130 253//130 148//130
f  377//131 374//3 378//131
f  379//132 116//132 380//132
f  381//133 124//133 382//133
f  84//3 383//3 384//3
f  385//134 104//134 386//134
f  119//135 387//135 388//135
f  103//136 389//136 104//136
f  318//137 390//137 319//137
f  158//138 391//138 392//138
f  393//139 118//139 120//139
f  394//140 102//140 230//140
f  66//141 395//141 67//141
f  396//15 397//15 398//15
f  399//142 388//142 124//142
f  221//143 170//143 400//143
f  401//144 402//144 403//144
f  3//1 404//145 360//3
f  222//146 405//146 281//146
f  406//3 407//3 408//3
f  409//147 410//147 411//147
f  412//148 114//148 115//148
f  151//149 232//149 255//149
f  413//150 414//150 415//150
f  416//151 417//151 418//151
f  254//152 419//152 420//152
f  421//153 244//153 422//153
f  423//154 424//154 425//154
f  125//155 388//155 426//155
f  427//3 428//3 429//3
f  199//156 323//3 430//156
f  431//157 432//157 433//157
f  352//15 434//15 435//15
f  436//158 437//158 438//158
f  373//159 222//159 281//159
f  439//160 440//160 441//160
f  442//161 436//161 443//161
f  444//15 445//15 446//15
f  447//162 307//162 448//162
f  449//163 229//163 112//163
f  450//164 239//164 451//164
f  452//165 453//165 355//165
f  454//166 226//166 156//166
f  455//167 456//167 457//167
f  31//168 144//168 267//168
f  290//169 18//169 458//169
f  459//170 387//170 460//170
f  461//171 462//171 463//171
f  332//172 128//172 464//172
f  211//173 465//173 466//173
f  467//174 468//174 469//174
f  470//3 471//3 472//3
f  470//3 472//3 473//3
f  474//3 475//3 472//3
f  472//3 475//3 476//175
f  472//3 476//175 473//3
f  477//3 478//3 472//3
f  472//3 478//3 479//176
f  472//3 479//176 474//3
f  480//3 481//3 472//3
f  472//3 481//3 482//177
f  472//3 482//177 477//3
f  483//3 484//3 472//3
f  472//3 484//3 485//3
f  472//3 485//3 480//3
f  486//3 487//3 472//3
f  472//3 487//3 488//3
f  472//3 488//3 483//3
f  489//178 490//178 472//3
f  472//3 490//179 491//179
f  472//3 491//179 486//3
f  492//3 493//3 472//3
f  472//3 493//3 494//180
f  472//3 494//181 489//181
f  495//3 496//3 472//3
f  472//3 496//3 497//3
f  472//3 497//3 492//3
f  498//182 499//182 472//3
f  472//3 499//183 500//183
f  472//3 500//183 495//3
f  501//3 502//3 472//3
f  472//3 502//3 503//184
f  472//3 503//185 498//185
f  504//3 505//3 472//3
f  472//3 505//3 506//3
f  472//3 506//3 501//3
f  507//186 508//186 472//3
f  472//3 508//186 509//3
f  472//3 509//3 504//3
f  510//3 511//3 472//3
f  472//3 511//3 512//187
f  472//3 512//187 507//186
f  513//3 514//3 472//3
f  472//3 514//3 515//188
f  472//3 515//189 510//3
f  471//3 516//3 472//3
f  472//3 516//3 517//190
f  472//3 517//190 513//3
f  278//191 518//191 519//191
f  278//192 519//192 279//192
f  520//193 279//193 519//193
f  521//194 520//194 519//194
f  301//195 521//195 519//195
f  302//196 301//196 519//196
f  324//197 302//197 519//197
f  138//198 324//198 519//198
f  139//199 138//199 519//199
f  522//200 139//200 519//200
f  523//201 522//201 519//201
f  524//202 523//202 519//202
f  525//203 524//203 519//203
f  526//204 525//204 519//204
f  527//205 526//205 519//205
f  422//206 527//206 519//206
f  421//207 422//207 519//207
f  306//208 421//208 519//208
f  113//209 306//209 519//209
f  111//210 113//210 519//210
f  528//211 111//211 519//211
f  109//212 528//212 519//212
f  110//213 109//213 519//213
f  529//214 110//214 519//214
f  530//215 529//215 519//215
f  531//216 530//216 519//216
f  310//217 531//217 519//217
f  311//218 310//218 519//218
f  305//219 311//219 519//219
f  303//220 305//220 519//220
f  532//221 303//221 519//221
f  533//222 532//222 519//222
f  534//223 533//223 519//223
f  535//224 534//224 519//224
f  536//225 535//225 519//225
f  537//226 536//226 519//226
f  538//227 537//227 519//227
f  539//228 538//228 519//228
f  540//229 539//229 519//229
f  541//230 540//230 519//230
f  542//231 541//231 519//231
f  543//232 542//232 519//232
f  544//233 543//233 519//233
f  545//234 544//234 519//234
f  546//235 545//235 519//235
f  547//236 546//236 519//236
f  313//237 547//237 519//237
f  194//238 313//238 519//238
f  195//239 194//239 519//239
f  548//240 195//240 519//240
f  549//241 548//241 519//241
f  441//242 549//242 519//242
f  439//243 441//243 519//243
f  550//244 439//244 519//244
f  551//245 550//245 519//245
f  552//246 551//246 519//246
f  309//247 552//247 519//247
f  307//248 309//248 519//248
f  448//249 307//249 519//249
f  553//250 448//250 519//250
f  554//251 553//251 519//251
f  555//252 554//252 519//252
f  556//253 555//253 519//253
f  557//254 556//254 519//254
f  518//255 557//255 519//255
f  558//256 559//256 560//256
f  561//257 203//257 562//257
f  563//258 298//258 203//258
f  168//259 366//259 169//259
f  316//260 564//260 565//260
f  336//261 566//261 567//261
f  568//262 569//262 314//262
f  321//263 570//263 571//263
f  572//264 573//264 574//264
f  368//265 575//265 576//265
f  19//266 82//266 390//266
f  462//267 36//267 38//267
f  32//268 266//268 337//268
f  577//269 558//269 299//269
f  566//270 578//270 567//270
f  560//271 579//271 54//271
f  580//272 95//272 146//272
f  574//273 145//273 147//273
f  581//274 80//274 82//274
f  570//275 38//275 571//275
f  335//276 582//276 572//276
f  583//277 349//277 36//277
f  584//278 179//278 578//278
f  328//279 140//279 350//279
f  352//280 363//280 365//280
f  585//281 326//281 364//281
f  586//282 562//282 346//282
f  565//283 587//283 131//283
f  588//284 317//284 331//284
f  576//285 589//285 568//285
f  590//286 214//286 591//286
f  363//287 592//287 459//287
f  353//288 593//288 594//288
f  348//289 461//289 595//289
f  596//290 597//290 598//290
f  599//291 320//291 394//291
f  577//292 171//292 600//292
f  601//293 367//293 456//293
f  463//294 570//294 599//294
f  602//295 315//295 57//295
f  603//296 604//296 605//296
f  330//297 606//297 60//297
f  587//298 602//298 607//298
f  582//299 608//299 609//299
f  610//300 589//300 611//300
f  410//301 330//301 60//301
f  367//302 612//302 456//302
f  613//303 614//303 612//303
f  614//304 615//304 616//304
f  617//305 295//305 431//305
f  431//306 603//306 605//306
f  315//307 610//307 57//307
f  618//308 68//308 70//308
f  327//309 595//309 619//309
f  130//310 585//310 460//310
f  132//311 607//311 620//311
f  621//312 561//312 622//312
f  561//313 623//313 622//313
f  20//314 318//314 160//314
f  143//315 624//315 625//315
f  160//316 409//316 411//316
f  145//317 626//317 627//317
f  597//318 600//318 598//318
f  625//319 353//319 594//319
f  608//320 332//320 464//320
f  363//321 460//321 585//321
f  459//322 412//322 628//322
f  629//323 144//323 630//323
f  631//324 463//324 632//324
f  632//325 599//325 633//325
f  233//326 20//326 159//326
f  634//327 635//327 201//327
f  171//328 636//328 172//328
f  637//329 191//329 636//329
f  191//330 620//330 638//330
f  638//331 607//331 639//331
f  69//332 629//332 640//332
f  610//333 641//333 58//333
f  642//334 431//334 433//334
f  594//335 643//335 644//335
f  645//336 616//336 646//336
f  595//337 631//337 647//337
f  626//338 648//338 78//338
f  607//339 649//339 639//339
f  650//340 464//340 651//340
f  652//341 621//341 401//341
f  618//342 653//342 654//342
f  612//343 645//343 423//343
f  604//344 654//344 655//344
f  401//345 622//345 656//345
f  653//346 69//346 640//346
f  657//347 594//347 644//347
f  616//348 642//348 646//348
f  144//349 658//349 630//349
f  61//350 659//350 75//350
f  130//351 387//351 660//351
f  623//352 202//352 661//352
f  643//353 662//353 652//353
f  633//354 394//354 230//354
f  379//355 410//355 663//355
f  649//356 57//356 59//356
f  659//357 664//357 75//357
f  658//358 625//358 657//358
f  648//359 608//359 650//359
f  635//360 18//360 233//360
f  118//361 130//361 660//361
f  627//362 78//362 664//362
f  432//363 604//363 655//363
f  426//364 412//364 249//364
f  161//365 380//365 665//365
f  402//366 661//366 666//366
f  259//367 632//367 667//367
f  75//368 77//368 76//368
f  230//369 385//369 231//369
f  104//370 668//370 386//370
f  252//371 457//371 669//371
f  646//372 670//372 671//372
f  636//373 193//373 672//373
f  159//374 665//374 419//374
f  652//375 403//375 673//375
f  192//376 639//376 674//376
f  649//377 675//377 676//377
f  675//378 58//378 677//378
f  677//379 641//379 678//379
f  669//380 423//380 425//380
f  639//381 676//381 674//381
f  78//382 679//382 79//382
f  412//383 88//383 249//383
f  202//384 190//384 680//384
f  413//385 432//385 681//385
f  682//386 657//386 683//386
f  207//387 652//387 673//387
f  630//388 682//388 684//388
f  668//389 685//389 221//389
f  681//390 655//390 686//390
f  190//391 635//391 232//391
f  670//392 433//392 413//392
f  648//393 687//393 679//393
f  62//394 74//394 117//394
f  657//395 688//395 683//395
f  426//396 387//396 628//396
f  87//397 210//397 689//397
f  686//398 690//398 163//398
f  149//399 425//399 99//399
f  385//400 691//400 96//400
f  380//401 692//401 693//401
f  221//402 694//402 222//402
f  46//403 695//403 157//403
f  414//404 686//404 163//404
f  696//405 675//405 697//405
f  675//406 698//406 697//406
f  293//407 119//407 399//407
f  424//408 699//408 700//408
f  699//409 670//409 34//409
f  670//410 415//410 34//410
f  125//411 249//411 251//411
f  420//412 665//412 701//412
f  402//413 165//413 105//413
f  386//414 220//414 691//414
f  677//415 702//415 698//415
f  667//416 227//416 260//416
f  683//417 206//417 288//417
f  703//418 402//418 105//418
f  704//419 76//419 48//419
f  48//420 77//420 126//420
f  705//421 679//421 706//421
f  400//422 707//422 694//422
f  126//423 79//423 705//423
f  425//424 700//424 99//424
f  708//425 193//425 453//425
f  709//426 292//426 710//426
f  711//427 689//427 712//427
f  689//428 713//428 712//428
f  420//429 714//429 715//429
f  716//430 227//430 454//430
f  392//431 288//431 4//431
f  357//432 717//432 718//432
f  405//433 707//433 719//433
f  719//434 708//434 452//434
f  720//435 697//435 721//435
f  697//436 722//436 721//436
f  261//437 716//437 723//437
f  698//438 376//438 722//438
f  415//439 162//439 724//439
f  150//440 99//440 101//440
f  700//441 33//441 100//441
f  35//442 415//442 724//442
f  187//443 105//443 107//443
f  127//444 706//444 725//444
f  690//445 45//445 726//445
f  293//446 381//446 294//446
f  44//447 704//447 727//447
f  206//448 728//448 289//448
f  729//449 703//449 187//449
f  251//450 711//450 730//450
f  208//451 729//451 728//451
f  714//452 693//452 731//452
f  693//453 42//453 731//453
f  164//454 690//454 726//454
f  704//455 50//455 727//455
f  732//456 261//456 723//456
f  254//457 715//457 733//457
f  706//458 710//458 725//458
f  451//459 730//459 734//459
f  730//460 735//460 734//460
f  735//461 712//461 241//461
f  241//462 713//462 736//462
f  713//463 737//463 736//463
f  245//464 158//464 738//464
f  739//465 292//465 740//465
f  716//466 741//466 742//466
f  741//467 156//467 743//467
f  156//468 744//468 743//468
f  745//469 725//469 746//469
f  747//470 714//470 748//470
f  47//471 245//471 749//471
f  355//472 750//472 751//472
f  376//473 752//473 753//473
f  754//474 733//474 755//474
f  720//475 756//475 757//475
f  756//476 722//476 758//476
f  722//477 753//477 758//477
f  725//478 739//478 746//478
f  759//479 101//479 760//479
f  755//480 715//480 747//480
f  33//481 761//481 122//481
f  292//482 762//482 740//482
f  761//483 724//483 763//483
f  724//484 764//484 763//484
f  764//485 164//485 442//485
f  187//486 765//486 188//486
f  42//487 340//487 766//487
f  405//488 66//488 767//488
f  50//489 236//489 768//489
f  732//490 769//490 737//490
f  451//491 382//491 123//491
f  449//492 166//492 27//492
f  148//493 759//493 752//493
f  748//494 731//494 180//494
f  760//495 100//495 121//495
f  340//496 727//496 770//496
f  437//497 47//497 749//497
f  224//498 729//498 186//498
f  158//499 771//499 738//499
f  392//500 6//500 771//500
f  726//501 437//501 772//501
f  164//502 772//502 442//502
f  773//503 382//503 239//503
f  450//504 734//504 774//504
f  734//505 775//505 774//505
f  736//506 447//506 242//506
f  776//507 742//507 308//507
f  308//508 741//508 777//508
f  741//509 778//509 777//509
f  743//510 779//510 778//510
f  188//511 780//511 286//511
f  780//512 449//512 112//512
f  282//513 65//513 781//513
f  744//514 782//514 779//514
f  312//515 750//515 183//515
f  757//516 783//516 784//516
f  783//517 758//517 785//517
f  785//518 753//518 786//518
f  786//519 752//519 787//519
f  752//520 788//520 787//520
f  788//521 760//521 789//521
f  789//522 121//522 790//522
f  791//523 761//523 792//523
f  761//524 793//524 792//524
f  763//525 794//525 793//525
f  764//526 443//526 794//526
f  121//527 791//527 790//527
f  755//528 795//528 796//528
f  438//529 749//529 304//529
f  244//530 755//530 796//530
f  775//531 241//531 243//531
f  137//532 768//532 235//532
f  6//533 223//533 797//533
f  762//534 238//534 277//534
f  185//535 757//535 784//535
f  395//536 751//536 312//536
f  747//537 369//537 795//537
f  798//538 739//538 799//538
f  800//539 762//539 277//539
f  557//540 774//540 556//540
f  305//541 247//541 311//541
f  243//542 553//542 554//542
f  546//543 784//543 545//543
f  308//544 552//544 309//544
f  547//545 185//545 546//545
f  550//546 782//546 439//546
f  555//547 243//547 554//547
f  774//548 555//548 556//548
f  801//549 530//549 531//549
f  312//550 547//550 313//550
f  138//551 237//551 324//551
f  784//552 544//552 545//552
f  783//553 543//553 544//553
f  443//554 532//554 533//554
f  542//555 787//555 541//555
f  541//556 788//556 540//556
f  788//557 539//557 540//557
f  539//558 790//558 538//558
f  790//559 537//559 538//559
f  537//560 792//560 536//560
f  792//561 535//561 536//561
f  793//562 534//562 535//562
f  794//563 533//563 534//563
f  551//564 779//564 550//564
f  532//565 438//565 303//565
f  520//566 277//566 279//566
f  287//567 528//567 109//567
f  229//568 421//568 306//568
f  223//569 110//569 529//569
f  799//570 520//570 521//570
f  796//571 526//571 527//571
f  543//572 786//572 542//572
f  244//573 527//573 422//573
f  341//574 139//574 522//574
f  528//575 780//575 111//575
f  181//576 522//576 523//576
f  526//577 369//577 525//577
f  557//578 240//578 450//578
f  525//579 182//579 524//579
f  781//580 548//580 549//580
f  301//581 799//581 521//581
f  38//10 802//15 571//15
f  214//582 803//582 467//582
f  804//583 80//15 291//583
f  565//584 248//15 805//584
f  806//585 346//585 205//15
f  578//15 178//58 807//15
f  808//586 146//586 95//586
f  56//587 809//587 54//587
f  558//15 810//15 811//15
f  812//588 317//588 319//588
f  346//585 562//15 205//15
f  205//15 562//15 203//15
f  314//15 813//15 568//15
f  814//589 297//589 354//589
f  814//590 354//590 815//590
f  815//590 354//590 153//15
f  167//15 816//15 817//15
f  818//15 30//65 32//15
f  807//15 567//15 578//15
f  337//15 819//15 820//15
f  32//15 820//15 818//15
f  364//15 434//15 365//15
f  821//15 364//15 326//15
f  821//591 326//591 822//591
f  822//15 326//15 325//15
f  328//592 823//592 329//592
f  349//15 823//592 824//15
f  825//15 335//15 572//15
f  817//15 826//15 167//15
f  153//15 196//65 815//590
f  827//15 366//15 828//15
f  366//15 368//15 828//15
f  828//593 368//593 576//593
f  297//15 204//15 298//15
f  829//15 314//15 316//15
f  829//594 316//594 805//594
f  805//584 316//15 565//584
f  291//583 347//595 804//583
f  331//15 830//15 94//15
f  831//596 133//15 832//596
f  833//597 56//597 321//597
f  572//15 834//15 825//15
f  467//582 591//598 214//582
f  319//599 835//599 812//599
f  811//15 299//600 558//15
f  824//15 36//10 349//15
f  836//15 328//592 435//15
f  435//601 328//601 350//601
f  435//15 350//15 352//15
f  837//602 803//602 811//602
f  838//603 811//603 810//603
f  839//604 810//604 809//604
f  840//605 809//605 833//605
f  841//606 833//606 802//606
f  842//607 802//607 37//607
f  843//608 37//608 824//608
f  844//609 824//609 823//609
f  845//610 823//610 836//610
f  846//611 836//611 435//611
f  64//612 435//612 434//612
f  52//613 434//613 821//613
f  53//614 821//614 822//614
f  847//615 822//615 345//615
f  848//616 345//616 825//616
f  849//617 825//617 834//617
f  445//618 834//618 850//618
f  851//619 850//619 808//619
f  852//620 808//620 830//620
f  853//621 830//621 854//621
f  855//622 854//622 812//622
f  72//623 812//623 835//623
f  856//624 835//624 81//624
f  417//625 81//625 804//625
f  418//626 804//626 347//626
f  857//627 347//627 806//627
f  858//628 806//628 205//628
f  269//629 205//629 204//629
f  135//630 204//630 814//630
f  136//631 814//631 815//631
f  397//632 815//632 196//632
f  398//633 196//633 818//633
f  859//634 818//634 820//634
f  860//635 820//635 819//635
f  861//636 819//636 807//636
f  862//637 807//637 178//637
f  863//638 178//638 864//638
f  865//639 864//639 817//639
f  866//640 817//640 816//640
f  867//641 816//641 827//641
f  868//642 827//642 828//642
f  869//643 828//643 813//643
f  175//644 813//644 829//644
f  176//645 829//645 805//645
f  870//646 805//646 248//646
f  40//647 248//647 831//647
f  469//648 831//648 467//648
f  871//649 362//649 872//649
f  873//650 845//650 874//650
f  874//650 846//651 875//651
f  875//651 64//15 876//15
f  877//15 843//15 844//15
f  878//652 842//652 843//15
f  879//653 445//15 851//653
f  880//654 136//41 397//15
f  881//15 863//15 865//15
f  844//15 873//650 877//15
f  882//15 848//15 883//15
f  883//15 849//15 444//15
f  884//15 858//15 268//15
f  885//655 469//655 468//655
f  886//15 867//15 887//15
f  888//15 866//15 886//15
f  847//15 882//15 889//15
f  857//15 884//15 890//15
f  891//656 855//656 71//656
f  892//657 851//653 852//657
f  41//15 469//655 871//15
f  893//658 837//658 838//658
f  853//15 891//15 894//15
f  895//659 859//659 896//659
f  896//659 860//660 897//660
f  897//660 861//15 898//15
f  899//15 468//655 837//658
f  894//15 852//657 853//15
f  398//15 895//659 396//15
f  838//658 900//15 893//658
f  901//661 870//661 39//661
f  73//15 856//15 902//15
f  903//662 856//15 417//151
f  889//15 53//15 847//15
f  176//57 901//15 174//57
f  900//663 839//663 904//663
f  905//15 862//15 863//15
f  906//15 841//15 907//15
f  904//15 840//15 906//15
f  890//15 418//151 857//15
f  865//15 888//15 881//15
f  360//664 885//664 899//664
f  3//665 899//665 893//665
f  1//666 893//666 900//666
f  908//667 900//667 904//667
f  909//668 904//668 906//668
f  910//669 906//669 907//669
f  911//670 907//670 912//670
f  913//671 912//671 878//671
f  914//672 878//672 877//672
f  915//673 877//673 873//673
f  916//674 873//674 874//674
f  917//675 874//675 875//675
f  918//676 875//676 876//676
f  919//677 876//677 63//677
f  920//678 63//678 51//678
f  921//679 51//679 889//679
f  922//680 889//680 882//680
f  923//681 882//681 883//681
f  924//682 883//682 444//682
f  925//683 444//683 446//683
f  926//684 446//684 879//684
f  927//685 879//685 892//685
f  928//686 892//686 894//686
f  929//687 894//687 891//687
f  930//688 891//688 71//688
f  931//689 71//689 73//689
f  932//690 73//690 902//690
f  933//691 902//691 903//691
f  934//692 903//692 416//692
f  935//693 416//693 890//693
f  936//694 890//694 884//694
f  937//695 884//695 268//695
f  938//696 268//696 270//696
f  939//697 270//697 940//697
f  941//698 940//698 134//698
f  942//699 134//699 880//699
f  943//700 880//700 396//700
f  944//701 396//701 895//701
f  945//702 895//702 896//702
f  946//703 896//703 897//703
f  947//704 897//704 898//704
f  948//705 898//705 949//705
f  950//706 949//706 905//706
f  951//707 905//707 881//707
f  952//708 881//708 888//708
f  953//709 888//709 886//709
f  217//710 886//710 887//710
f  954//711 887//711 465//711
f  955//712 466//712 956//712
f  957//713 958//713 959//713
f  960//714 956//714 174//714
f  961//715 174//715 901//715
f  358//716 901//716 39//716
f  256//717 39//717 41//717
f  872//718 41//718 871//718
f  257//719 962//719 963//719
f  927//720 928//720 964//720
f  964//720 928//720 929//3
f  964//720 929//3 965//721
f  965//722 929//722 930//722
f  965//723 930//723 966//723
f  966//724 930//722 931//724
f  966//723 931//725 967//725
f  967//725 931//725 932//3
f  967//725 932//3 968//3
f  968//3 932//3 933//3
f  968//3 933//3 969//3
f  969//726 933//726 934//726
f  969//727 934//727 970//727
f  970//728 934//726 935//728
f  970//3 935//3 971//3
f  971//3 935//3 936//3
f  971//3 936//3 972//3
f  972//3 936//3 937//3
f  972//729 937//729 973//729
f  973//3 937//3 938//3
f  973//3 938//3 974//3
f  974//3 938//3 939//3
f  974//3 939//3 975//3
f  975//3 939//3 941//3
f  975//730 941//730 976//730
f  976//731 941//731 942//731
f  976//732 942//732 977//732
f  977//3 942//3 943//3
f  977//732 943//733 978//733
f  978//3 943//3 944//3
f  978//734 944//734 979//734
f  979//3 944//3 945//3
f  979//735 945//735 980//735
f  980//736 945//736 946//736
f  980//737 946//737 981//737
f  981//3 946//3 947//3
f  981//3 947//3 982//3
f  982//3 947//3 948//3
f  982//3 948//3 983//3
f  983//3 948//3 950//3
f  983//738 950//738 984//738
f  984//3 950//3 951//3
f  984//739 951//739 985//739
f  985//740 951//740 952//740
f  985//3 952//3 986//3
f  986//3 952//3 953//3
f  986//3 953//3 219//3
f  219//741 953//741 217//741
f  987//3 911//3 988//3
f  988//3 911//3 913//3
f  988//3 913//3 989//3
f  989//3 913//3 914//3
f  989//742 914//742 990//742
f  990//3 914//3 915//3
f  990//3 915//3 991//3
f  991//743 915//743 916//743
f  991//744 916//744 992//744
f  992//745 916//743 917//745
f  992//744 917//746 993//746
f  993//747 917//745 918//747
f  993//3 918//3 994//3
f  994//3 918//3 919//3
f  994//3 919//3 995//3
f  995//3 919//3 920//3
f  995//3 920//3 996//3
f  996//748 920//748 921//748
f  996//749 921//749 997//749
f  997//3 921//3 922//3
f  997//3 922//3 998//3
f  998//750 922//750 923//750
f  998//3 923//3 999//3
f  999//3 923//3 924//3
f  999//3 924//3 1000//3
f  1000//751 924//751 925//751
f  1000//3 925//3 1001//3
f  1001//3 925//3 926//3
f  1001//3 926//3 1002//3
f  1002//752 926//752 927//752
f  1002//3 927//720 964//720
f  1003//753 361//753 404//753
f  1004//754 404//754 2//754
f  1005//755 2//755 1006//755
f  1007//756 1006//756 1008//756
f  1009//757 1008//757 958//757
f  1010//758 959//758 987//758
f  1011//759 999//759 1000//759
f  1012//760 987//760 988//760
f  1013//761 988//761 989//761
f  1014//762 989//762 990//762
f  1015//763 990//763 991//763
f  1016//764 991//764 992//764
f  1017//765 992//765 993//765
f  1018//766 993//766 994//766
f  1019//767 994//767 995//767
f  1020//768 995//768 996//768
f  1021//769 996//769 997//769
f  1022//770 997//770 998//770
f  1023//771 998//771 999//771
f  1024//772 1000//772 1001//772
f  1025//773 1002//773 964//773
f  1026//774 1001//774 1002//774
f  1027//775 964//775 965//775
f  1028//776 970//776 971//776
f  1029//777 965//777 966//777
f  1030//778 966//778 967//778
f  1031//779 967//779 968//779
f  1032//780 968//780 969//780
f  1033//781 969//781 970//781
f  1034//782 971//782 972//782
f  1035//783 974//783 975//783
f  1036//784 972//784 973//784
f  1037//785 973//785 974//785
f  1038//786 975//786 976//786
f  1039//787 218//787 213//787
f  1040//788 976//788 977//788
f  1041//789 977//789 978//789
f  1042//790 978//790 979//790
f  1043//791 979//791 980//791
f  1044//792 980//792 981//792
f  1045//793 981//793 982//793
f  1046//794 982//794 983//794
f  1047//795 983//795 984//795
f  1048//796 984//796 985//796
f  1049//797 985//797 986//797
f  1050//798 986//798 219//798
f  1051//799 219//799 218//799
f  1052//800 213//800 212//800
f  1053//801 212//801 1054//801
f  1055//802 1054//802 1056//802
f  1057//803 1056//803 359//803
f  1058//804 359//804 258//804
f  963//805 258//805 257//805
f  955//806 1054//806 212//806
f  960//3 1056//3 1054//3
f  909//3 1008//3 908//3
f  911//807 959//807 910//807
f  428//808 1059//808 1060//808
f  1061//809 26//809 375//809
f  24//810 1062//810 1063//810
f  1064//811 1063//811 1065//811
f  1066//812 1065//812 1067//812
f  1068//813 1067//813 1069//813
f  1070//814 1069//814 1071//814
f  1072//815 1071//815 1059//815
f  1073//816 1060//816 1074//816
f  199//817 1075//817 1076//817
f  1077//818 1074//818 1078//818
f  370//819 1078//819 1079//819
f  1080//820 1079//820 1081//820
f  283//821 1081//821 1082//821
f  1083//822 1082//822 1084//822
f  274//823 1084//823 1085//823
f  322//824 1085//824 1086//824
f  430//825 1086//825 1075//825
f  197//826 1076//826 1087//826
f  408//827 1088//827 1089//827
f  23//828 1087//828 1090//828
f  21//829 1090//829 1091//829
f  1092//830 1091//830 1093//830
f  1094//831 1093//831 1088//831
f  406//832 1089//832 1095//832
f  1096//833 1097//833 1098//833
f  271//834 1095//834 1097//834
f  1099//835 1098//835 1100//835
f  1101//836 1102//836 1103//836
f  15//837 1100//837 1104//837
f  1105//838 1104//838 1106//838
f  1107//839 1106//839 1108//839
f  263//840 1108//840 1102//840
f  384//841 1103//841 1109//841
f  89//842 1110//842 1111//842
f  84//843 1109//843 1112//843
f  12//844 1112//844 1113//844
f  10//845 1113//845 1114//845
f  1115//846 1114//846 1116//846
f  344//847 1116//847 1117//847
f  342//848 1117//848 1118//848
f  1119//849 1118//849 1120//849
f  1121//850 1120//850 1110//850
f  1122//851 1111//851 1123//851
f  478//852 91//852 90//852
f  1124//853 1123//853 1125//853
f  7//854 1125//854 1126//854
f  13//855 1126//855 1127//855
f  1128//856 1127//856 1129//856
f  377//857 1129//857 1130//857
f  375//858 1130//858 1061//858
f  374//859 471//859 470//859
f  408//3 1131//860 1094//860
f  23//861 1132//861 197//66
f  1083//3 276//3 284//3
f  1077//862 372//3 1133//862
f  1121//3 91//3 1134//3
f  429//3 428//3 1073//3
f  1119//863 1135//863 342//120
f  325//15 345//15 822//15
f  1096//864 1136//864 272//92
f  273//865 406//3 271//865
f  1134//3 1119//863 1121//3
f  1072//3 1137//3 1070//3
f  1068//3 1138//3 1066//3
f  516//866 25//866 1139//866
f  517//867 1139//867 1140//867
f  513//868 1140//868 1138//868
f  514//869 1138//869 1141//869
f  515//870 1141//870 1137//870
f  510//871 1137//871 427//871
f  511//872 427//872 429//872
f  512//873 429//873 1133//873
f  507//874 1133//874 372//874
f  508//875 372//875 371//875
f  509//876 371//876 285//876
f  504//877 285//877 284//877
f  505//878 284//878 276//878
f  506//879 276//879 275//879
f  501//880 275//880 323//880
f  502//881 323//881 198//881
f  503//882 198//882 1132//882
f  498//883 1132//883 22//883
f  499//884 22//884 1142//884
f  500//885 1142//885 1143//885
f  495//886 1143//886 1131//886
f  496//887 1131//887 407//887
f  497//779 407//779 273//779
f  492//888 273//888 272//888
f  493//889 272//889 1136//889
f  494//890 1136//890 17//890
f  489//891 17//891 16//891
f  490//892 16//892 1144//892
f  491//893 1144//893 265//893
f  486//894 265//894 264//894
f  487//895 264//895 383//895
f  488//896 383//896 83//896
f  483//897 83//897 11//897
f  484//898 11//898 1145//898
f  485//899 1145//899 1146//899
f  480//900 1146//900 343//900
f  481//901 343//901 1135//901
f  482//902 1135//902 1134//902
f  477//903 1134//903 91//903
f  479//904 90//904 1147//904
f  474//905 1147//905 9//905
f  475//906 9//906 8//906
f  476//907 8//907 14//907
f  473//908 14//908 378//908
f  470//909 378//909 374//909
f  695//910 1148//910 157//910
f  707//911 672//911 708//911
f  43//912 74//912 704//912
f  702//913 252//913 253//913
f  88//914 689//914 250//914
f  299//600 803//582 216//15
f  709//915 393//915 1149//915
f  961//3 359//3 1056//3
f  146//586 850//15 147//15
f  666//916 189//916 165//916
f  713//917 209//917 732//917
f  580//918 627//918 659//918
f  296//919 621//919 662//919
f  799//920 740//920 800//920
f  745//921 798//921 300//921
f  123//922 251//922 730//922
f  5//923 728//923 224//923
f  766//924 341//924 181//924
f  718//925 757//925 184//925
f  1150//926 1151//926 46//926
f  154//927 30//927 155//927
f  949//15 861//15 862//15
f  424//928 646//928 671//928
f  619//929 647//929 173//929
f  632//930 225//930 667//930
f  655//931 1152//931 686//931
f  1128//932 378//932 14//3
f  1122//3 1147//3 90//3
f  1092//933 1142//933 21//933
f  687//934 651//934 393//934
f  366//15 816//15 169//15
f  321//597 802//15 833//597
f  1153//935 636//935 672//935
f  1124//3 9//3 1147//3
f  1154//936 579//936 103//936
f  456//937 423//937 457//937
f  1155//938 662//938 593//938
f  1115//3 1145//3 10//4
f  598//939 170//939 685//939
f  579//940 596//940 103//940
f  1156//941 167//941 826//941
f  887//15 868//15 465//15
f  634//942 290//942 458//942
f  440//943 282//943 781//943
f  182//944 523//944 524//944
f  161//945 411//945 379//945
f  782//946 280//946 440//946
f  1099//947 17//3 1136//947
f  95//586 830//948 808//586
f  908//3 1006//949 1//1
f  574//950 850//950 834//950
f  362//3 257//85 872//3
f  954//3 213//3 218//3
f  910//3 958//3 909//3
f  832//596 467//582 831//596
f  641//951 252//951 678//951
f  765//952 106//952 449//952
f  173//953 1157//953 86//953
f  215//954 637//954 171//954
f  654//955 1158//955 1152//955
f  29//956 152//956 754//956
f  246//957 771//957 801//957
f  731//958 766//958 180//958
f  452//959 751//959 1159//959
f  236//960 127//960 745//960
f  653//961 1151//961 1158//961
f  611//962 455//962 641//962
f  1157//963 631//963 259//963
f  640//964 695//964 1151//964
f  695//965 630//965 684//965
f  192//966 717//966 356//966
f  1149//967 120//967 293//967
f  1107//968 265//968 1144//968
f  567//15 819//15 336//969
f  391//970 683//970 288//970
f  596//971 685//971 389//971
f  770//972 50//972 768//972
f  771//973 797//973 801//973
f  304//974 245//974 247//974
f  1160//975 620//975 1161//975
f  1080//3 285//3 371//3
f  189//976 28//976 166//976
f  719//977 1159//977 66//977
f  466//978 868//15 869//978
f  622//979 661//979 656//979
f  209//980 259//980 261//980
f  592//981 140//981 114//981
f  777//982 551//982 552//982
f  723//983 742//983 769//983
f  255//984 733//984 152//984
f  718//985 696//985 720//985
f  666//986 202//986 680//986
f  440//987 549//987 441//987
f  530//988 223//988 529//988
f  270//989 135//41 940//989
f  133//990 1160//990 832//990
f  1094//860 1143//3 1092//933
f  1162//991 346//991 339//991
f  400//992 172//992 1153//992
f  956//993 869//978 175//57
f  576//593 813//994 828//593
f  320//995 1154//995 394//995
f  295//996 826//996 177//996
f  573//997 609//997 626//997
f  679//998 709//998 706//998
f  701//999 380//999 693//999
f  344//120 1146//1000 1115//3
f  1148//1001 682//1001 391//1001
f  262//1002 403//1002 703//1002
f  560//15 809//15 810//15
f  623//1003 1162//1003 200//1003
f  611//1004 575//1004 601//1004
f  644//1005 207//1005 688//1005
f  717//1006 676//1006 696//1006
f  281//1007 767//1007 282//1007
f  294//1008 773//1008 762//1008
f  98//1009 1163//1009 744//1009
f  737//1010 776//1010 447//1010
f  692//1011 117//1011 43//1011
f  663//1012 60//1012 62//1012
f  234//1013 159//1013 419//1013
f  584//1014 618//1014 604//1014
f  1066//3 1140//3 1064//3
f  1155//1015 354//1015 297//1015
f  1070//3 1141//3 1068//3
f  1163//1016 373//1016 280//1016
f  236//1017 300//1017 237//1017
f  826//15 864//15 177//58
f  606//1018 580//1018 659//1018
f  384//3 264//89 1101//1019
f  553//1020 447//1020 448//1020
f  616//1021 1156//1021 617//1021
f  141//1022 327//1022 619//1022
f  193//1023 356//1023 453//1023
f  1152//1024 1150//1024 690//1024
f  548//1025 67//1025 195//1025
f  82//15 835//599 390//15
f  224//1026 287//1026 108//1026
f  310//1027 801//1027 531//1027
f  357//1028 184//1028 750//1028
f  200//1029 338//1029 634//1029
f  912//15 841//15 842//652
f  1073//3 1133//862 429//3
f  591//1030 1160//1030 590//1030
f  1064//3 1139//3 24//3
f  317//588 854//15 331//15
f  637//1031 1160//1031 1161//1031
f  1105//3 1144//968 16//3
f  464//1032 118//1032 651//1032
f  278//1033 240//1033 518//1033
f  1//1 1006//949 2//1
f  4//1034 289//1034 5//1034
f  7//3 13//3 8//3
f  10//4 1145//3 11//4
f  13//3 1128//932 14//3
f  15//3 1105//3 16//3
f  18//1035 581//1035 19//1035
f  21//933 1142//933 22//6
f  24//3 1139//3 25//3
f  27//1036 166//1036 28//1036
f  30//8 142//1037 31//8
f  33//1038 699//1038 34//1038
f  36//10 824//15 37//10
f  39//15 870//15 40//15
f  42//1039 692//1039 43//1039
f  45//1040 1150//1040 46//1040
f  48//14 126//1041 49//14
f  51//15 63//15 52//15
f  54//16 579//1042 55//16
f  57//1043 610//1043 58//1043
f  60//1044 606//1044 61//1044
f  63//15 876//15 64//15
f  65//1045 767//1045 66//1045
f  68//1046 266//1046 69//1046
f  71//15 855//1047 72//15
f  74//1048 61//1048 75//1048
f  77//22 664//1049 78//22
f  80//15 804//583 81//15
f  12//4 11//4 83//3
f  85//1050 173//1050 86//1050
f  88//1051 115//1051 85//1051
f  89//3 1122//3 90//3
f  46//1052 157//1052 92//1052
f  93//26 330//1053 94//26
f  96//27 691//1054 97//27
f  99//1055 700//1055 100//1055
f  102//1056 1154//1056 103//1056
f  105//1057 165//1057 106//1057
f  108//1058 287//1058 109//1058
f  111//1059 780//1059 112//1059
f  114//1060 141//1060 85//1060
f  116//1061 663//1061 62//1061
f  118//1062 660//1062 119//1062
f  121//1063 100//1063 33//1063
f  123//1064 382//1064 124//1064
f  126//38 705//1065 127//38
f  128//1066 1164//1066 129//1066
f  131//1067 587//1067 132//1067
f  134//41 940//15 135//41
f  137//1068 235//1068 138//1068
f  140//1069 1165//1069 141//1069
f  142//1070 154//1070 143//1070
f  145//45 580//1071 146//45
f  148//46 253//1072 149//46
f  151//47 255//1073 152//47
f  153//1074 624//1074 154//1074
f  156//1075 226//1075 96//1075
f  157//1076 1148//1076 158//1076
f  159//1077 20//1077 160//1077
f  162//1078 414//1078 163//1078
f  165//1079 189//1079 166//1079
f  167//1080 615//1080 168//1080
f  170//55 600//1081 171//55
f  141//1082 619//1082 173//1082
f  174//1083 956//1083 175//1083
f  177//58 864//15 178//58
f  180//1084 766//1084 181//1084
f  183//1085 750//1085 184//1085
f  186//1086 729//1086 187//1086
f  189//62 680//1087 190//62
f  191//1088 638//1088 192//1088
f  67//1089 395//1089 194//1089
f  30//65 818//15 196//65
f  197//1090 1132//1090 198//1090
f  200//67 634//1091 201//67
f  203//15 298//15 204//15
f  206//1092 688//1092 207//1092
f  86//1093 1157//1093 209//1093
f  211//3 955//3 212//3
f  214//70 590//1094 215//70
f  217//1095 954//1095 218//1095
f  220//71 668//1096 221//71
f  223//1097 5//1097 224//1097
f  225//73 231//1098 226//73
f  27//1099 29//1099 228//1099
f  225//75 633//1100 230//75
f  232//1101 635//1101 233//1101
f  235//1102 768//1102 236//1102
f  238//1103 773//1103 239//1103
f  241//1104 736//1104 242//1104
f  29//80 754//1105 244//80
f  245//1106 738//1106 246//1106
f  133//15 831//596 248//15
f  249//1107 88//1107 250//1107
f  252//1108 669//1108 149//1108
f  232//1109 234//1109 254//1109
f  256//85 872//3 257//85
f  231//1110 385//1110 96//1110
f  259//1111 667//1111 260//1111
f  207//1112 673//1112 262//1112
f  263//1113 1101//1113 264//1113
f  266//1114 31//1114 267//1114
f  268//15 858//15 269//1115
f  271//865 1096//1116 272//1116
f  274//3 322//3 275//3
f  277//1117 238//1117 278//1117
f  280//94 373//1118 281//94
f  283//3 1083//3 284//3
f  186//95 188//1119 286//95
f  288//1120 206//1120 289//1120
f  290//97 338//1121 291//97
f  292//1122 1149//1122 293//1122
f  179//1123 603//1123 295//1123
f  296//100 1155//1124 297//100
f  215//1125 577//1125 299//1125
f  300//1126 798//1126 301//1126
f  303//1127 438//1127 304//1127
f  112//1128 229//1128 306//1128
f  307//1129 776//1129 308//1129
f  247//1130 246//1130 310//1130
f  194//1131 395//1131 312//1131
f  314//1132 569//1132 315//1132
f  317//1133 409//1133 318//1133
f  56//1134 55//1134 320//1134
f  322//3 430//1135 323//3
f  324//1136 237//1136 300//1136
f  129//1137 1164//1137 325//1137
f  327//1138 1165//1138 328//1138
f  330//1139 588//1139 331//1139
f  325//1140 1164//1140 332//1140
f  333//1141 332//1141 334//1141
f  266//1142 68//1142 336//1142
f  338//118 1162//1143 339//118
f  340//1144 770//1144 137//1144
f  342//1145 1135//863 343//1145
f  335//15 825//15 345//15
f  346//585 806//585 347//1146
f  348//1147 327//1147 329//1147
f  350//1148 140//1148 351//1148
f  353//1149 624//1149 153//1149
f  355//125 453//1150 356//125
f  358//3 256//85 258//85
f  360//3 404//145 361//3
f  363//126 585//1151 364//126
f  366//1152 613//1152 367//1152
f  369//128 748//1153 180//128
f  370//3 1080//3 371//3
f  97//1154 691//1154 220//1154
f  26//3 25//3 374//3
f  376//1155 702//1155 253//1155
f  377//131 375//3 374//3
f  379//132 663//1156 116//132
f  381//1157 399//1157 124//1157
f  84//3 83//3 383//3
f  385//1158 102//1158 104//1158
f  119//1159 660//1159 387//1159
f  103//1160 596//1160 389//1160
f  318//1161 19//1161 390//1161
f  158//1162 1148//1162 391//1162
f  393//1163 651//1163 118//1163
f  394//140 1154//1164 102//140
f  66//1165 1159//1165 395//1165
f  396//15 880//654 397//15
f  399//142 119//1166 388//142
f  221//1167 685//1167 170//1167
f  401//1168 656//1168 402//1168
f  3//1 2//1 404//145
f  222//1169 694//1169 405//1169
f  406//3 273//865 407//3
f  409//147 588//1170 410//147
f  412//1171 592//1171 114//1171
f  151//149 190//1172 232//149
f  413//1173 681//1173 414//1173
f  416//151 903//662 417//151
f  254//1174 234//1174 419//1174
f  421//1175 228//1175 244//1175
f  423//1176 645//1176 424//1176
f  125//1177 124//1177 388//1177
f  427//3 1072//3 428//3
f  199//66 198//66 323//3
f  431//1178 605//1178 432//1178
f  352//15 365//15 434//15
f  436//158 772//1179 437//158
f  373//1180 220//1180 222//1180
f  439//1181 782//1181 440//1181
f  442//1182 772//1182 436//1182
f  444//15 849//15 445//15
f  447//1183 776//1183 307//1183
f  449//1184 27//1184 229//1184
f  450//1185 240//1185 239//1185
f  452//1186 708//1186 453//1186
f  454//1187 227//1187 226//1187
f  455//1188 601//1188 456//1188
f  31//1189 142//1189 144//1189
f  290//1190 581//1190 18//1190
f  459//1191 628//1191 387//1191
f  461//1192 583//1192 462//1192
f  332//1193 1164//1193 128//1193
f  211//173 954//1194 465//173
f  467//174 803//1195 468//174
f  558//256 597//1196 559//256
f  561//1197 563//1197 203//1197
f  563//258 296//1198 298//258
f  168//1199 613//1199 366//1199
f  316//1200 315//1200 564//1200
f  336//1201 68//1201 566//1201
f  568//262 589//1202 569//262
f  321//1203 320//1203 570//1203
f  572//1204 582//1204 573//1204
f  368//265 367//1205 575//265
f  19//1206 581//1206 82//1206
f  462//267 583//1207 36//267
f  32//1208 31//1208 266//1208
f  577//269 597//1209 558//269
f  566//270 584//1210 578//270
f  560//271 559//1211 579//271
f  580//1212 93//1212 95//1212
f  574//1213 573//1213 145//1213
f  581//1214 290//1214 80//1214
f  570//275 462//1215 38//275
f  335//1216 334//1216 582//1216
f  583//1217 348//1217 349//1217
f  584//1218 603//1218 179//1218
f  328//1219 1165//1219 140//1219
f  352//280 351//1220 363//280
f  585//1221 129//1221 326//1221
f  586//1222 561//1222 562//1222
f  565//1223 564//1223 587//1223
f  588//1224 409//1224 317//1224
f  576//285 575//1225 589//285
f  363//1226 351//1226 592//1226
f  353//1227 1155//1227 593//1227
f  348//1228 583//1228 461//1228
f  596//1229 559//1229 597//1229
f  599//1230 570//1230 320//1230
f  577//1231 215//1231 171//1231
f  601//1232 575//1232 367//1232
f  463//1233 462//1233 570//1233
f  602//1234 564//1234 315//1234
f  603//1235 584//1235 604//1235
f  330//297 93//1236 606//297
f  587//1237 564//1237 602//1237
f  582//1238 334//1238 608//1238
f  610//300 569//1239 589//300
f  410//1240 588//1240 330//1240
f  367//1241 613//1241 612//1241
f  613//1242 168//1242 614//1242
f  614//1243 168//1243 615//1243
f  617//1244 1156//1244 295//1244
f  431//1245 295//1245 603//1245
f  315//1246 569//1246 610//1246
f  618//1247 566//1247 68//1247
f  327//1248 348//1248 595//1248
f  130//1249 129//1249 585//1249
f  132//1250 587//1250 607//1250
f  621//312 563//1251 561//312
f  561//313 586//1252 623//313
f  20//1253 19//1253 318//1253
f  143//1254 154//1254 624//1254
f  160//1255 318//1255 409//1255
f  145//1256 573//1256 626//1256
f  597//318 577//1257 600//318
f  625//1258 624//1258 353//1258
f  608//1259 334//1259 332//1259
f  363//1260 459//1260 460//1260
f  459//1261 592//1261 412//1261
f  629//1262 267//1262 144//1262
f  631//1263 461//1263 463//1263
f  632//1264 463//1264 599//1264
f  233//1265 18//1265 20//1265
f  634//1266 458//1266 635//1266
f  171//1267 637//1267 636//1267
f  637//1268 1161//1268 191//1268
f  191//1269 1161//1269 620//1269
f  638//331 620//1270 607//331
f  69//332 267//1271 629//332
f  610//333 611//1272 641//333
f  642//1273 617//1273 431//1273
f  594//335 593//1274 643//335
f  645//1275 614//1275 616//1275
f  595//337 461//1276 631//337
f  626//1277 609//1277 648//1277
f  607//339 602//1278 649//339
f  650//1279 608//1279 464//1279
f  652//341 662//1280 621//341
f  618//1281 70//1281 653//1281
f  612//1282 614//1282 645//1282
f  604//1283 618//1283 654//1283
f  401//1284 621//1284 622//1284
f  653//346 70//1285 69//346
f  657//347 625//1286 594//347
f  616//1287 617//1287 642//1287
f  144//1288 143//1288 658//1288
f  61//1289 606//1289 659//1289
f  130//351 460//1290 387//351
f  623//352 200//1291 202//352
f  643//1292 593//1292 662//1292
f  633//354 599//1293 394//354
f  379//1294 411//1294 410//1294
f  649//356 602//1295 57//356
f  659//357 627//1296 664//357
f  658//1297 143//1297 625//1297
f  648//359 609//1298 608//359
f  635//1299 458//1299 18//1299
f  118//1300 128//1300 130//1300
f  627//362 626//1301 78//362
f  432//1302 605//1302 604//1302
f  426//1303 628//1303 412//1303
f  161//365 379//1304 380//365
f  402//366 656//1305 661//366
f  259//367 631//1306 632//367
f  75//368 664//1307 77//368
f  230//1308 102//1308 385//1308
f  104//1309 389//1309 668//1309
f  252//1310 455//1310 457//1310
f  646//1311 642//1311 670//1311
f  636//1312 191//1312 193//1312
f  159//1313 161//1313 665//1313
f  652//375 401//1314 403//375
f  192//376 638//1315 639//376
f  649//377 59//1316 675//377
f  675//1317 59//1317 58//1317
f  677//379 58//1318 641//379
f  669//1319 457//1319 423//1319
f  639//381 649//1320 676//381
f  78//382 648//1321 679//382
f  412//1322 115//1322 88//1322
f  202//1323 201//1323 190//1323
f  413//1324 433//1324 432//1324
f  682//1325 658//1325 657//1325
f  207//1326 643//1326 652//1326
f  630//1327 658//1327 682//1327
f  668//1328 389//1328 685//1328
f  681//1329 432//1329 655//1329
f  190//1330 201//1330 635//1330
f  670//1331 642//1331 433//1331
f  648//1332 650//1332 687//1332
f  62//1333 61//1333 74//1333
f  657//1334 644//1334 688//1334
f  426//1335 388//1335 387//1335
f  87//1336 86//1336 210//1336
f  686//1337 1152//1337 690//1337
f  149//399 669//1338 425//399
f  385//1339 386//1339 691//1339
f  380//401 116//1340 692//401
f  221//402 400//1341 694//402
f  46//403 1151//1342 695//403
f  414//1343 681//1343 686//1343
f  696//1344 676//1344 675//1344
f  675//406 677//1345 698//406
f  293//1346 120//1346 119//1346
f  424//1347 671//1347 699//1347
f  699//1348 671//1348 670//1348
f  670//1349 413//1349 415//1349
f  125//1350 426//1350 249//1350
f  420//1351 419//1351 665//1351
f  402//1352 666//1352 165//1352
f  386//1353 668//1353 220//1353
f  677//1354 678//1354 702//1354
f  667//1355 225//1355 227//1355
f  683//417 688//1356 206//417
f  703//1357 403//1357 402//1357
f  704//1358 74//1358 76//1358
f  48//1359 76//1359 77//1359
f  705//1360 79//1360 679//1360
f  400//422 1153//1361 707//422
f  126//1362 77//1362 79//1362
f  425//1363 424//1363 700//1363
f  708//1364 672//1364 193//1364
f  709//1365 1149//1365 292//1365
f  711//1366 250//1366 689//1366
f  689//1367 210//1367 713//1367
f  420//429 701//1368 714//429
f  716//430 260//1369 227//430
f  392//1370 391//1370 288//1370
f  357//1371 356//1371 717//1371
f  405//1372 694//1372 707//1372
f  719//1373 707//1373 708//1373
f  720//1374 696//1374 697//1374
f  697//1375 698//1375 722//1375
f  261//1376 260//1376 716//1376
f  698//438 702//1377 376//438
f  415//1378 414//1378 162//1378
f  150//1379 149//1379 99//1379
f  700//1380 699//1380 33//1380
f  35//1381 34//1381 415//1381
f  187//1382 703//1382 105//1382
f  127//1383 705//1383 706//1383
f  690//1384 1150//1384 45//1384
f  293//1385 399//1385 381//1385
f  44//447 43//1386 704//447
f  206//1387 208//1387 728//1387
f  729//1388 262//1388 703//1388
f  251//1389 250//1389 711//1389
f  208//1390 262//1390 729//1390
f  714//1391 701//1391 693//1391
f  693//1392 692//1392 42//1392
f  164//1393 163//1393 690//1393
f  704//1394 48//1394 50//1394
f  732//1395 209//1395 261//1395
f  254//1396 420//1396 715//1396
f  706//1397 709//1397 710//1397
f  451//1398 123//1398 730//1398
f  730//1399 711//1399 735//1399
f  735//1400 711//1400 712//1400
f  241//1401 712//1401 713//1401
f  713//463 732//1402 737//463
f  245//1403 92//1403 158//1403
f  739//465 710//1404 292//465
f  716//1405 454//1405 741//1405
f  741//1406 454//1406 156//1406
f  156//1407 98//1407 744//1407
f  745//1408 127//1408 725//1408
f  747//1409 715//1409 714//1409
f  47//1410 92//1410 245//1410
f  355//1411 357//1411 750//1411
f  376//473 148//1412 752//473
f  754//1413 152//1413 733//1413
f  720//475 721//1414 756//475
f  756//1415 721//1415 722//1415
f  722//1416 376//1416 753//1416
f  725//1417 710//1417 739//1417
f  759//1418 150//1418 101//1418
f  755//1419 733//1419 715//1419
f  33//1420 35//1420 761//1420
f  292//1421 294//1421 762//1421
f  761//1422 35//1422 724//1422
f  724//1423 162//1423 764//1423
f  764//1424 162//1424 164//1424
f  187//486 107//1425 765//486
f  42//1426 44//1426 340//1426
f  405//1427 719//1427 66//1427
f  50//1428 49//1428 236//1428
f  732//1429 723//1429 769//1429
f  451//1430 239//1430 382//1430
f  449//1431 106//1431 166//1431
f  148//1432 150//1432 759//1432
f  748//1433 714//1433 731//1433
f  760//1434 101//1434 100//1434
f  340//496 44//1435 727//496
f  437//1436 45//1436 47//1436
f  224//498 728//1437 729//498
f  158//499 392//1438 771//499
f  392//1439 4//1439 6//1439
f  726//1440 45//1440 437//1440
f  164//1441 726//1441 772//1441
f  773//1442 381//1442 382//1442
f  450//1443 451//1443 734//1443
f  734//1444 735//1444 775//1444
f  736//1445 737//1445 447//1445
f  776//1446 769//1446 742//1446
f  308//1447 742//1447 741//1447
f  741//1448 743//1448 778//1448
f  743//1449 744//1449 779//1449
f  188//1450 765//1450 780//1450
f  780//1451 765//1451 449//1451
f  282//1452 767//1452 65//1452
f  744//1453 1163//1453 782//1453
f  312//1454 751//1454 750//1454
f  757//1455 756//1455 783//1455
f  783//1456 756//1456 758//1456
f  785//1457 758//1457 753//1457
f  786//1458 753//1458 752//1458
f  752//1459 759//1459 788//1459
f  788//1460 759//1460 760//1460
f  789//1461 760//1461 121//1461
f  791//1462 122//1462 761//1462
f  761//1463 763//1463 793//1463
f  763//1464 764//1464 794//1464
f  764//1465 442//1465 443//1465
f  121//1466 122//1466 791//1466
f  755//528 747//1467 795//528
f  438//1468 437//1468 749//1468
f  244//1469 754//1469 755//1469
f  775//1470 735//1470 241//1470
f  137//1471 770//1471 768//1471
f  6//533 5//1472 223//533
f  762//1473 773//1473 238//1473
f  185//1474 184//1474 757//1474
f  395//1475 1159//1475 751//1475
f  747//1476 748//1476 369//1476
f  798//1477 746//1477 739//1477
f  800//1478 740//1478 762//1478
f  557//1479 450//1479 774//1479
f  305//1480 304//1480 247//1480
f  243//542 242//1481 553//542
f  546//1482 185//1482 784//1482
f  308//1483 777//1483 552//1483
f  547//1484 183//1484 185//1484
f  550//546 779//1485 782//546
f  555//1486 775//1486 243//1486
f  774//1487 775//1487 555//1487
f  801//1488 797//1488 530//1488
f  312//550 183//1489 547//550
f  138//1490 235//1490 237//1490
f  784//1491 783//1491 544//1491
f  783//1492 785//1492 543//1492
f  443//1493 436//1493 532//1493
f  542//1494 786//1494 787//1494
f  541//1495 787//1495 788//1495
f  788//1496 789//1496 539//1496
f  539//1497 789//1497 790//1497
f  790//1498 791//1498 537//1498
f  537//1499 791//1499 792//1499
f  792//1500 793//1500 535//1500
f  793//1501 794//1501 534//1501
f  794//1502 443//1502 533//1502
f  551//1503 778//1503 779//1503
f  532//1504 436//1504 438//1504
f  520//1505 800//1505 277//1505
f  287//1506 286//1506 528//1506
f  229//1507 228//1507 421//1507
f  223//1508 108//1508 110//1508
f  799//1509 800//1509 520//1509
f  796//1510 795//1510 526//1510
f  543//1511 785//1511 786//1511
f  244//1512 796//1512 527//1512
f  341//1513 137//1513 139//1513
f  528//1514 286//1514 780//1514
f  181//1515 341//1515 522//1515
f  526//1516 795//1516 369//1516
f  557//1517 518//1517 240//1517
f  525//1518 369//1518 182//1518
f  781//1519 65//1519 548//1519
f  301//1520 798//1520 799//1520
f  38//1521 37//1521 802//1521
f  214//582 216//15 803//582
f  565//1522 131//1522 248//1522
f  578//15 179//58 178//58
f  56//597 833//597 809//1523
f  558//15 560//15 810//15
f  314//15 829//15 813//15
f  167//15 169//15 816//15
f  337//15 336//969 819//15
f  32//15 337//15 820//15
f  364//15 821//15 434//15
f  328//592 836//15 823//592
f  349//15 329//592 823//592
f  153//15 155//65 196//65
f  297//589 814//589 204//1524
f  291//583 339//15 347//1146
f  331//15 854//15 830//15
f  572//15 574//1525 834//15
f  319//599 390//15 835//599
f  837//602 468//602 803//602
f  838//603 837//603 811//603
f  839//604 838//1526 810//604
f  840//605 839//605 809//605
f  841//606 840//1527 833//606
f  842//607 841//1528 802//607
f  843//608 842//1529 37//608
f  844//1530 843//1530 824//1530
f  845//610 844//1531 823//610
f  846//611 845//1532 836//611
f  64//612 846//612 435//612
f  52//613 64//613 434//613
f  53//614 52//1533 821//614
f  847//615 53//1534 822//615
f  848//1535 847//1535 345//1535
f  849//617 848//1536 825//617
f  445//618 849//618 834//618
f  851//619 445//1537 850//619
f  852//620 851//620 808//620
f  853//621 852//1538 830//621
f  855//622 853//622 854//622
f  72//623 855//623 812//623
f  856//624 72//1539 835//624
f  417//625 856//1540 81//625
f  418//626 417//626 804//626
f  857//627 418//1541 347//627
f  858//628 857//1542 806//628
f  269//629 858//1543 205//629
f  135//630 269//630 204//630
f  136//631 135//1544 814//631
f  397//632 136//1545 815//632
f  398//1546 397//1546 196//1546
f  859//634 398//1547 818//634
f  860//635 859//1548 820//635
f  861//636 860//1549 819//636
f  862//637 861//1550 807//637
f  863//638 862//1551 178//638
f  865//639 863//1552 864//639
f  866//1553 865//1553 817//1553
f  867//641 866//1554 816//641
f  868//642 867//1555 827//642
f  869//643 868//643 828//643
f  175//644 869//1556 813//644
f  176//645 175//1557 829//645
f  870//646 176//1558 805//646
f  40//647 870//647 248//647
f  469//648 40//1559 831//648
f  871//649 885//649 362//649
f  873//650 844//15 845//650
f  874//650 845//650 846//651
f  875//651 846//651 64//15
f  877//15 878//652 843//15
f  878//652 912//15 842//652
f  879//1560 446//1560 445//1560
f  880//654 134//41 136//41
f  881//15 905//15 863//15
f  882//15 847//15 848//15
f  883//15 848//15 849//15
f  884//15 857//15 858//15
f  885//655 871//15 469//655
f  886//15 866//15 867//15
f  888//15 865//15 866//15
f  891//15 853//15 855//1047
f  892//1561 879//653 851//653
f  41//15 40//15 469//655
f  893//656 899//656 837//656
f  895//659 398//15 859//659
f  896//659 859//659 860//660
f  897//660 860//660 861//15
f  899//1562 885//1562 468//1562
f  894//15 892//657 852//657
f  901//15 176//57 870//15
f  73//15 72//15 856//15
f  903//662 902//15 856//15
f  889//15 51//15 53//15
f  900//15 838//658 839//1563
f  905//15 949//15 862//15
f  906//15 840//15 841//15
f  904//15 839//1563 840//15
f  890//661 416//661 418//661
f  360//664 362//664 885//664
f  3//665 360//1564 899//665
f  1//666 3//1565 893//666
f  908//667 1//667 900//667
f  909//668 908//1566 904//668
f  910//669 909//1567 906//669
f  911//670 910//670 907//670
f  913//671 911//671 912//671
f  914//672 913//672 878//672
f  915//673 914//1568 877//673
f  916//674 915//1569 873//674
f  917//675 916//675 874//675
f  918//676 917//1570 875//676
f  919//677 918//1571 876//677
f  920//678 919//678 63//678
f  921//679 920//1572 51//679
f  922//680 921//1573 889//680
f  923//681 922//681 882//681
f  924//682 923//682 883//682
f  925//683 924//683 444//683
f  926//684 925//684 446//684
f  927//685 926//1574 879//685
f  928//686 927//1575 892//686
f  929//687 928//1576 894//687
f  930//688 929//1577 891//688
f  931//689 930//689 71//689
f  932//690 931//690 73//690
f  933//691 932//691 902//691
f  934//692 933//692 903//692
f  935//693 934//1578 416//693
f  936//694 935//1579 890//694
f  937//695 936//1580 884//695
f  938//696 937//1581 268//696
f  939//697 938//697 270//697
f  941//698 939//698 940//698
f  942//699 941//699 134//699
f  943//700 942//700 880//700
f  944//701 943//1582 396//701
f  945//702 944//1583 895//702
f  946//703 945//703 896//703
f  947//704 946//1584 897//704
f  948//705 947//1585 898//705
f  950//706 948//706 949//706
f  951//707 950//1586 905//707
f  952//708 951//1587 881//708
f  953//709 952//709 888//709
f  217//710 953//710 886//710
f  954//711 217//711 887//711
f  955//712 211//1588 466//712
f  957//1589 1009//1589 958//1589
f  960//714 955//714 956//714
f  961//715 960//1590 174//715
f  358//716 961//1591 901//716
f  256//717 358//717 39//717
f  872//718 256//718 41//718
f  257//719 361//1592 962//719
f  1003//753 962//1593 361//753
f  1004//754 1003//754 404//754
f  1005//755 1004//755 2//755
f  1007//756 1005//1594 1006//756
f  1009//1595 1007//1595 1008//1595
f  1010//1596 957//1596 959//1596
f  1011//759 1023//759 999//759
f  1012//1597 1010//1597 987//1597
f  1013//761 1012//1598 988//761
f  1014//1599 1013//1599 989//1599
f  1015//1600 1014//1600 990//1600
f  1016//764 1015//1601 991//764
f  1017//765 1016//1602 992//765
f  1018//766 1017//1603 993//766
f  1019//767 1018//767 994//767
f  1020//1604 1019//1604 995//1604
f  1021//1605 1020//1605 996//1605
f  1022//770 1021//770 997//770
f  1023//771 1022//1606 998//771
f  1024//1607 1011//1607 1000//1607
f  1025//1608 1026//1608 1002//1608
f  1026//774 1024//774 1001//774
f  1027//775 1025//775 964//775
f  1028//776 1033//776 970//776
f  1029//777 1027//777 965//777
f  1030//778 1029//1609 966//778
f  1031//779 1030//779 967//779
f  1032//780 1031//1610 968//780
f  1033//781 1032//1611 969//781
f  1034//1612 1028//1612 971//1612
f  1035//783 1037//783 974//783
f  1036//784 1034//784 972//784
f  1037//1613 1036//1613 973//1613
f  1038//786 1035//786 975//786
f  1039//1614 1051//1614 218//1614
f  1040//788 1038//788 976//788
f  1041//1615 1040//1615 977//1615
f  1042//1616 1041//1616 978//1616
f  1043//791 1042//1617 979//791
f  1044//792 1043//1618 980//792
f  1045//793 1044//793 981//793
f  1046//1619 1045//1619 982//1619
f  1047//1620 1046//1620 983//1620
f  1048//1621 1047//1621 984//1621
f  1049//797 1048//1622 985//797
f  1050//1623 1049//1623 986//1623
f  1051//1624 1050//1624 219//1624
f  1052//1625 1039//1625 213//1625
f  1053//801 1052//1626 212//801
f  1055//802 1053//802 1054//802
f  1057//803 1055//1627 1056//803
f  1058//804 1057//1628 359//804
f  963//805 1058//1629 258//805
f  955//3 960//3 1054//3
f  960//3 961//3 1056//3
f  909//3 958//3 1008//3
f  911//3 987//3 959//3
f  428//808 1072//808 1059//808
f  1061//809 1062//809 26//809
f  24//810 26//810 1062//810
f  1064//811 24//811 1063//811
f  1066//812 1064//1630 1065//812
f  1068//813 1066//813 1067//813
f  1070//814 1068//1631 1069//814
f  1072//815 1070//1632 1071//815
f  1073//816 428//1633 1060//816
f  199//817 430//817 1075//817
f  1077//818 1073//1634 1074//818
f  370//819 1077//1635 1078//819
f  1080//820 370//1636 1079//820
f  283//821 1080//821 1081//821
f  1083//822 283//1637 1082//822
f  274//823 1083//1638 1084//823
f  322//824 274//1639 1085//824
f  430//825 322//1640 1086//825
f  197//826 199//1641 1076//826
f  408//827 1094//827 1088//827
f  23//828 197//1642 1087//828
f  21//829 23//829 1090//829
f  1092//830 21//1643 1091//830
f  1094//831 1092//831 1093//831
f  406//832 408//1644 1089//832
f  1096//833 271//1645 1097//833
f  271//834 406//1646 1095//834
f  1099//835 1096//835 1098//835
f  1101//836 263//836 1102//836
f  15//837 1099//837 1100//837
f  1105//838 15//1647 1104//838
f  1107//839 1105//839 1106//839
f  263//840 1107//1648 1108//840
f  384//841 1101//841 1103//841
f  89//842 1121//842 1110//842
f  84//843 384//1649 1109//843
f  12//844 84//1650 1112//844
f  10//845 12//1651 1113//845
f  1115//846 10//846 1114//846
f  344//847 1115//1652 1116//847
f  342//848 344//1653 1117//848
f  1119//849 342//1654 1118//849
f  1121//850 1119//850 1120//850
f  1122//851 89//1655 1111//851
f  478//852 477//1656 91//852
f  1124//853 1122//853 1123//853
f  7//854 1124//1657 1125//854
f  13//855 7//855 1126//855
f  1128//856 13//856 1127//856
f  377//857 1128//1658 1129//857
f  375//858 377//858 1130//858
f  374//859 25//859 471//859
f  408//1659 407//1659 1131//1659
f  23//861 22//6 1132//1090
f  1083//3 274//3 276//3
f  1077//1660 370//3 372//3
f  1121//3 89//3 91//3
f  1119//863 1134//3 1135//863
f  325//15 333//15 345//15
f  1096//1116 1099//947 1136//947
f  1072//3 427//3 1137//3
f  1068//3 1141//3 1138//3
f  516//866 471//866 25//866
f  517//867 516//1661 1139//867
f  513//868 517//868 1140//868
f  514//869 513//1662 1138//869
f  515//870 514//870 1141//870
f  510//871 515//1663 1137//871
f  511//872 510//872 427//872
f  512//873 511//873 429//873
f  507//874 512//874 1133//874
f  508//875 507//875 372//875
f  509//876 508//1664 371//876
f  504//877 509//1665 285//877
f  505//878 504//878 284//878
f  506//879 505//1666 276//879
f  501//880 506//1667 275//880
f  502//881 501//1668 323//881
f  503//882 502//1669 198//882
f  498//883 503//883 1132//883
f  499//884 498//884 22//884
f  500//885 499//885 1142//885
f  495//886 500//886 1143//886
f  496//887 495//887 1131//887
f  497//779 496//779 407//779
f  492//888 497//888 273//888
f  493//889 492//889 272//889
f  494//890 493//890 1136//890
f  489//891 494//891 17//891
f  490//892 489//892 16//892
f  491//893 490//1670 1144//893
f  486//894 491//1671 265//894
f  487//895 486//1672 264//895
f  488//896 487//1673 383//896
f  483//897 488//897 83//897
f  484//898 483//1674 11//898
f  485//899 484//1675 1145//899
f  480//900 485//900 1146//900
f  481//901 480//901 343//901
f  482//902 481//902 1135//902
f  477//903 482//903 1134//903
f  479//904 478//904 90//904
f  474//905 479//1676 1147//905
f  475//906 474//906 9//906
f  476//907 475//1677 8//907
f  473//908 476//908 14//908
f  470//909 473//909 378//909
f  695//1678 684//1678 1148//1678
f  707//1679 1153//1679 672//1679
f  43//1680 117//1680 74//1680
f  702//913 678//1681 252//913
f  88//1682 87//1682 689//1682
f  299//1683 811//15 803//582
f  709//1684 687//1684 393//1684
f  961//3 358//3 359//3
f  146//586 808//586 850//15
f  666//1685 680//1685 189//1685
f  713//1686 210//1686 209//1686
f  580//918 145//1687 627//918
f  296//1688 563//1688 621//1688
f  799//920 739//1689 740//920
f  745//1690 746//1690 798//1690
f  123//1691 125//1691 251//1691
f  5//1692 289//1692 728//1692
f  766//1693 340//1693 341//1693
f  718//1694 720//1694 757//1694
f  1150//1695 1158//1695 1151//1695
f  154//1696 142//1696 30//1696
f  949//15 898//15 861//15
f  424//1697 645//1697 646//1697
f  619//1698 595//1698 647//1698
f  632//930 633//1699 225//930
f  655//1700 654//1700 1152//1700
f  1128//932 377//131 378//932
f  1122//3 1124//3 1147//3
f  1092//1701 1143//3 1142//1701
f  687//1702 650//1702 651//1702
f  366//15 827//15 816//15
f  321//597 571//15 802//15
f  1153//1703 172//1703 636//1703
f  1124//3 7//3 9//3
f  1154//1704 55//1704 579//1704
f  456//937 612//1705 423//937
f  1155//1706 296//1706 662//1706
f  1115//3 1146//1000 1145//3
f  598//1707 600//1707 170//1707
f  579//940 559//1708 596//940
f  1156//941 615//1709 167//941
f  887//15 867//15 868//15
f  634//1710 338//1710 290//1710
f  440//1711 280//1711 282//1711
f  182//1712 181//1712 523//1712
f  161//1713 160//1713 411//1713
f  782//1714 1163//1714 280//1714
f  1099//1715 15//3 17//3
f  95//1716 94//1716 830//1716
f  908//1717 1008//1717 1006//1717
f  574//1525 147//15 850//15
f  362//3 361//3 257//85
f  954//3 211//3 213//3
f  910//3 959//3 958//3
f  832//596 591//598 467//582
f  641//1718 455//1718 252//1718
f  765//1719 107//1719 106//1719
f  173//1720 647//1720 1157//1720
f  215//1721 590//1721 637//1721
f  654//955 653//1722 1158//955
f  29//1723 28//1723 152//1723
f  246//1724 738//1724 771//1724
f  731//1725 42//1725 766//1725
f  452//959 355//1726 751//959
f  236//1727 49//1727 127//1727
f  653//1728 640//1728 1151//1728
f  611//1729 601//1729 455//1729
f  1157//963 647//1730 631//963
f  640//1731 629//1731 695//1731
f  695//1732 629//1732 630//1732
f  192//966 674//1733 717//966
f  1149//1734 393//1734 120//1734
f  1107//1735 263//89 265//89
f  567//15 807//15 819//15
f  391//1736 682//1736 683//1736
f  596//971 598//1737 685//971
f  770//1738 727//1738 50//1738
f  771//1739 6//1739 797//1739
f  304//1740 749//1740 245//1740
f  1160//1741 132//1741 620//1741
f  1080//3 283//3 285//3
f  189//1742 151//1742 28//1742
f  719//1743 452//1743 1159//1743
f  466//978 465//15 868//15
f  622//1744 623//1744 661//1744
f  209//1745 1157//1745 259//1745
f  592//1746 351//1746 140//1746
f  777//1747 778//1747 551//1747
f  723//1748 716//1748 742//1748
f  255//1749 254//1749 733//1749
f  718//985 717//1750 696//985
f  666//1751 661//1751 202//1751
f  440//1752 781//1752 549//1752
f  530//1753 797//1753 223//1753
f  270//91 269//1115 135//41
f  133//1754 132//1754 1160//1754
f  1094//1755 1131//1659 1143//3
f  1162//1756 586//1756 346//1756
f  400//992 170//1757 172//992
f  956//993 466//978 869//978
f  576//15 568//15 813//15
f  320//1758 55//1758 1154//1758
f  295//1759 1156//1759 826//1759
f  573//1760 582//1760 609//1760
f  679//1761 687//1761 709//1761
f  701//1762 665//1762 380//1762
f  344//120 343//1145 1146//1000
f  1148//1763 684//1763 682//1763
f  262//1764 673//1764 403//1764
f  560//15 54//15 809//15
f  623//1003 586//1765 1162//1003
f  611//1766 589//1766 575//1766
f  644//1767 643//1767 207//1767
f  717//1768 674//1768 676//1768
f  281//1769 405//1769 767//1769
f  294//1770 381//1770 773//1770
f  98//1771 97//1771 1163//1771
f  737//1772 769//1772 776//1772
f  692//1011 116//1773 117//1011
f  663//1774 410//1774 60//1774
f  234//1013 233//1775 159//1013
f  584//1776 566//1776 618//1776
f  1066//3 1138//3 1140//3
f  1155//1015 353//1777 354//1015
f  1070//3 1137//3 1141//3
f  1163//1778 97//1778 373//1778
f  236//1779 745//1779 300//1779
f  826//15 817//15 864//15
f  606//1780 93//1780 580//1780
f  384//3 383//3 264//1113
f  553//1781 242//1781 447//1781
f  616//1782 615//1782 1156//1782
f  141//1783 1165//1783 327//1783
f  193//1784 192//1784 356//1784
f  1152//1785 1158//1785 1150//1785
f  548//1786 65//1786 67//1786
f  82//15 81//15 835//599
f  224//1787 186//1787 287//1787
f  310//1788 246//1788 801//1788
f  357//1789 718//1789 184//1789
f  200//1029 1162//1790 338//1029
f  912//15 907//15 841//15
f  1073//3 1077//1660 1133//862
f  591//1791 832//1791 1160//1791
f  1064//3 1140//3 1139//3
f  317//588 812//599 854//15
f  637//1031 590//1792 1160//1031
f  1105//3 1107//1735 1144//1793
f  464//1794 128//1794 118//1794
f  278//1795 238//1795 240//1795

# Mesh 'AM3_Trunk_Detailed_HD_001-mesh' with 88 faces
g AM3_Trunk_Detailed_HD_001-mesh
usemtl E-Stop green
f  1166//1796 1167//1797 1168//1798
f  1168//1798 1169//1799 1170//1800
f  1171//1801 1172//1802 1173//1803
f  1174//1804 1175//1805 1176//1806
f  1177//1807 1178//1808 1179//1809
f  1176//1806 1180//846 1181//1810
f  1182//1811 1183//1812 1184//1813
f  1185//1814 1186//1815 1187//1816
f  1188//1817 1189//1818 1190//1819
f  1191//1820 1192//1821 1193//1822
f  1194//1823 1195//1824 1182//1811
f  1196//1825 1197//1826 1166//1796
f  1198//1827 1199//1828 1177//1807
f  1200//1829 1201//1830 1202//1831
f  1203//1832 1204//1833 1205//1834
f  1206//1835 1207//1836 1188//1817
f  1193//1822 1208//1837 1174//1804
f  1209//1838 1210//821 1196//1825
f  1170//1800 1211//1839 1212//1840
f  1184//1813 1213//1841 1214//1842
f  1215//1843 1216//1844 1217//1844
f  1218//1845 1219//1846 1209//1838
f  1202//1831 1220//1847 1194//1823
f  1173//1803 1221//779 1222//779
f  1223//1848 1224//1849 1225//1850
f  1214//1842 1226//1851 1227//1851
f  1228//1852 1229//1853 1230//1854
f  1190//1819 1231//1855 1232//1856
f  1212//1840 1233//1857 1198//1827
f  1232//1856 1234//1858 1191//1820
f  1235//1859 1236//1860 1218//1845
f  1205//1834 1237//1861 1215//1843
f  1238//1862 1239//1863 1200//1829
f  1225//1850 1240//1864 1206//1835
f  1230//1854 1241//1865 1242//1866
f  1187//1816 1243//1867 1244//1867
f  1244//1867 1245//1868 1235//1859
f  1227//1851 1246//1869 1171//1801
f  1242//1866 1247//1870 1248//1871
f  1222//779 1249//1852 1228//1852
f  1248//1871 1250//1872 1185//1814
f  1217//1844 1251//1873 1223//1848
f  1179//1809 1252//1874 1203//1832
f  1181//1810 1253//1875 1238//1862
f  1166//1796 1197//1826 1167//1797
f  1168//1798 1167//1797 1169//1799
f  1171//1801 1246//1869 1172//1802
f  1174//1804 1208//1837 1175//1805
f  1177//1807 1199//1828 1178//1808
f  1176//1806 1175//1805 1180//846
f  1182//1811 1195//1824 1183//1812
f  1185//1814 1250//1872 1186//1815
f  1188//1817 1207//1836 1189//1818
f  1191//1820 1234//1858 1192//1821
f  1194//1823 1220//1847 1195//1824
f  1196//1825 1210//821 1197//1826
f  1198//1827 1233//1857 1199//1828
f  1200//1829 1239//1863 1201//1830
f  1203//1832 1252//1874 1204//1833
f  1206//1835 1240//1864 1207//1836
f  1193//1822 1192//1821 1208//1837
f  1209//1838 1219//1846 1210//821
f  1170//1800 1169//1799 1211//1839
f  1184//1813 1183//1812 1213//1841
f  1215//1843 1237//1861 1216//1844
f  1218//1845 1236//1860 1219//1846
f  1202//1831 1201//1830 1220//1847
f  1173//1803 1172//1802 1221//779
f  1223//1848 1251//1873 1224//1849
f  1214//1842 1213//1841 1226//1851
f  1228//1852 1249//1852 1229//1853
f  1190//1819 1189//1818 1231//1855
f  1212//1840 1211//1839 1233//1857
f  1232//1856 1231//1855 1234//1858
f  1235//1859 1245//1868 1236//1860
f  1205//1834 1204//1833 1237//1861
f  1238//1862 1253//1875 1239//1863
f  1225//1850 1224//1849 1240//1864
f  1230//1854 1229//1853 1241//1865
f  1187//1816 1186//1815 1243//1867
f  1244//1867 1243//1867 1245//1868
f  1227//1851 1226//1851 1246//1869
f  1242//1866 1241//1865 1247//1870
f  1222//779 1221//779 1249//1852
f  1248//1871 1247//1870 1250//1872
f  1217//1844 1216//1844 1251//1873
f  1179//1809 1178//1808 1252//1874
f  1181//1810 1180//846 1253//1875

# Mesh 'AM3_Trunk_Detailed_HD_001-mesh' with 658 faces
g AM3_Trunk_Detailed_HD_001-mesh
usemtl E-Stop red
f  1254//1876 1255//1877 1256//1878
f  1257//3 1258//1879 1259//1880
f  1260//3 1261//1881 1262//1882
f  1263//1883 1264//1884 1265//1885
f  1266//1886 1267//1887 1268//1888
f  1260//3 1269//1889 1270//1890
f  1271//1891 1272//1892 1273//1888
f  1274//1893 1275//1894 1276//3
f  1277//1895 1278//1896 1279//1897
f  1280//1898 1281//1899 1282//3
f  1283//1900 1284//1901 1285//1902
f  1270//1890 1286//1903 1287//1904
f  1288//3 1289//1905 1290//1906
f  1291//3 1292//1907 1293//1908
f  1294//1885 1267//1887 1295//1909
f  1296//1910 1297//1911 1298//1912
f  1283//1900 1299//1913 1300//1914
f  1301//1915 1302//1916 1303//1917
f  1263//1883 1275//1894 1304//1918
f  1305//1919 1284//1901 1306//3
f  1307//1920 1299//1913 1308//1921
f  1309//1922 1310//1923 1311//1924
f  1294//1885 1312//1925 1313//3
f  1314//3 1315//1926 1316//1927
f  1280//1898 1317//1928 1318//1929
f  1265//1885 1289//1905 1319//1930
f  1257//3 1320//1931 1321//3
f  1296//1910 1256//1878 1322//1932
f  1301//1915 1272//1892 1323//1933
f  1324//1934 1315//1926 1325//3
f  1305//1919 1278//1896 1326//1935
f  1327//1936 1281//1899 1310//1923
f  1266//1886 1320//1931 1328//1937
f  1287//1904 1258//1879 1329//3
f  1330//1938 1297//1911 1292//1907
f  1288//3 1261//1881 1331//1939
f  1291//3 1332//1940 1274//1893
f  1324//1934 1333//1941 1334//1942
f  1303//1917 1255//1877 1335//3
f  1307//1920 1333//1941 1336//1943
f  1337//1944 1338//1945 1317//1928
f  1314//3 1338//1945 1339//3
f  1309//1922 1340//1946 1271//1891
f  1277//1895 1312//1925 1341//1947
f  1274//1948 1342//1949 1291//1950
f  1325//1951 1343//1952 1344//1953
f  1268//1954 1345//1955 1266//1956
f  1336//1957 1346//1958 1307//1959
f  1276//1960 1347//1961 1274//1948
f  1339//1962 1343//1952 1314//1963
f  1268//1954 1348//1964 1349//1965
f  1336//1957 1350//1966 1351//1967
f  1276//1960 1352//1968 1353//1969
f  1339//1962 1354//1970 1355//1971
f  1313//1972 1348//1964 1294//1973
f  1313//1972 1356//1974 1357//1975
f  1265//1976 1352//1968 1263//1977
f  1337//1978 1358//1979 1354//1970
f  1273//1980 1359//1981 1271//1982
f  1319//1983 1360//1984 1265//1976
f  1282//1985 1358//1979 1280//1986
f  1273//1980 1361//1987 1362//1988
f  1319//1983 1363//1989 1364//1990
f  1282//1985 1365//1991 1366//1992
f  1303//1993 1361//1987 1301//1994
f  1331//1995 1363//1989 1288//1996
f  1327//1997 1367//1998 1365//1991
f  1335//1999 1368//2000 1303//1993
f  1331//1995 1369//2001 1370//2002
f  1271//1982 1367//1998 1309//2003
f  1335//1999 1371//2004 1372//1999
f  1270//2005 1369//2001 1260//2006
f  1279//2007 1356//1974 1277//2008
f  1254//2009 1373//2010 1371//2004
f  1287//2011 1374//2012 1270//2005
f  1279//2007 1375//2013 1376//2014
f  1298//2015 1373//2010 1296//2016
f  1329//2017 1377//2018 1287//2011
f  1306//2019 1375//2013 1305//2020
f  1330//2021 1378//2022 1298//2015
f  1329//2017 1379//2023 1380//2024
f  1306//2019 1381//2025 1382//2026
f  1330//2021 1342//1949 1383//2027
f  1321//2028 1379//2023 1257//2029
f  1300//2030 1381//2025 1283//2031
f  1325//1951 1350//1966 1324//2032
f  1321//2028 1345//1955 1384//2033
f  1300//2030 1346//1958 1385//2034
f  1363//2035 1386//2036 1387//2037
f  1367//2038 1388//2039 1365//2040
f  1368//2041 1389//2042 1390//2043
f  1369//2044 1386//2036 1370//2045
f  1367//2038 1391//2046 1392//2047
f  1371//2048 1389//2042 1372//2049
f  1369//2044 1393//2050 1394//2051
f  1356//2052 1395//2053 1396//2054
f  1373//2055 1397//2056 1371//2048
f  1374//2057 1398//2058 1393//2050
f  1375//2059 1395//2053 1376//2060
f  1373//2055 1399//2061 1400//2062
f  1377//2063 1401//2064 1398//2058
f  1375//2059 1402//2065 1403//2066
f  1383//2067 1399//2061 1378//2068
f  1379//2069 1401//2064 1380//2070
f  1381//2071 1402//2065 1382//2072
f  1342//2073 1404//2074 1383//2067
f  1379//2069 1405//2075 1406//2076
f  1381//2071 1407//2077 1408//2078
f  1350//2079 1409//2080 1410//2081
f  1345//2082 1405//2075 1384//2083
f  1346//2084 1407//2077 1385//2085
f  1342//2073 1411//2086 1412//2087
f  1343//2088 1409//2080 1344//2089
f  1345//2082 1413//2090 1414//2091
f  1346//2084 1415//2092 1416//2093
f  1347//2094 1417//2095 1411//2086
f  1343//2088 1418//2096 1419//2097
f  1348//2098 1413//2090 1349//2099
f  1350//2079 1415//2092 1351//2100
f  1352//2101 1417//2095 1353//2102
f  1354//2103 1418//2096 1355//2104
f  1348//2098 1420//2105 1421//2106
f  1356//2052 1420//2105 1357//2107
f  1352//2101 1422//2108 1423//2109
f  1358//2110 1424//2111 1354//2103
f  1359//2112 1425//2113 1391//2046
f  1360//2114 1426//2115 1422//2108
f  1358//2110 1427//2116 1428//2117
f  1361//2118 1425//2113 1362//2119
f  1363//2035 1426//2115 1364//2120
f  1365//2040 1427//2116 1366//2121
f  1361//2118 1390//2043 1429//2122
f  1412//2087 1430//2123 1404//2074
f  1406//2076 1431//2124 1432//2125
f  1408//2078 1433//2126 1434//2127
f  1410//2081 1435//2128 1436//2129
f  1414//2091 1431//2124 1405//2075
f  1416//2093 1433//2126 1407//2077
f  1412//2087 1437//2130 1438//2131
f  1419//2097 1435//2128 1409//2080
f  1414//2091 1439//2132 1440//2133
f  1415//2092 1441//2134 1416//2093
f  1411//2086 1442//2135 1437//2130
f  1419//2097 1443//2136 1444//2137
f  1421//2106 1439//2132 1413//2090
f  1410//2081 1445//2138 1415//2092
f  1423//2109 1442//2135 1417//2095
f  1424//2111 1443//2136 1418//2096
f  1421//2106 1446//2139 1447//2140
f  1396//2054 1446//2139 1420//2105
f  1423//2109 1448//2141 1449//2142
f  1428//2117 1450//2143 1424//2111
f  1391//2046 1451//2144 1452//2145
f  1422//2108 1453//2146 1448//2141
f  1428//2117 1454//2147 1455//2148
f  1429//2122 1451//2144 1425//2113
f  1387//2037 1453//2146 1426//2115
f  1388//2039 1454//2147 1427//2116
f  1429//2122 1456//2149 1457//2150
f  1386//2036 1458//2151 1387//2037
f  1392//2047 1459//2152 1388//2039
f  1390//2043 1460//2153 1456//2149
f  1394//2051 1461//2154 1386//2036
f  1392//2047 1452//2145 1462//2155
f  1397//2056 1460//2153 1389//2042
f  1394//2051 1463//2156 1464//2157
f  1396//2054 1465//2158 1466//2159
f  1400//2062 1467//2160 1397//2056
f  1398//2058 1463//2156 1393//2050
f  1403//2066 1465//2158 1395//2053
f  1400//2062 1468//2161 1469//2162
f  1398//2058 1470//2163 1471//2164
f  1403//2066 1472//2165 1473//2166
f  1404//2074 1468//2161 1399//2061
f  1406//2076 1470//2163 1401//2064
f  1408//2078 1472//2165 1402//2065
f  1448//2141 1474//2167 1475//2168
f  1455//2148 1476//2169 1477//2170
f  1457//2150 1478//2171 1451//2144
f  1458//2151 1474//2167 1453//2146
f  1459//2152 1476//2169 1454//2147
f  1457//2150 1479//2172 1480//2173
f  1461//2154 1481//2174 1458//2151
f  1462//2155 1482//2175 1459//2152
f  1456//2149 1483//2176 1479//2172
f  1464//2157 1484//2177 1461//2154
f  1462//2155 1485//2178 1486//2179
f  1467//2160 1483//2176 1460//2153
f  1464//2157 1487//2180 1488//2181
f  1466//2159 1489//2182 1490//2183
f  1469//2162 1491//2184 1467//2160
f  1471//2164 1487//2180 1463//2156
f  1473//2166 1489//2182 1465//2158
f  1469//2162 1492//2185 1493//2186
f  1471//2164 1494//2187 1495//2188
f  1473//2166 1496//2189 1497//2190
f  1430//2123 1492//2185 1468//2161
f  1432//2125 1494//2187 1470//2163
f  1434//2127 1496//2189 1472//2165
f  1438//2131 1498//2191 1430//2123
f  1432//2125 1499//2192 1500//2193
f  1434//2127 1501//2194 1502//2195
f  1436//2129 1503//2196 1504//2197
f  1440//2133 1499//2192 1431//2124
f  1441//2134 1501//2194 1433//2126
f  1438//2131 1505//2198 1506//2199
f  1444//2137 1503//2196 1435//2128
f  1440//2133 1507//2200 1508//2201
f  1445//2138 1509//2202 1441//2134
f  1437//2130 1510//2203 1505//2198
f  1444//2137 1511//2204 1512//2205
f  1447//2140 1507//2200 1439//2132
f  1436//2129 1513//2206 1445//2138
f  1449//2142 1510//2203 1442//2135
f  1450//2143 1511//2204 1443//2136
f  1447//2140 1514//2207 1515//2208
f  1466//2159 1514//2207 1446//2139
f  1449//2142 1475//2168 1516//2209
f  1455//2148 1517//2210 1450//2143
f  1452//2145 1478//2171 1485//2178
f  1495//2188 1518//2211 1519//2212
f  1497//2190 1520//2213 1521//2214
f  1498//2191 1522//2215 1492//2185
f  1500//2193 1518//2211 1494//2187
f  1502//2195 1520//2213 1496//2189
f  1506//2199 1523//2216 1498//2191
f  1500//2193 1524//2217 1525//2218
f  1502//2195 1526//2219 1527//2220
f  1504//2197 1528//2221 1529//2222
f  1508//2201 1524//2217 1499//2192
f  1509//2202 1526//2219 1501//2194
f  1506//2199 1530//2223 1531//2224
f  1503//2196 1532//2225 1528//2221
f  1508//2201 1533//2226 1534//2227
f  1513//2206 1535//2228 1509//2202
f  1505//2198 1536//2229 1530//2223
f  1512//2205 1537//2230 1532//2225
f  1515//2208 1533//2226 1507//2200
f  1504//2197 1538//2231 1513//2206
f  1516//2209 1536//2229 1510//2203
f  1517//2210 1537//2230 1511//2204
f  1515//2208 1539//2232 1540//2233
f  1490//2183 1539//2232 1514//2207
f  1516//2209 1541//2234 1542//2235
f  1477//2170 1543//2236 1517//2210
f  1485//2178 1544//2237 1545//2238
f  1475//2168 1546//2239 1541//2234
f  1477//2170 1547//2240 1548//2241
f  1480//2173 1544//2237 1478//2171
f  1474//2167 1549//2242 1546//2239
f  1482//2175 1547//2240 1476//2169
f  1480//2173 1550//2243 1551//2244
f  1484//2177 1549//2242 1481//2174
f  1486//2179 1552//2245 1482//2175
f  1479//2172 1553//2246 1550//2243
f  1488//2181 1554//2247 1484//2177
f  1486//2179 1545//2238 1555//2248
f  1491//2184 1553//2246 1483//2176
f  1488//2181 1556//2249 1557//2250
f  1490//2183 1558//2251 1559//2252
f  1493//2186 1560//2253 1491//2184
f  1495//2188 1556//2249 1487//2180
f  1497//2190 1558//2251 1489//2182
f  1493//2186 1522//2215 1561//2254
f  1537//2230 1562//2255 1563//2256
f  1540//2233 1564//2257 1565//2258
f  1559//2252 1564//2257 1539//2232
f  1542//2235 1566//2259 1567//2260
f  1548//2241 1562//2255 1543//2236
f  1545//2238 1568//2261 1569//2262
f  1541//2234 1570//2263 1566//2259
f  1548//2241 1571//2264 1572//2265
f  1551//2244 1568//2261 1544//2237
f  1546//2239 1573//2266 1570//2263
f  1552//2245 1571//2264 1547//2240
f  1551//2244 1574//2267 1575//2268
f  1554//2247 1573//2266 1549//2242
f  1552//2245 1576//2269 1577//2270
f  1550//2243 1578//2271 1574//2267
f  1557//2250 1579//2272 1554//2247
f  1555//2248 1569//2262 1576//2269
f  1560//2253 1578//2271 1553//2246
f  1557//2250 1580//2273 1581//2274
f  1559//2252 1582//2275 1583//2276
f  1561//2254 1584//2277 1560//2253
f  1519//2212 1580//2273 1556//2249
f  1521//2214 1582//2275 1558//2251
f  1561//2254 1585//2278 1586//2279
f  1519//2212 1587//2280 1588//2281
f  1521//2214 1589//2282 1590//2283
f  1523//2216 1585//2278 1522//2215
f  1525//2218 1587//2280 1518//2211
f  1527//2220 1589//2282 1520//2213
f  1531//2224 1591//2284 1523//2216
f  1525//2218 1592//2285 1593//2286
f  1527//2220 1594//2287 1595//2288
f  1528//2221 1596//2289 1529//2222
f  1534//2227 1592//2285 1524//2217
f  1535//2228 1594//2287 1526//2219
f  1531//2224 1597//2290 1598//2291
f  1528//2221 1599//2292 1600//2293
f  1534//2227 1601//2294 1602//2295
f  1538//2231 1603//2296 1535//2228
f  1530//2223 1604//2297 1597//2290
f  1537//2230 1599//2292 1532//2225
f  1540//2233 1601//2294 1533//2226
f  1538//2231 1596//2289 1605//2298
f  1542//2235 1604//2297 1536//2229
f  1581//2274 1565//2258 1603//2296
f  1254//1876 1335//3 1255//1877
f  1257//3 1329//3 1258//1879
f  1260//3 1331//1939 1261//1881
f  1263//1883 1304//1918 1264//1884
f  1266//1886 1328//1937 1267//1887
f  1260//3 1262//1882 1269//1889
f  1271//1891 1340//1946 1272//1892
f  1274//1893 1332//1940 1275//1894
f  1277//1895 1341//1947 1278//1896
f  1280//1898 1318//1929 1281//1899
f  1283//1900 1306//3 1284//1901
f  1270//1890 1269//1889 1286//1903
f  1288//3 1319//1930 1289//1905
f  1291//3 1330//1938 1292//1907
f  1294//1885 1268//1888 1267//1887
f  1296//1910 1322//1932 1297//1911
f  1283//1900 1285//1902 1299//1913
f  1301//1915 1323//1933 1302//1916
f  1263//1883 1276//3 1275//1894
f  1305//1919 1326//1935 1284//1901
f  1307//1920 1300//1914 1299//1913
f  1309//1922 1327//1936 1310//1923
f  1294//1885 1295//1909 1312//1925
f  1314//3 1325//3 1315//1926
f  1280//1898 1337//1944 1317//1928
f  1265//1885 1264//1884 1289//1905
f  1257//3 1259//1880 1320//1931
f  1296//1910 1254//1876 1256//1878
f  1301//1915 1273//1888 1272//1892
f  1324//1934 1334//1942 1315//1926
f  1305//1919 1279//1897 1278//1896
f  1327//1936 1282//3 1281//1899
f  1266//1886 1321//3 1320//1931
f  1287//1904 1286//1903 1258//1879
f  1330//1938 1298//1912 1297//1911
f  1288//3 1290//1906 1261//1881
f  1291//3 1293//1908 1332//1940
f  1324//1934 1336//1943 1333//1941
f  1303//1917 1302//1916 1255//1877
f  1307//1920 1308//1921 1333//1941
f  1337//1944 1339//3 1338//1945
f  1314//3 1316//1927 1338//1945
f  1309//1922 1311//1924 1340//1946
f  1277//1895 1313//3 1312//1925
f  1274//1948 1347//1961 1342//1949
f  1325//1951 1314//1963 1343//1952
f  1268//1954 1349//1965 1345//1955
f  1336//1957 1351//1967 1346//1958
f  1276//1960 1353//1969 1347//1961
f  1339//1962 1355//1971 1343//1952
f  1268//1954 1294//1973 1348//1964
f  1336//1957 1324//2032 1350//1966
f  1276//1960 1263//1977 1352//1968
f  1339//1962 1337//1978 1354//1970
f  1313//1972 1357//1975 1348//1964
f  1313//1972 1277//2008 1356//1974
f  1265//1976 1360//1984 1352//1968
f  1337//1978 1280//1986 1358//1979
f  1273//1980 1362//1988 1359//1981
f  1319//1983 1364//1990 1360//1984
f  1282//1985 1366//1992 1358//1979
f  1273//1980 1301//1994 1361//1987
f  1319//1983 1288//1996 1363//1989
f  1282//1985 1327//1997 1365//1991
f  1303//1993 1368//2000 1361//1987
f  1331//1995 1370//2002 1363//1989
f  1327//1997 1309//2003 1367//1998
f  1335//1999 1372//1999 1368//2000
f  1331//1995 1260//2006 1369//2001
f  1271//1982 1359//1981 1367//1998
f  1335//1999 1254//2009 1371//2004
f  1270//2005 1374//2012 1369//2001
f  1279//2007 1376//2014 1356//1974
f  1254//2009 1296//2016 1373//2010
f  1287//2011 1377//2018 1374//2012
f  1279//2007 1305//2020 1375//2013
f  1298//2015 1378//2022 1373//2010
f  1329//2017 1380//2024 1377//2018
f  1306//2019 1382//2026 1375//2013
f  1330//2021 1383//2027 1378//2022
f  1329//2017 1257//2029 1379//2023
f  1306//2019 1283//2031 1381//2025
f  1330//2021 1291//1950 1342//1949
f  1321//2028 1384//2033 1379//2023
f  1300//2030 1385//2034 1381//2025
f  1325//1951 1344//1953 1350//1966
f  1321//2028 1266//1956 1345//1955
f  1300//2030 1307//1959 1346//1958
f  1363//2035 1370//2045 1386//2036
f  1367//2038 1392//2047 1388//2039
f  1368//2041 1372//2049 1389//2042
f  1369//2044 1394//2051 1386//2036
f  1367//2038 1359//2112 1391//2046
f  1371//2048 1397//2056 1389//2042
f  1369//2044 1374//2057 1393//2050
f  1356//2052 1376//2060 1395//2053
f  1373//2055 1400//2062 1397//2056
f  1374//2057 1377//2063 1398//2058
f  1375//2059 1403//2066 1395//2053
f  1373//2055 1378//2068 1399//2061
f  1377//2063 1380//2070 1401//2064
f  1375//2059 1382//2072 1402//2065
f  1383//2067 1404//2074 1399//2061
f  1379//2069 1406//2076 1401//2064
f  1381//2071 1408//2078 1402//2065
f  1342//2073 1412//2087 1404//2074
f  1379//2069 1384//2083 1405//2075
f  1381//2071 1385//2085 1407//2077
f  1350//2079 1344//2089 1409//2080
f  1345//2082 1414//2091 1405//2075
f  1346//2084 1416//2093 1407//2077
f  1342//2073 1347//2094 1411//2086
f  1343//2088 1419//2097 1409//2080
f  1345//2082 1349//2099 1413//2090
f  1346//2084 1351//2100 1415//2092
f  1347//2094 1353//2102 1417//2095
f  1343//2088 1355//2104 1418//2096
f  1348//2098 1421//2106 1413//2090
f  1350//2079 1410//2081 1415//2092
f  1352//2101 1423//2109 1417//2095
f  1354//2103 1424//2111 1418//2096
f  1348//2098 1357//2107 1420//2105
f  1356//2052 1396//2054 1420//2105
f  1352//2101 1360//2114 1422//2108
f  1358//2110 1428//2117 1424//2111
f  1359//2112 1362//2119 1425//2113
f  1360//2114 1364//2120 1426//2115
f  1358//2110 1366//2121 1427//2116
f  1361//2118 1429//2122 1425//2113
f  1363//2035 1387//2037 1426//2115
f  1365//2040 1388//2039 1427//2116
f  1361//2118 1368//2041 1390//2043
f  1412//2087 1438//2131 1430//2123
f  1406//2076 1405//2075 1431//2124
f  1408//2078 1407//2077 1433//2126
f  1410//2081 1409//2080 1435//2128
f  1414//2091 1440//2133 1431//2124
f  1416//2093 1441//2134 1433//2126
f  1412//2087 1411//2086 1437//2130
f  1419//2097 1444//2137 1435//2128
f  1414//2091 1413//2090 1439//2132
f  1415//2092 1445//2138 1441//2134
f  1411//2086 1417//2095 1442//2135
f  1419//2097 1418//2096 1443//2136
f  1421//2106 1447//2140 1439//2132
f  1410//2081 1436//2129 1445//2138
f  1423//2109 1449//2142 1442//2135
f  1424//2111 1450//2143 1443//2136
f  1421//2106 1420//2105 1446//2139
f  1396//2054 1466//2159 1446//2139
f  1423//2109 1422//2108 1448//2141
f  1428//2117 1455//2148 1450//2143
f  1391//2046 1425//2113 1451//2144
f  1422//2108 1426//2115 1453//2146
f  1428//2117 1427//2116 1454//2147
f  1429//2122 1457//2150 1451//2144
f  1387//2037 1458//2151 1453//2146
f  1388//2039 1459//2152 1454//2147
f  1429//2122 1390//2043 1456//2149
f  1386//2036 1461//2154 1458//2151
f  1392//2047 1462//2155 1459//2152
f  1390//2043 1389//2042 1460//2153
f  1394//2051 1464//2157 1461//2154
f  1392//2047 1391//2046 1452//2145
f  1397//2056 1467//2160 1460//2153
f  1394//2051 1393//2050 1463//2156
f  1396//2054 1395//2053 1465//2158
f  1400//2062 1469//2162 1467//2160
f  1398//2058 1471//2164 1463//2156
f  1403//2066 1473//2166 1465//2158
f  1400//2062 1399//2061 1468//2161
f  1398//2058 1401//2064 1470//2163
f  1403//2066 1402//2065 1472//2165
f  1404//2074 1430//2123 1468//2161
f  1406//2076 1432//2125 1470//2163
f  1408//2078 1434//2127 1472//2165
f  1448//2141 1453//2146 1474//2167
f  1455//2148 1454//2147 1476//2169
f  1457//2150 1480//2173 1478//2171
f  1458//2151 1481//2174 1474//2167
f  1459//2152 1482//2175 1476//2169
f  1457//2150 1456//2149 1479//2172
f  1461//2154 1484//2177 1481//2174
f  1462//2155 1486//2179 1482//2175
f  1456//2149 1460//2153 1483//2176
f  1464//2157 1488//2181 1484//2177
f  1462//2155 1452//2145 1485//2178
f  1467//2160 1491//2184 1483//2176
f  1464//2157 1463//2156 1487//2180
f  1466//2159 1465//2158 1489//2182
f  1469//2162 1493//2186 1491//2184
f  1471//2164 1495//2188 1487//2180
f  1473//2166 1497//2190 1489//2182
f  1469//2162 1468//2161 1492//2185
f  1471//2164 1470//2163 1494//2187
f  1473//2166 1472//2165 1496//2189
f  1430//2123 1498//2191 1492//2185
f  1432//2125 1500//2193 1494//2187
f  1434//2127 1502//2195 1496//2189
f  1438//2131 1506//2199 1498//2191
f  1432//2125 1431//2124 1499//2192
f  1434//2127 1433//2126 1501//2194
f  1436//2129 1435//2128 1503//2196
f  1440//2133 1508//2201 1499//2192
f  1441//2134 1509//2202 1501//2194
f  1438//2131 1437//2130 1505//2198
f  1444//2137 1512//2205 1503//2196
f  1440//2133 1439//2132 1507//2200
f  1445//2138 1513//2206 1509//2202
f  1437//2130 1442//2135 1510//2203
f  1444//2137 1443//2136 1511//2204
f  1447//2140 1515//2208 1507//2200
f  1436//2129 1504//2197 1513//2206
f  1449//2142 1516//2209 1510//2203
f  1450//2143 1517//2210 1511//2204
f  1447//2140 1446//2139 1514//2207
f  1466//2159 1490//2183 1514//2207
f  1449//2142 1448//2141 1475//2168
f  1455//2148 1477//2170 1517//2210
f  1452//2145 1451//2144 1478//2171
f  1495//2188 1494//2187 1518//2211
f  1497//2190 1496//2189 1520//2213
f  1498//2191 1523//2216 1522//2215
f  1500//2193 1525//2218 1518//2211
f  1502//2195 1527//2220 1520//2213
f  1506//2199 1531//2224 1523//2216
f  1500//2193 1499//2192 1524//2217
f  1502//2195 1501//2194 1526//2219
f  1504//2197 1503//2196 1528//2221
f  1508//2201 1534//2227 1524//2217
f  1509//2202 1535//2228 1526//2219
f  1506//2199 1505//2198 1530//2223
f  1503//2196 1512//2205 1532//2225
f  1508//2201 1507//2200 1533//2226
f  1513//2206 1538//2231 1535//2228
f  1505//2198 1510//2203 1536//2229
f  1512//2205 1511//2204 1537//2230
f  1515//2208 1540//2233 1533//2226
f  1504//2197 1529//2222 1538//2231
f  1516//2209 1542//2235 1536//2229
f  1517//2210 1543//2236 1537//2230
f  1515//2208 1514//2207 1539//2232
f  1490//2183 1559//2252 1539//2232
f  1516//2209 1475//2168 1541//2234
f  1477//2170 1548//2241 1543//2236
f  1485//2178 1478//2171 1544//2237
f  1475//2168 1474//2167 1546//2239
f  1477//2170 1476//2169 1547//2240
f  1480//2173 1551//2244 1544//2237
f  1474//2167 1481//2174 1549//2242
f  1482//2175 1552//2245 1547//2240
f  1480//2173 1479//2172 1550//2243
f  1484//2177 1554//2247 1549//2242
f  1486//2179 1555//2248 1552//2245
f  1479//2172 1483//2176 1553//2246
f  1488//2181 1557//2250 1554//2247
f  1486//2179 1485//2178 1545//2238
f  1491//2184 1560//2253 1553//2246
f  1488//2181 1487//2180 1556//2249
f  1490//2183 1489//2182 1558//2251
f  1493//2186 1561//2254 1560//2253
f  1495//2188 1519//2212 1556//2249
f  1497//2190 1521//2214 1558//2251
f  1493//2186 1492//2185 1522//2215
f  1537//2230 1543//2236 1562//2255
f  1540//2233 1539//2232 1564//2257
f  1559//2252 1583//2276 1564//2257
f  1542//2235 1541//2234 1566//2259
f  1548//2241 1572//2265 1562//2255
f  1545//2238 1544//2237 1568//2261
f  1541//2234 1546//2239 1570//2263
f  1548//2241 1547//2240 1571//2264
f  1551//2244 1575//2268 1568//2261
f  1546//2239 1549//2242 1573//2266
f  1552//2245 1577//2270 1571//2264
f  1551//2244 1550//2243 1574//2267
f  1554//2247 1579//2272 1573//2266
f  1552//2245 1555//2248 1576//2269
f  1550//2243 1553//2246 1578//2271
f  1557//2250 1581//2274 1579//2272
f  1555//2248 1545//2238 1569//2262
f  1560//2253 1584//2277 1578//2271
f  1557//2250 1556//2249 1580//2273
f  1559//2252 1558//2251 1582//2275
f  1561//2254 1586//2279 1584//2277
f  1519//2212 1588//2281 1580//2273
f  1521//2214 1590//2283 1582//2275
f  1561//2254 1522//2215 1585//2278
f  1519//2212 1518//2211 1587//2280
f  1521//2214 1520//2213 1589//2282
f  1523//2216 1591//2284 1585//2278
f  1525//2218 1593//2286 1587//2280
f  1527//2220 1595//2288 1589//2282
f  1531//2224 1598//2291 1591//2284
f  1525//2218 1524//2217 1592//2285
f  1527//2220 1526//2219 1594//2287
f  1528//2221 1600//2293 1596//2289
f  1534//2227 1602//2295 1592//2285
f  1535//2228 1603//2296 1594//2287
f  1531//2224 1530//2223 1597//2290
f  1528//2221 1532//2225 1599//2292
f  1534//2227 1533//2226 1601//2294
f  1538//2231 1605//2298 1603//2296
f  1530//2223 1536//2229 1604//2297
f  1537//2230 1563//2256 1599//2292
f  1540//2233 1565//2258 1601//2294
f  1538//2231 1529//2222 1596//2289
f  1542//2235 1567//2260 1604//2297
f  1598//2291 1597//2290 1604//2297
f  1604//2297 1567//2260 1598//2291
f  1567//2260 1566//2259 1598//2291
f  1566//2259 1570//2263 1573//2266
f  1573//2266 1579//2272 1581//2274
f  1581//2274 1580//2273 1588//2281
f  1588//2281 1587//2280 1593//2286
f  1593//2286 1592//2285 1602//2295
f  1602//2295 1601//2294 1565//2258
f  1565//2258 1564//2257 1583//2276
f  1583//2276 1582//2275 1590//2283
f  1590//2283 1589//2282 1595//2288
f  1595//2288 1594//2287 1603//2296
f  1603//2296 1605//2298 1596//2289
f  1596//2289 1600//2293 1603//2296
f  1600//2293 1599//2292 1603//2296
f  1599//2292 1563//2256 1562//2255
f  1562//2255 1572//2265 1599//2292
f  1572//2265 1571//2264 1599//2292
f  1571//2264 1577//2270 1576//2269
f  1576//2269 1569//2262 1568//2261
f  1568//2261 1575//2268 1584//2277
f  1575//2268 1574//2267 1584//2277
f  1574//2267 1578//2271 1584//2277
f  1584//2277 1586//2279 1598//2291
f  1586//2279 1585//2278 1598//2291
f  1585//2278 1591//2284 1598//2291
f  1566//2259 1573//2266 1581//2274
f  1581//2274 1588//2281 1565//2258
f  1588//2281 1593//2286 1565//2258
f  1593//2286 1602//2295 1565//2258
f  1565//2258 1583//2276 1603//2296
f  1583//2276 1590//2283 1603//2296
f  1590//2283 1595//2288 1603//2296
f  1571//2264 1576//2269 1584//2277
f  1576//2269 1568//2261 1584//2277
f  1598//2291 1566//2259 1581//2274
f  1603//2296 1599//2292 1584//2277
f  1599//2292 1571//2264 1584//2277
f  1584//2277 1598//2291 1603//2296
f  1598//2291 1581//2274 1603//2296

# Mesh 'AM3_Trunk_Detailed_HD_001-mesh' with 746 faces
g AM3_Trunk_Detailed_HD_001-mesh
usemtl E-Stop yellow
f  1259//1880 1191//2299 1320//1931
f  1322//1932 1166//2300 1168//2301
f  1606//2302 1607//2303 1608//2304
f  1304//1918 1179//2305 1203//2306
f  1311//1924 1185//2307 1187//2308
f  1609//2309 1610//2310 1611//2311
f  1256//1878 1196//2312 1166//2300
f  1341//1947 1181//2313 1238//2314
f  1295//1909 1174//2315 1176//2316
f  1340//1946 1235//2317 1272//1892
f  1316//1927 1173//2318 1222//2319
f  1293//1908 1177//2320 1332//1940
f  1302//1916 1196//2312 1255//1877
f  1326//1935 1200//2321 1202//2322
f  1308//1921 1227//2323 1333//1941
f  1286//1903 1190//2324 1258//1879
f  1290//1906 1223//2325 1261//1881
f  1285//1902 1194//2326 1182//2327
f  1326//1935 1194//2326 1284//1901
f  1285//1902 1184//2328 1299//1913
f  1612//2329 1613//2330 1614//2331
f  1614//2331 1615//2332 1616//2333
f  1617//2334 1618//2335 1619//2336
f  1620//2337 1621//2338 1622//2339
f  1620//2337 1623//2340 1624//2341
f  1625//2342 1626//2343 1627//2344
f  1628//2345 1629//2346 1630//2347
f  1631//2348 1632//2349 1633//2350
f  1634//2351 1635//3 1636//3
f  1619//2336 1637//2352 1638//2353
f  1639//2354 1640//2355 1641//2356
f  1612//2329 1642//2357 1643//2358
f  1644//2359 1645//2360 1646//2361
f  1647//2362 1630//2347 1648//2363
f  1624//2341 1642//2357 1649//2364
f  1650//2365 1651//2366 1652//2367
f  1653//2368 1654//2369 1655//2370
f  1656//2371 1655//2370 1657//2372
f  1646//2361 1658//2373 1659//2374
f  1609//2309 1660//2375 1661//2376
f  1662//2377 1663//2378 1621//2338
f  1664//2379 1648//2363 1663//2378
f  1665//2380 1666//2381 1644//2359
f  1631//2348 1607//2303 1667//2382
f  1668//2383 1652//2367 1629//2346
f  1669//2384 1658//2373 1670//2385
f  1671//2386 1672//2387 1673//2388
f  1674//2389 1675//2390 1665//2380
f  1656//2371 1676//2391 1677//2392
f  1678//2393 1626//2343 1679//2394
f  1680//2395 1632//2349 1681//2396
f  1682//2397 1683//2398 1684//2399
f  1641//2356 1685//2400 1674//2389
f  1686//2401 1683//2398 1654//2369
f  1611//2311 1687//2402 1639//2354
f  1680//2395 1688//2403 1689//2404
f  1669//2384 1672//2387 1690//2405
f  1625//2342 1676//2391 1691//2406
f  1638//2353 1692//2407 1606//2302
f  1616//2333 1660//2375 1693//2408
f  1617//2334 1673//2388 1694//2409
f  1318//1929 1230//2410 1242//2411
f  1323//1933 1235//2317 1218//2412
f  1292//1907 1170//2413 1212//2414
f  1262//1882 1223//2325 1225//2415
f  1308//1921 1184//2328 1214//2416
f  1311//1924 1244//2417 1340//1946
f  1682//2397 1688//2403 1695//2418
f  1259//1880 1190//2324 1232//2419
f  1334//1942 1227//2323 1171//2420
f  1678//2393 1651//2366 1696//2421
f  1290//1906 1215//2422 1217//2423
f  1316//1927 1228//2424 1338//1945
f  1310//1923 1248//2425 1185//2307
f  1332//1940 1179//2305 1275//1894
f  1304//1918 1205//2426 1264//1884
f  1286//1903 1206//2427 1188//2428
f  1322//1932 1170//2413 1297//1911
f  1341//1947 1200//2321 1278//1896
f  1262//1882 1206//2427 1269//1889
f  1334//1942 1173//2318 1315//1926
f  1293//1908 1212//2414 1198//2429
f  1295//1909 1181//2313 1312//1925
f  1318//1929 1248//2425 1281//1899
f  1264//1884 1215//2422 1289//1905
f  1317//1928 1228//2424 1230//2410
f  1328//1937 1174//2315 1267//1887
f  1328//1937 1191//2299 1193//2430
f  1323//1933 1209//2431 1302//1916
f  1175//1805 1697//846 1180//846
f  1237//1861 1698//1844 1216//1844
f  1245//1868 1699//2432 1236//1860
f  1207//1836 1700//2433 1189//1818
f  1204//1833 1701//2434 1237//1861
f  1199//1828 1702//2435 1178//1808
f  1183//1812 1703//2436 1213//1841
f  1211//1839 1704//2437 1233//1857
f  1197//1826 1705//2438 1167//1797
f  1189//1818 1706//1855 1231//1855
f  1169//1799 1707//1840 1211//1839
f  1234//1858 1708//2439 1192//1821
f  1253//1875 1709//2440 1239//1863
f  1250//1872 1710//2441 1186//1815
f  1186//1815 1711//2442 1243//1867
f  1236//1860 1712//2443 1219//1846
f  1195//1824 1713//2444 1183//1812
f  1240//1864 1714//2445 1207//1836
f  1249//1852 1715//2446 1229//1853
f  1220//1847 1716//2447 1195//1824
f  1229//1853 1717//2448 1241//1865
f  1221//779 1718//1852 1249//1852
f  1178//1808 1719//2449 1252//1874
f  1251//1873 1720//1850 1224//1849
f  1233//1857 1721//2450 1199//1828
f  1224//1849 1722//2451 1240//1864
f  1208//1837 1723//2452 1175//1805
f  1247//1870 1724//2453 1250//1872
f  1201//1830 1725//2454 1220//1847
f  1167//1797 1726//2455 1169//1799
f  1241//1865 1727//1871 1247//1870
f  1213//1841 1728//2456 1226//1851
f  1252//1874 1729//2457 1204//1833
f  1243//1867 1730//2458 1245//1868
f  1216//1844 1731//1848 1251//1873
f  1192//1821 1732//2459 1208//1837
f  1172//1802 1733//779 1221//779
f  1246//1869 1734//2460 1172//1802
f  1219//1846 1735//821 1210//821
f  1239//1863 1736//2461 1201//1830
f  1226//1851 1737//2462 1246//1869
f  1180//846 1738//2463 1253//1875
f  1210//821 1739//2464 1197//1826
f  1231//1855 1740//2465 1234//1858
f  1618//2466 1741//2467 1637//2468
f  1685//2469 1742//2470 1675//2471
f  1629//2472 1743//2473 1630//2474
f  1661//2475 1744//2476 1745//2477
f  1652//2478 1746//2479 1629//2472
f  1640//2480 1747//2481 1748//2482
f  1673//2483 1749//2484 1750//2485
f  1691//2486 1751//2487 1626//2488
f  1645//2489 1752//2490 1658//2491
f  1670//2492 1752//2490 1753//2493
f  1623//2494 1754//2495 1755//2496
f  1657//2497 1756//2498 1757//2499
f  1657//2497 1758//2500 1676//2501
f  1645//2489 1759//2502 1760//2503
f  1679//2504 1751//2487 1761//2505
f  1654//2506 1756//2498 1655//2507
f  1692//2508 1762//2509 1607//2510
f  1610//2511 1747//2481 1687//2512
f  1618//2466 1763//2513 1764//2514
f  1667//2515 1762//2509 1765//2516
f  1622//2517 1766//2518 1754//2495
f  1643//2519 1767//2520 1768//2521
f  1695//2522 1769//2523 1683//2524
f  1667//2515 1770//2525 1632//2526
f  1652//2478 1771//2527 1772//2528
f  1692//2508 1741//2467 1773//2529
f  1681//2530 1770//2525 1774//2531
f  1654//2506 1769//2523 1775//2532
f  1660//2533 1776//2534 1744//2476
f  1685//2469 1748//2482 1777//2535
f  1676//2501 1778//2536 1691//2486
f  1648//2537 1779//2538 1663//2539
f  1695//2522 1780//2540 1781//2541
f  1679//2504 1771//2527 1651//2542
f  1648//2537 1743//2473 1782//2543
f  1670//2492 1749//2484 1672//2544
f  1613//2545 1776//2534 1615//2546
f  1613//2545 1768//2521 1783//2547
f  1666//2548 1742//2470 1759//2502
f  1623//2494 1767//2520 1642//2549
f  1681//2530 1780//2540 1688//2550
f  1610//2511 1745//2477 1784//2551
f  1663//2539 1766//2518 1621//2552
f  1694//2553 1750//2485 1763//2513
f  1768//2521 1785//2554 1786//2555
f  1781//2541 1787//2556 1769//2523
f  1765//2516 1788//2557 1770//2525
f  1772//2528 1789//2558 1790//2559
f  1773//2529 1791//2560 1792//2561
f  1774//2531 1788//2557 1793//2562
f  1775//2532 1787//2556 1794//2563
f  1776//2534 1795//2564 1744//2476
f  1777//2535 1796//2565 1797//2566
f  1758//2500 1798//2567 1778//2536
f  1782//2543 1799//2568 1779//2538
f  1781//2541 1800//2569 1801//2570
f  1761//2505 1789//2558 1771//2527
f  1782//2543 1802//2571 1803//2572
f  1753//2493 1804//2573 1749//2484
f  1783//2547 1805//2574 1776//2534
f  1783//2547 1786//2555 1806//2575
f  1759//2502 1807//2576 1808//2577
f  1755//2496 1785//2554 1767//2520
f  1774//2531 1800//2569 1780//2540
f  1745//2477 1809//2578 1784//2551
f  1779//2538 1810//2579 1766//2518
f  1763//2513 1811//2580 1812//2581
f  1764//2514 1791//2560 1741//2467
f  1777//2535 1807//2576 1742//2470
f  1746//2479 1802//2571 1743//2473
f  1745//2477 1795//2564 1813//2582
f  1772//2528 1814//2583 1746//2479
f  1748//2482 1815//2584 1796//2565
f  1750//2485 1804//2573 1811//2580
f  1778//2536 1816//2585 1751//2487
f  1760//2503 1817//2586 1752//2490
f  1752//2490 1818//2587 1753//2493
f  1755//2496 1819//2588 1820//2589
f  1757//2499 1821//2590 1822//2591
f  1757//2499 1823//2592 1758//2500
f  1760//2503 1808//2577 1824//2593
f  1761//2505 1816//2585 1825//2594
f  1775//2532 1821//2590 1756//2498
f  1773//2529 1826//2595 1762//2509
f  1784//2551 1815//2584 1747//2481
f  1764//2514 1812//2581 1827//2596
f  1765//2516 1826//2595 1828//2597
f  1754//2495 1810//2579 1819//2588
f  1808//2577 1829//2598 1830//2599
f  1820//2589 1831//2600 1785//2554
f  1793//2562 1832//2601 1800//2569
f  1813//2582 1833//2602 1809//2578
f  1799//2568 1834//2603 1810//2579
f  1812//2581 1835//2604 1836//2605
f  1827//2596 1837//2606 1791//2560
f  1797//2566 1829//2598 1807//2576
f  1814//2583 1838//2607 1802//2571
f  1813//2582 1839//2608 1840//2609
f  1790//2559 1841//2610 1814//2583
f  1796//2565 1842//2611 1843//2612
f  1811//2580 1844//2613 1835//2604
f  1798//2567 1845//2614 1816//2585
f  1824//2593 1846//2615 1817//2586
f  1818//2587 1846//2615 1847//2616
f  1820//2589 1848//2617 1849//2618
f  1822//2591 1850//2619 1851//2620
f  1822//2591 1852//2621 1823//2592
f  1824//2593 1830//2599 1853//2622
f  1825//2594 1845//2614 1854//2623
f  1794//2563 1850//2619 1821//2590
f  1792//2561 1855//2624 1826//2595
f  1809//2578 1842//2611 1815//2584
f  1827//2596 1836//2605 1856//2625
f  1828//2597 1855//2624 1857//2626
f  1819//2588 1834//2603 1848//2617
f  1786//2555 1831//2600 1858//2627
f  1801//2570 1859//2628 1787//2556
f  1828//2597 1860//2629 1788//2557
f  1790//2559 1861//2630 1862//2631
f  1792//2561 1837//2606 1863//2632
f  1793//2562 1860//2629 1864//2633
f  1794//2563 1859//2628 1865//2634
f  1805//2574 1839//2608 1795//2564
f  1797//2566 1843//2612 1866//2635
f  1798//2567 1852//2621 1867//2636
f  1803//2572 1868//2637 1799//2568
f  1801//2570 1832//2601 1869//2638
f  1825//2594 1861//2630 1789//2558
f  1803//2572 1838//2607 1870//2639
f  1818//2587 1844//2613 1804//2573
f  1806//2575 1871//2640 1805//2574
f  1806//2575 1858//2627 1872//2641
f  1865//2642 1873//2643 1850//2643
f  1863//1820 1874//2644 1855//2645
f  1833//2646 1875//2647 1842//2648
f  1836//2649 1876//2650 1856//2651
f  1855//2645 1877//2652 1857//2653
f  1834//2654 1878//2655 1848//2656
f  1831//2657 1879//1838 1858//2658
f  1869//2659 1880//2461 1859//2660
f  1857//2653 1881//2661 1860//2662
f  1861//2663 1882//2664 1862//2665
f  1837//2666 1883//2667 1863//1820
f  1860//2662 1636//2668 1864//2669
f  1859//2660 1884//2670 1865//2642
f  1871//2671 1885//2672 1839//2673
f  1843//2674 1886//2435 1866//2675
f  1852//2676 1635//2677 1867//2678
f  1870//2679 1634//1872 1868//2680
f  1832//2681 1887//2682 1869//2659
f  1854//2683 1888//2684 1861//2663
f  1838//2685 1889//2686 1870//2679
f  1847//2687 1890//2688 1844//2689
f  1872//2690 1891//2691 1871//2671
f  1858//2658 1892//2692 1872//2690
f  1829//2693 1893//2694 1830//2695
f  1849//2696 1894//2657 1831//2657
f  1864//2669 1895//2697 1832//2681
f  1840//2698 1896//2699 1833//2646
f  1868//2680 1897//2700 1834//2654
f  1835//2701 1898//2702 1836//2649
f  1856//2651 1899//2703 1837//2666
f  1866//2675 1900//2704 1829//2693
f  1841//2446 1901//2705 1838//2685
f  1839//2673 1902//2706 1840//2698
f  1862//2665 1903//2446 1841//2446
f  1842//2648 1904//2707 1843//2674
f  1844//2689 1905//2708 1835//2701
f  1867//2678 1906//2462 1845//2709
f  1853//2710 1907//2711 1846//2712
f  1846//2712 1908//2713 1847//2687
f  1848//2656 1909//2714 1849//2696
f  1850//2643 1910//2715 1851//2716
f  1851//2716 1911//2717 1852//2676
f  1830//2695 1912//2718 1853//2710
f  1845//2709 1913//2719 1854//2683
f  1734//2720 1696//2721 1733//2722
f  1709//2723 1689//2724 1682//2725
f  1714//2726 1671//2727 1617//2728
f  1739//2729 1693//2730 1705//2731
f  1740//2732 1638//2733 1606//2734
f  1703//2735 1625//2736 1728//2737
f  1731//2738 1690//2739 1720//2740
f  1697//2741 1689//2724 1738//2742
f  1707//2743 1639//2744 1704//2745
f  1725//2746 1684//2747 1686//2748
f  1702//2749 1641//2750 1674//2751
f  1709//2723 1684//2747 1736//2752
f  1697//2741 1633//2753 1680//2754
f  1734//2720 1627//2755 1678//2756
f  1713//2757 1677//2758 1703//2735
f  1702//2749 1665//2759 1719//2760
f  1722//2761 1690//2739 1671//2727
f  1698//2762 1669//2763 1731//2738
f  1718//2764 1668//2765 1715//2766
f  1732//2767 1608//2768 1631//2769
f  1729//2770 1665//2759 1644//2771
f  1727//2772 1664//2773 1724//2774
f  1724//2774 1662//2775 1710//2776
f  1726//2777 1693//2730 1609//2778
f  1701//2779 1659//2780 1698//2762
f  1713//2757 1653//2781 1656//2782
f  1725//2746 1653//2781 1716//2783
f  1718//2764 1696//2721 1650//2784
f  1730//2785 1649//2786 1699//2787
f  1727//2772 1628//2788 1647//2789
f  1701//2779 1644//2771 1646//2790
f  1712//2791 1649//2786 1612//2792
f  1721//2793 1639//2744 1641//2750
f  1700//2794 1638//2733 1706//2795
f  1732//2767 1633//2753 1723//2796
f  1715//2766 1628//2788 1717//2797
f  1728//2737 1627//2755 1737//2798
f  1730//2785 1620//2799 1624//2800
f  1711//2801 1662//2775 1620//2799
f  1700//2794 1617//2728 1619//2802
f  1735//2803 1616//2804 1739//2729
f  1735//2803 1612//2792 1614//2803
f  1726//2777 1611//2805 1707//2743
f  1740//2732 1608//2768 1708//2806
f  1259//1880 1232//2419 1191//2299
f  1322//1932 1256//1878 1166//2300
f  1606//2302 1692//2407 1607//2303
f  1304//1918 1275//1894 1179//2305
f  1311//1924 1310//1923 1185//2307
f  1609//2309 1661//2376 1610//2310
f  1256//1878 1255//1877 1196//2312
f  1341//1947 1312//1925 1181//2313
f  1295//1909 1267//1887 1174//2315
f  1340//1946 1244//2417 1235//2317
f  1316//1927 1315//1926 1173//2318
f  1293//1908 1198//2429 1177//2320
f  1302//1916 1209//2431 1196//2312
f  1326//1935 1278//1896 1200//2321
f  1308//1921 1214//2416 1227//2323
f  1286//1903 1188//2428 1190//2324
f  1290//1906 1217//2423 1223//2325
f  1285//1902 1284//1901 1194//2326
f  1326//1935 1202//2322 1194//2326
f  1285//1902 1182//2327 1184//2328
f  1612//2329 1643//2358 1613//2330
f  1614//2331 1613//2330 1615//2332
f  1617//2334 1694//2409 1618//2335
f  1620//2337 1662//2377 1621//2338
f  1620//2337 1622//2339 1623//2340
f  1625//2342 1691//2406 1626//2343
f  1628//2345 1668//2383 1629//2346
f  1631//2348 1667//2382 1632//2349
f  1883//2807 1899//2808 1905//2809
f  1899//2808 1876//2810 1905//2809
f  1876//2810 1898//2811 1905//2809
f  1905//2809 1890//2812 1912//2813
f  1890//2812 1908//3 1912//2813
f  1908//3 1907//3 1912//2813
f  1912//2813 1893//2814 1900//2815
f  1900//2815 1886//2816 1904//2817
f  1904//2817 1875//3 1885//2818
f  1875//3 1896//3 1885//2818
f  1896//3 1902//3 1885//2818
f  1885//2818 1891//2819 1894//2820
f  1891//2819 1892//2821 1894//2820
f  1892//2821 1879//2822 1894//2820
f  1894//2820 1909//3 1878//3
f  1878//3 1897//3 1894//2820
f  1897//3 1634//2351 1894//2820
f  1634//2351 1889//2823 1901//2824
f  1901//2824 1903//2825 1882//2826
f  1882//2826 1888//3 1913//3
f  1913//3 1906//3 1882//2826
f  1906//3 1635//3 1882//2826
f  1635//3 1911//2827 1884//2828
f  1911//2827 1910//2829 1884//2828
f  1910//2829 1873//3 1884//2828
f  1884//2828 1880//2830 1636//3
f  1880//2830 1887//2831 1895//2832
f  1636//3 1880//2830 1895//2832
f  1636//3 1881//3 1874//3
f  1881//3 1877//3 1874//3
f  1874//3 1883//2807 1636//3
f  1912//2813 1900//2815 1885//2818
f  1900//2815 1904//2817 1885//2818
f  1634//2351 1901//2824 1635//3
f  1901//2824 1882//2826 1635//3
f  1883//2807 1905//2809 1636//3
f  1905//2809 1912//2813 1636//3
f  1885//2818 1894//2820 1634//2351
f  1635//3 1884//2828 1636//3
f  1912//2813 1885//2818 1636//3
f  1885//2818 1634//2351 1636//3
f  1619//2336 1618//2335 1637//2352
f  1639//2354 1687//2402 1640//2355
f  1612//2329 1649//2364 1642//2357
f  1644//2359 1666//2381 1645//2360
f  1647//2362 1628//2345 1630//2347
f  1624//2341 1623//2340 1642//2357
f  1650//2365 1696//2421 1651//2366
f  1653//2368 1686//2401 1654//2369
f  1656//2371 1653//2368 1655//2370
f  1646//2361 1645//2360 1658//2373
f  1609//2309 1693//2408 1660//2375
f  1662//2377 1664//2379 1663//2378
f  1664//2379 1647//2362 1648//2363
f  1665//2380 1675//2390 1666//2381
f  1631//2348 1608//2304 1607//2303
f  1668//2383 1650//2365 1652//2367
f  1669//2384 1659//2374 1658//2373
f  1671//2386 1690//2405 1672//2387
f  1674//2389 1685//2400 1675//2390
f  1656//2371 1657//2372 1676//2391
f  1678//2393 1627//2344 1626//2343
f  1680//2395 1633//2350 1632//2349
f  1682//2397 1695//2418 1683//2398
f  1641//2356 1640//2355 1685//2400
f  1686//2401 1684//2399 1683//2398
f  1611//2311 1610//2310 1687//2402
f  1680//2395 1681//2396 1688//2403
f  1669//2384 1670//2385 1672//2387
f  1625//2342 1677//2392 1676//2391
f  1638//2353 1637//2352 1692//2407
f  1616//2333 1615//2332 1660//2375
f  1617//2334 1671//2386 1673//2388
f  1318//1929 1317//1928 1230//2410
f  1323//1933 1272//1892 1235//2317
f  1292//1907 1297//1911 1170//2413
f  1262//1882 1261//1881 1223//2325
f  1308//1921 1299//1913 1184//2328
f  1311//1924 1187//2308 1244//2417
f  1682//2397 1689//2404 1688//2403
f  1259//1880 1258//1879 1190//2324
f  1334//1942 1333//1941 1227//2323
f  1678//2393 1679//2394 1651//2366
f  1290//1906 1289//1905 1215//2422
f  1316//1927 1222//2319 1228//2424
f  1310//1923 1281//1899 1248//2425
f  1332//1940 1177//2320 1179//2305
f  1304//1918 1203//2306 1205//2426
f  1286//1903 1269//1889 1206//2427
f  1322//1932 1168//2301 1170//2413
f  1341//1947 1238//2314 1200//2321
f  1262//1882 1225//2415 1206//2427
f  1334//1942 1171//2420 1173//2318
f  1293//1908 1292//1907 1212//2414
f  1295//1909 1176//2316 1181//2313
f  1318//1929 1242//2411 1248//2425
f  1264//1884 1205//2426 1215//2422
f  1317//1928 1338//1945 1228//2424
f  1328//1937 1193//2430 1174//2315
f  1328//1937 1320//1931 1191//2299
f  1323//1933 1218//2412 1209//2431
f  1175//1805 1723//2452 1697//846
f  1237//1861 1701//2434 1698//1844
f  1245//1868 1730//2458 1699//2432
f  1207//1836 1714//2445 1700//2433
f  1204//1833 1729//2457 1701//2434
f  1199//1828 1721//2450 1702//2435
f  1183//1812 1713//2444 1703//2436
f  1211//1839 1707//1840 1704//2437
f  1197//1826 1739//2464 1705//2438
f  1189//1818 1700//2433 1706//1855
f  1169//1799 1726//2455 1707//1840
f  1234//1858 1740//2465 1708//2439
f  1253//1875 1738//2463 1709//2440
f  1250//1872 1724//2453 1710//2441
f  1186//1815 1710//2441 1711//2442
f  1236//1860 1699//2432 1712//2443
f  1195//1824 1716//2447 1713//2444
f  1240//1864 1722//2451 1714//2445
f  1249//1852 1718//1852 1715//2446
f  1220//1847 1725//2454 1716//2447
f  1229//1853 1715//2446 1717//2448
f  1221//779 1733//779 1718//1852
f  1178//1808 1702//2435 1719//2449
f  1251//1873 1731//1848 1720//1850
f  1233//1857 1704//2437 1721//2450
f  1224//1849 1720//1850 1722//2451
f  1208//1837 1732//2459 1723//2452
f  1247//1870 1727//1871 1724//2453
f  1201//1830 1736//2461 1725//2454
f  1167//1797 1705//2438 1726//2455
f  1241//1865 1717//2448 1727//1871
f  1213//1841 1703//2436 1728//2456
f  1252//1874 1719//2449 1729//2457
f  1243//1867 1711//2442 1730//2458
f  1216//1844 1698//1844 1731//1848
f  1192//1821 1708//2439 1732//2459
f  1172//1802 1734//2460 1733//779
f  1246//1869 1737//2462 1734//2460
f  1219//1846 1712//2443 1735//821
f  1239//1863 1709//2440 1736//2461
f  1226//1851 1728//2456 1737//2462
f  1180//846 1697//846 1738//2463
f  1210//821 1735//821 1739//2464
f  1231//1855 1706//1855 1740//2465
f  1618//2466 1764//2514 1741//2467
f  1685//2469 1777//2535 1742//2470
f  1629//2472 1746//2479 1743//2473
f  1661//2475 1660//2533 1744//2476
f  1652//2478 1772//2528 1746//2479
f  1640//2480 1687//2512 1747//2481
f  1673//2483 1672//2544 1749//2484
f  1691//2486 1778//2536 1751//2487
f  1645//2489 1760//2503 1752//2490
f  1670//2492 1658//2491 1752//2490
f  1623//2494 1622//2517 1754//2495
f  1657//2497 1655//2507 1756//2498
f  1657//2497 1757//2499 1758//2500
f  1645//2489 1666//2548 1759//2502
f  1679//2504 1626//2488 1751//2487
f  1654//2506 1775//2532 1756//2498
f  1692//2508 1773//2529 1762//2509
f  1610//2511 1784//2551 1747//2481
f  1618//2466 1694//2553 1763//2513
f  1667//2515 1607//2510 1762//2509
f  1622//2517 1621//2552 1766//2518
f  1643//2519 1642//2549 1767//2520
f  1695//2522 1781//2541 1769//2523
f  1667//2515 1765//2516 1770//2525
f  1652//2478 1651//2542 1771//2527
f  1692//2508 1637//2468 1741//2467
f  1681//2530 1632//2526 1770//2525
f  1654//2506 1683//2524 1769//2523
f  1660//2533 1615//2546 1776//2534
f  1685//2469 1640//2480 1748//2482
f  1676//2501 1758//2500 1778//2536
f  1648//2537 1782//2543 1779//2538
f  1695//2522 1688//2550 1780//2540
f  1679//2504 1761//2505 1771//2527
f  1648//2537 1630//2474 1743//2473
f  1670//2492 1753//2493 1749//2484
f  1613//2545 1783//2547 1776//2534
f  1613//2545 1643//2519 1768//2521
f  1666//2548 1675//2471 1742//2470
f  1623//2494 1755//2496 1767//2520
f  1681//2530 1774//2531 1780//2540
f  1610//2511 1661//2475 1745//2477
f  1663//2539 1779//2538 1766//2518
f  1694//2553 1673//2483 1750//2485
f  1768//2521 1767//2520 1785//2554
f  1781//2541 1801//2570 1787//2556
f  1765//2516 1828//2597 1788//2557
f  1772//2528 1771//2527 1789//2558
f  1773//2529 1741//2467 1791//2560
f  1774//2531 1770//2525 1788//2557
f  1775//2532 1769//2523 1787//2556
f  1776//2534 1805//2574 1795//2564
f  1777//2535 1748//2482 1796//2565
f  1758//2500 1823//2592 1798//2567
f  1782//2543 1803//2572 1799//2568
f  1781//2541 1780//2540 1800//2569
f  1761//2505 1825//2594 1789//2558
f  1782//2543 1743//2473 1802//2571
f  1753//2493 1818//2587 1804//2573
f  1783//2547 1806//2575 1805//2574
f  1783//2547 1768//2521 1786//2555
f  1759//2502 1742//2470 1807//2576
f  1755//2496 1820//2589 1785//2554
f  1774//2531 1793//2562 1800//2569
f  1745//2477 1813//2582 1809//2578
f  1779//2538 1799//2568 1810//2579
f  1763//2513 1750//2485 1811//2580
f  1764//2514 1827//2596 1791//2560
f  1777//2535 1797//2566 1807//2576
f  1746//2479 1814//2583 1802//2571
f  1745//2477 1744//2476 1795//2564
f  1772//2528 1790//2559 1814//2583
f  1748//2482 1747//2481 1815//2584
f  1750//2485 1749//2484 1804//2573
f  1778//2536 1798//2567 1816//2585
f  1760//2503 1824//2593 1817//2586
f  1752//2490 1817//2586 1818//2587
f  1755//2496 1754//2495 1819//2588
f  1757//2499 1756//2498 1821//2590
f  1757//2499 1822//2591 1823//2592
f  1760//2503 1759//2502 1808//2577
f  1761//2505 1751//2487 1816//2585
f  1775//2532 1794//2563 1821//2590
f  1773//2529 1792//2561 1826//2595
f  1784//2551 1809//2578 1815//2584
f  1764//2514 1763//2513 1812//2581
f  1765//2516 1762//2509 1826//2595
f  1754//2495 1766//2518 1810//2579
f  1808//2577 1807//2576 1829//2598
f  1820//2589 1849//2618 1831//2600
f  1793//2562 1864//2633 1832//2601
f  1813//2582 1840//2609 1833//2602
f  1799//2568 1868//2637 1834//2603
f  1812//2581 1811//2580 1835//2604
f  1827//2596 1856//2625 1837//2606
f  1797//2566 1866//2635 1829//2598
f  1814//2583 1841//2610 1838//2607
f  1813//2582 1795//2564 1839//2608
f  1790//2559 1862//2631 1841//2610
f  1796//2565 1815//2584 1842//2611
f  1811//2580 1804//2573 1844//2613
f  1798//2567 1867//2636 1845//2614
f  1824//2593 1853//2622 1846//2615
f  1818//2587 1817//2586 1846//2615
f  1820//2589 1819//2588 1848//2617
f  1822//2591 1821//2590 1850//2619
f  1822//2591 1851//2620 1852//2621
f  1824//2593 1808//2577 1830//2599
f  1825//2594 1816//2585 1845//2614
f  1794//2563 1865//2634 1850//2619
f  1792//2561 1863//2632 1855//2624
f  1809//2578 1833//2602 1842//2611
f  1827//2596 1812//2581 1836//2605
f  1828//2597 1826//2595 1855//2624
f  1819//2588 1810//2579 1834//2603
f  1786//2555 1785//2554 1831//2600
f  1801//2570 1869//2638 1859//2628
f  1828//2597 1857//2626 1860//2629
f  1790//2559 1789//2558 1861//2630
f  1792//2561 1791//2560 1837//2606
f  1793//2562 1788//2557 1860//2629
f  1794//2563 1787//2556 1859//2628
f  1805//2574 1871//2640 1839//2608
f  1797//2566 1796//2565 1843//2612
f  1798//2567 1823//2592 1852//2621
f  1803//2572 1870//2639 1868//2637
f  1801//2570 1800//2569 1832//2601
f  1825//2594 1854//2623 1861//2630
f  1803//2572 1802//2571 1838//2607
f  1818//2587 1847//2616 1844//2613
f  1806//2575 1872//2641 1871//2640
f  1806//2575 1786//2555 1858//2627
f  1865//2642 1884//2670 1873//2643
f  1863//1820 1883//2667 1874//2644
f  1833//2646 1896//2699 1875//2647
f  1836//2649 1898//2702 1876//2650
f  1855//2645 1874//2644 1877//2652
f  1834//2654 1897//2700 1878//2655
f  1831//2657 1894//2657 1879//1838
f  1869//2659 1887//2682 1880//2461
f  1857//2653 1877//2652 1881//2661
f  1861//2663 1888//2684 1882//2664
f  1837//2666 1899//2703 1883//2667
f  1860//2662 1881//2661 1636//2668
f  1859//2660 1880//2461 1884//2670
f  1871//2671 1891//2691 1885//2672
f  1843//2674 1904//2707 1886//2435
f  1852//2676 1911//2717 1635//2677
f  1870//2679 1889//2686 1634//1872
f  1832//2681 1895//2697 1887//2682
f  1854//2683 1913//2719 1888//2684
f  1838//2685 1901//2705 1889//2686
f  1847//2687 1908//2713 1890//2688
f  1872//2690 1892//2692 1891//2691
f  1858//2658 1879//1838 1892//2692
f  1829//2693 1900//2704 1893//2694
f  1849//2696 1909//2714 1894//2657
f  1864//2669 1636//2668 1895//2697
f  1840//2698 1902//2706 1896//2699
f  1868//2680 1634//1872 1897//2700
f  1835//2701 1905//2708 1898//2702
f  1856//2651 1876//2650 1899//2703
f  1866//2675 1886//2435 1900//2704
f  1841//2446 1903//2446 1901//2705
f  1839//2673 1885//2672 1902//2706
f  1862//2665 1882//2664 1903//2446
f  1842//2648 1875//2647 1904//2707
f  1844//2689 1890//2688 1905//2708
f  1867//2678 1635//2677 1906//2462
f  1853//2710 1912//2718 1907//2711
f  1846//2712 1907//2711 1908//2713
f  1848//2656 1878//2655 1909//2714
f  1850//2643 1873//2643 1910//2715
f  1851//2716 1910//2715 1911//2717
f  1830//2695 1893//2694 1912//2718
f  1845//2709 1906//2462 1913//2719
f  1734//2720 1678//2756 1696//2721
f  1709//2723 1738//2742 1689//2724
f  1714//2726 1722//2761 1671//2727
f  1739//2729 1616//2804 1693//2730
f  1740//2732 1706//2795 1638//2733
f  1703//2735 1677//2758 1625//2736
f  1731//2738 1669//2763 1690//2739
f  1697//2741 1680//2754 1689//2724
f  1707//2743 1611//2805 1639//2744
f  1725//2746 1736//2752 1684//2747
f  1702//2749 1721//2793 1641//2750
f  1709//2723 1682//2725 1684//2747
f  1697//2741 1723//2796 1633//2753
f  1734//2720 1737//2798 1627//2755
f  1713//2757 1656//2782 1677//2758
f  1702//2749 1674//2751 1665//2759
f  1722//2761 1720//2740 1690//2739
f  1698//2762 1659//2780 1669//2763
f  1718//2764 1650//2784 1668//2765
f  1732//2767 1708//2806 1608//2768
f  1729//2770 1719//2760 1665//2759
f  1727//2772 1647//2789 1664//2773
f  1724//2774 1664//2773 1662//2775
f  1726//2777 1705//2731 1693//2730
f  1701//2779 1646//2790 1659//2780
f  1713//2757 1716//2783 1653//2781
f  1725//2746 1686//2748 1653//2781
f  1718//2764 1733//2722 1696//2721
f  1730//2785 1624//2800 1649//2786
f  1727//2772 1717//2797 1628//2788
f  1701//2779 1729//2770 1644//2771
f  1712//2791 1699//2787 1649//2786
f  1721//2793 1704//2745 1639//2744
f  1700//2794 1619//2802 1638//2733
f  1732//2767 1631//2769 1633//2753
f  1715//2766 1668//2765 1628//2788
f  1728//2737 1625//2736 1627//2755
f  1730//2785 1711//2801 1620//2799
f  1711//2801 1710//2776 1662//2775
f  1700//2794 1714//2726 1617//2728
f  1735//2803 1614//2803 1616//2804
f  1735//2803 1712//2791 1612//2792
f  1726//2777 1609//2778 1611//2805
f  1740//2732 1606//2734 1608//2768

# Mesh 'AM3_Trunk_Detailed_HD_002-mesh' with 329 faces
g AM3_Trunk_Detailed_HD_002-mesh
usemtl LWL
f  1914//3 1117//3 1116//3
f  1915//2833 1123//2833 1916//2833
f  1917//2834 1071//2834 1069//2834
f  1918//2835 1110//2835 1120//2835
f  1919//15 1055//15 1920//15
f  1916//2833 1111//2836 1921//2836
f  1922//2837 1089//2837 1088//2837
f  1923//2838 1061//2838 1924//2838
f  1114//3 1925//3 1116//3
f  1926//3 1120//2835 1118//3
f  1921//2839 1110//2839 1927//2839
f  1928//2840 1061//2840 1130//2840
f  1929//2841 1075//2841 1930//2841
f  1931//3 1095//3 1932//3
f  1933//2842 1093//2842 1091//2842
f  1934//2843 1051//2843 1935//2843
f  1935//15 1039//15 1936//15
f  1936//2844 1052//2844 1937//2844
f  1937//2845 1053//2845 1919//2845
f  1920//15 1057//15 1938//15
f  1938//15 1058//15 1939//15
f  1939//15 963//15 1940//15
f  1941//15 963//15 962//15
f  1942//15 962//15 1003//15
f  1943//15 1003//15 1004//15
f  1944//15 1004//15 1005//15
f  1945//2846 1005//2846 1007//2846
f  1946//15 1007//15 1009//15
f  1947//2847 1009//2847 957//2847
f  1948//15 957//15 1010//15
f  1915//2848 1935//2848 1936//2848
f  1940//2849 1923//2849 1924//2849
f  1949//2850 1950//2850 1028//2850
f  1028//15 1950//15 1951//15
f  1028//15 1951//15 1033//2851
f  1033//2851 1951//15 1952//15
f  1033//2851 1952//15 1032//2852
f  1032//2852 1952//15 1953//15
f  1032//2852 1953//15 1031//15
f  1031//15 1953//15 1954//2853
f  1031//15 1954//2853 1030//15
f  1030//15 1954//2853 1955//2854
f  1030//15 1955//2854 1029//15
f  1029//15 1955//2854 1956//15
f  1029//2855 1956//2855 1027//2855
f  1027//15 1956//15 1957//15
f  1027//15 1957//15 1025//15
f  1025//15 1957//15 1958//15
f  1025//15 1958//15 1026//15
f  1026//15 1958//15 1959//15
f  1026//15 1959//15 1024//15
f  1024//2856 1959//2856 1960//2856
f  1024//15 1960//15 1011//15
f  1011//15 1960//15 1961//15
f  1011//15 1961//15 1023//15
f  1023//2857 1961//2857 1962//2857
f  1023//2858 1962//2858 1022//2858
f  1022//15 1962//15 1963//15
f  1022//15 1963//15 1021//15
f  1021//15 1963//15 1964//15
f  1021//2859 1964//2859 1020//2859
f  1020//15 1964//15 1965//15
f  1020//2859 1965//2860 1019//2860
f  1019//15 1965//15 1966//15
f  1019//2860 1966//2861 1018//2861
f  1018//15 1966//15 1967//15
f  1018//15 1967//15 1017//15
f  1017//2862 1967//2862 1968//2862
f  1017//2863 1968//2863 1016//2863
f  1016//15 1968//15 1969//15
f  1016//15 1969//15 1015//15
f  1015//15 1969//15 1970//15
f  1015//2864 1970//2864 1014//2864
f  1014//2865 1970//2865 1971//2865
f  1014//15 1971//15 1013//15
f  1013//15 1971//15 1972//15
f  1013//15 1972//15 1012//15
f  1012//15 1972//15 1973//15
f  1012//2866 1973//2866 1010//2866
f  1010//15 1973//15 1948//15
f  1050//15 1934//15 1049//15
f  1049//15 1934//15 1974//15
f  1049//15 1974//15 1048//15
f  1048//15 1974//15 1975//15
f  1048//15 1975//15 1047//15
f  1047//15 1975//15 1976//15
f  1047//15 1976//15 1046//15
f  1046//15 1976//15 1977//15
f  1046//15 1977//15 1045//15
f  1045//15 1977//15 1978//15
f  1045//15 1978//15 1044//15
f  1044//2867 1978//2867 1979//2867
f  1044//15 1979//15 1043//15
f  1043//15 1979//15 1980//15
f  1043//2868 1980//2868 1042//2868
f  1042//15 1980//15 1981//15
f  1042//15 1981//15 1041//15
f  1041//15 1981//15 1982//15
f  1041//15 1982//15 1040//15
f  1040//15 1982//15 1983//15
f  1040//15 1983//15 1038//15
f  1038//2869 1983//2869 1984//2869
f  1038//15 1984//15 1035//15
f  1035//15 1984//15 1985//15
f  1035//15 1985//15 1037//15
f  1037//2870 1985//2870 1986//2870
f  1037//15 1986//15 1036//15
f  1036//15 1986//15 1987//15
f  1036//15 1987//15 1034//15
f  1034//2871 1987//2871 1949//2850
f  1034//2872 1949//2872 1028//2872
f  1988//2873 1941//2873 1942//2873
f  1989//2874 1942//2874 1943//2874
f  1990//2875 1943//2875 1944//2875
f  1991//2876 1944//2876 1945//2876
f  1917//2877 1945//2877 1946//2877
f  1992//2878 1946//2878 1947//2878
f  1993//2879 1947//2879 1948//2879
f  1994//2880 1948//2880 1973//2880
f  1995//2881 1973//2881 1972//2881
f  1996//2882 1972//2882 1971//2882
f  1997//2883 1971//2883 1970//2883
f  1998//2884 1970//2884 1969//2884
f  1999//2885 1969//2885 1968//2885
f  2000//2886 1968//2886 1967//2886
f  2001//2887 1967//2887 1966//2887
f  2002//2888 1966//2888 1965//2888
f  2003//2889 1965//2889 1964//2889
f  1930//2890 1964//2890 1963//2890
f  1929//2891 1963//2891 1962//2891
f  2004//2892 1962//2892 1961//2892
f  2005//2893 1961//2893 1960//2893
f  2006//2894 1960//2894 1959//2894
f  1933//2895 1959//2895 1958//2895
f  2007//2896 1958//2896 1957//2896
f  1922//2897 1957//2897 1956//2897
f  2008//2898 1956//2898 1955//2898
f  1932//2899 1955//2899 1954//2899
f  1931//2900 1954//2900 1953//2900
f  2009//2901 1953//2901 1952//2901
f  2010//2902 1952//2902 1951//2902
f  2011//2903 1951//2903 1950//2903
f  2012//2904 1950//2904 1949//2904
f  2013//2905 1949//2905 1987//2905
f  2014//2906 1987//2906 1986//2906
f  2015//2907 1986//2907 1985//2907
f  2016//2908 1985//2908 1984//2908
f  2017//2909 1984//2909 1983//2909
f  2018//2910 1983//2910 1982//2910
f  2019//2911 1982//2911 1981//2911
f  2020//2912 1981//2912 1980//2912
f  1925//1584 1980//1584 1979//1584
f  1914//2913 1979//2913 1978//2913
f  2021//2914 1978//2914 1977//2914
f  1926//2915 1977//2915 1976//2915
f  1918//2916 1976//2916 1975//2916
f  1927//2917 1975//2917 1974//2917
f  1921//2918 1974//2918 1934//2918
f  1916//2919 1934//2919 1935//2919
f  2022//2920 1936//2920 1937//2920
f  2023//2921 1937//2921 1919//2921
f  2024//2922 1919//2922 1920//2922
f  2025//2923 1920//2923 1938//2923
f  1928//2924 1938//2924 1939//2924
f  1924//2925 1939//2925 1940//2925
f  1116//3 1925//3 1914//3
f  2020//2926 1113//2926 2019//2926
f  2019//2926 1112//3 2018//3
f  2002//3 1086//3 1085//3
f  2017//3 1103//3 2016//3
f  2015//2927 1103//2927 1102//2927
f  2014//2928 1102//2928 1108//2928
f  2013//2929 1108//2928 1106//2929
f  2004//2930 1076//2930 1929//2930
f  2003//2931 1075//2931 1086//3
f  1996//2932 1074//2932 1995//2932
f  2001//3 1085//3 1084//3
f  2000//3 1084//3 1082//3
f  1090//3 2006//3 1091//2842
f  1126//2933 2022//2933 2023//2933
f  2007//2934 1088//2837 1093//2842
f  2011//3 1100//3 2010//3
f  1991//2935 1069//2935 1067//2935
f  1091//2936 2006//3 1933//2936
f  1990//3 1065//3 1989//3
f  1989//3 1063//3 1988//3
f  1988//3 1062//3 1923//3
f  2025//2937 1130//2840 1129//2937
f  2024//2938 1129//2937 1127//2938
f  2023//2933 1127//2938 1126//2933
f  1104//2939 2011//3 2012//2939
f  1082//3 1999//3 2000//3
f  1998//2940 1079//2940 1997//2940
f  1997//2940 1078//3 1996//2932
f  2018//3 1109//2941 2017//3
f  1995//2932 1060//3 1994//3
f  1993//2942 1060//2942 1059//2942
f  1992//2943 1059//2943 1071//2834
f  1067//2935 1990//3 1991//2935
f  2005//3 1087//3 2004//2930
f  2022//2933 1125//3 1915//2833
f  2010//3 1098//3 2009//3
f  2009//3 1097//3 1931//3
f  2012//2944 1106//2929 1104//2944
f  2008//2945 1095//3 1089//2837
f  1081//3 1999//3 1082//3
f  2021//3 1118//3 1117//3
f  1914//3 2021//3 1117//3
f  1915//2946 1125//3 1123//2946
f  1917//2947 1992//2947 1071//2947
f  1918//2835 1927//2839 1110//2839
f  1919//15 1053//15 1055//15
f  1916//2948 1123//2946 1111//2948
f  1922//2837 2008//2945 1089//2837
f  1923//3 1062//3 1061//2840
f  1114//3 2020//2926 1925//3
f  1926//3 1918//2941 1120//2941
f  1921//2836 1111//2836 1110//2835
f  1928//2949 1924//2949 1061//2949
f  1929//2930 1076//2930 1075//2931
f  1931//3 1097//3 1095//3
f  1933//2936 2007//2934 1093//2842
f  1934//15 1050//15 1051//15
f  1935//2950 1051//2950 1039//2950
f  1936//15 1039//15 1052//15
f  1937//2951 1052//2951 1053//2951
f  1920//15 1055//15 1057//15
f  1938//15 1057//15 1058//15
f  1939//15 1058//15 963//15
f  1941//15 1940//15 963//15
f  1942//15 1941//15 962//15
f  1943//15 1942//15 1003//15
f  1944//15 1943//15 1004//15
f  1945//2952 1944//2952 1005//2952
f  1946//2953 1945//2953 1007//2953
f  1947//15 1946//15 1009//15
f  1948//2954 1947//2954 957//2954
f  1915//2848 1916//2955 1935//2848
f  1940//2849 1941//2956 1923//2849
f  1988//2873 1923//2957 1941//2873
f  1989//2874 1988//2958 1942//2874
f  1990//2875 1989//2959 1943//2875
f  1991//2876 1990//2960 1944//2876
f  1917//2877 1991//2961 1945//2877
f  1992//2878 1917//2878 1946//2878
f  1993//2879 1992//2962 1947//2879
f  1994//2880 1993//2963 1948//2880
f  1995//2881 1994//2881 1973//2881
f  1996//2882 1995//2964 1972//2882
f  1997//2883 1996//2883 1971//2883
f  1998//2884 1997//2965 1970//2884
f  1999//2885 1998//2885 1969//2885
f  2000//2886 1999//2886 1968//2886
f  2001//2887 2000//2966 1967//2887
f  2002//2888 2001//2888 1966//2888
f  2003//2889 2002//2967 1965//2889
f  1930//2890 2003//2890 1964//2890
f  1929//2891 1930//2968 1963//2891
f  2004//2892 1929//2969 1962//2892
f  2005//2893 2004//2970 1961//2893
f  2006//2894 2005//2971 1960//2894
f  1933//2895 2006//1575 1959//2895
f  2007//2896 1933//2972 1958//2896
f  1922//2897 2007//2973 1957//2897
f  2008//2898 1922//2974 1956//2898
f  1932//2899 2008//2899 1955//2899
f  1931//2900 1932//2900 1954//2900
f  2009//2901 1931//2975 1953//2901
f  2010//2902 2009//2976 1952//2902
f  2011//2903 2010//2903 1951//2903
f  2012//2904 2011//2977 1950//2904
f  2013//2905 2012//2978 1949//2905
f  2014//2906 2013//2979 1987//2906
f  2015//2907 2014//2980 1986//2907
f  2016//2908 2015//2981 1985//2908
f  2017//2909 2016//2982 1984//2909
f  2018//2910 2017//2983 1983//2910
f  2019//2911 2018//2984 1982//2911
f  2020//2912 2019//2985 1981//2912
f  1925//1584 2020//2986 1980//1584
f  1914//2913 1925//1585 1979//2913
f  2021//2914 1914//2987 1978//2914
f  1926//2915 2021//2988 1977//2915
f  1918//2916 1926//2989 1976//2916
f  1927//2917 1918//2990 1975//2917
f  1921//2918 1927//2991 1974//2918
f  1916//2919 1921//2992 1934//2919
f  2022//2920 1915//2993 1936//2920
f  2023//2921 2022//2994 1937//2921
f  2024//2922 2023//2922 1919//2922
f  2025//2923 2024//2995 1920//2923
f  1928//2924 2025//2996 1938//2924
f  1924//2925 1928//2997 1939//2925
f  2020//2926 1114//3 1113//2926
f  2019//2926 1113//2926 1112//3
f  2002//3 2003//2932 1086//3
f  2017//3 1109//2998 1103//2927
f  2015//2999 2016//3 1103//3
f  2014//3000 2015//2927 1102//2927
f  2013//2929 2014//3000 1108//2928
f  2004//3001 1087//3 1076//3001
f  2003//2932 1930//2841 1075//2931
f  1996//2932 1078//3 1074//2932
f  2001//3 2002//3 1085//3
f  2000//3 2001//3 1084//3
f  1090//3 2005//3 2006//3
f  2007//2934 1922//2837 1088//2837
f  2011//3 1104//2944 1100//3
f  1991//2935 1917//2947 1069//2935
f  1990//3 1067//2935 1065//3
f  1989//3 1065//3 1063//3
f  1988//3 1063//3 1062//3
f  2025//2937 1928//2840 1130//2840
f  2024//2938 2025//2937 1129//2937
f  2023//2933 2024//2938 1127//2938
f  1998//2940 1081//3 1079//2940
f  1997//2940 1079//2940 1078//3
f  2018//3 1112//3 1109//2998
f  1995//3002 1074//3002 1060//2942
f  1993//3003 1994//3 1060//3
f  1992//2947 1993//2942 1059//2942
f  2005//3 1090//3 1087//3
f  2022//2933 1126//2933 1125//3
f  2010//3 1100//3 1098//3
f  2009//3 1098//3 1097//3
f  2012//2939 2013//3004 1106//3004
f  2008//2945 1932//3 1095//3
f  1081//3 1998//2940 1999//3
f  2021//3 1926//3 1118//3

# Mesh 'Cube-mesh' with 234 faces
g Cube-mesh
usemtl base
f  2026/1/3005 2027/2/3005 2028/3/3005
f  2029/4/3006 2030/5/3006 2031/6/3006
f  2032/7/3007 2033/8/3007 2034/9/3007
f  2035/10/3006 2036/11/3006 2037/12/3006
f  2038/13/3008 2039/14/3008 2040/15/3008
f  2041/16/3009 2038/13/3009 2040/15/3009
f  2042/17/3010 2043/18/3010 2039/14/3010
f  2044/19/3011 2045/20/3011 2041/16/3011
f  2046/21/3012 2047/22/3012 2044/19/3012
f  2035/10/3013 2043/18/3013 2048/23/3013
f  2049/24/3014 2050/25/3014 2035/26/3014
f  2051/27/3006 2052/28/3006 2053/29/3006
f  2054/30/3015 2055/31/3015 2053/32/3015
f  2056/33/3016 2057/34/3016 2058/35/3016
f  2054/36/3006 2057/37/3006 2059/38/3006
f  2060/39/3017 2061/40/3017 2057/41/3017
f  2062/42/3018 2063/43/3018 2064/44/3018
f  2065/45/3006 2066/46/3006 2067/47/3006
f  2068/48/3019 2069/49/3019 2032/50/3019
f  2032/50/3020 2070/51/3020 2071/52/3020
f  2072/53/3021 2073/54/3021 2068/48/3021
f  2065/45/3022 2072/53/3022 2074/55/3022
f  2075/56/3023 2065/57/3023 2076/58/3023
f  2077/59/3006 2076/60/3006 2078/61/3006
f  2079/62/3024 2080/63/3024 2029/64/3024
f  2081/65/3006 2079/66/3006 2082/67/3006
f  2026/68/3025 2083/69/3025 2084/70/3025
f  2053/71/3026 2085/72/3026 2086/73/3026
f  2034/74/3027 2087/75/3027 2088/76/3027
f  2089/77/3025 2090/78/3025 2091/79/3025
f  2092/80/3028 2093/81/3028 2094/82/3028
f  2095/83/3029 2093/81/3029 2096/84/3029
f  2097/85/3030 2098/86/3030 2092/80/3030
f  2099/87/3031 2096/84/3031 2100/88/3031
f  2101/89/3032 2100/88/3032 2102/90/3032
f  2089/77/3033 2097/85/3033 2103/91/3033
f  2104/92/3034 2089/93/3034 2100/94/3034
f  2043/95/3035 2090/96/3035 2097/97/3035
f  2102/90/3025 2105/41/3025 2085/98/3025
f  2105/99/3015 2106/100/3015 2085/101/3015
f  2061/64/3036 2084/102/3036 2083/62/3036
f  2107/103/3025 2061/104/3025 2106/105/3025
f  2108/106/3017 2087/107/3017 2033/108/3017
f  2109/109/3025 2110/110/3025 2111/111/3025
f  2112/112/3037 2113/113/3037 2034/74/3037
f  2088/76/3027 2112/112/3038 2034/74/3027
f  2114/114/3039 2115/115/3039 2113/113/3039
f  2109/109/3040 2115/115/3040 2116/116/3040
f  2117/117/3041 2118/118/3041 2109/119/3041
f  2068/120/3017 2032/121/3017 2113/122/3017
f  2119/123/3025 2120/124/3025 2117/125/3025
f  2121/126/3042 2122/127/3042 2062/128/3042
f  2123/129/3043 2122/130/3043 2124/65/3043
f  2088/131/3018 2125/132/3018 2071/133/3018
f  2071/52/3020 2108/134/3044 2032/50/3020
f  2126/127/3015 2079/36/3015 2122/105/3015
f  2127/135/3017 2081/136/3017 2082/125/3017
f  2070/137/3045 2128/138/3045 2129/139/3045
f  2123/140/3017 2120/141/3017 2130/142/3017
f  2091/143/3046 2050/144/3046 2055/145/3046
f  2067/146/3047 2118/147/3047 2120/148/3047
f  2131/149/3018 2057/150/3018 2061/151/3018
f  2027/2/3007 2132/152/3007 2028/3/3007
f  2133/153/3048 2134/154/3048 2132/152/3048
f  2135/155/3018 2029/156/3018 2031/157/3018
f  2122/158/3018 2135/155/3018 2063/43/3018
f  2136/159/3018 2058/160/3018 2057/150/3018
f  2132/152/3048 2030/161/3048 2137/162/3048
f  2138/163/3025 2139/164/3025 2026/68/3025
f  2083/165/3018 2131/149/3018 2061/151/3018
f  2058/166/3006 2134/167/3006 2056/168/3006
f  2138/169/3005 2028/3/3005 2140/170/3005
f  2138/169/3005 2141/171/3005 2121/172/3005
f  2062/173/3025 2138/163/3025 2121/174/3025
f  2140/170/3007 2142/175/3007 2141/171/3007
f  2142/175/3048 2030/161/3048 2080/176/3048
f  2063/43/3018 2136/159/3018 2131/149/3018
f  2135/155/3018 2143/177/3018 2136/159/3018
f  2139/178/3018 2063/43/3018 2131/149/3018
f  2143/179/3006 2030/5/3006 2134/167/3006
f  2026/1/3005 2084/180/3005 2027/2/3005
f  2029/4/3006 2080/181/3006 2030/5/3006
f  2032/7/3007 2108/182/3007 2033/8/3007
f  2035/10/3006 2050/183/3006 2036/11/3006
f  2038/13/3008 2042/17/3049 2039/14/3008
f  2041/16/3009 2045/20/3050 2038/13/3009
f  2042/17/3010 2048/23/3051 2043/18/3010
f  2044/19/3011 2047/22/3052 2045/20/3011
f  2046/21/3053 2051/27/3053 2047/22/3053
f  2035/10/3022 2037/12/3022 2043/18/3022
f  2035/26/3054 2048/184/3054 2047/185/3054
f  2048/184/3054 2042/186/3055 2045/187/3055
f  2042/186/3015 2038/188/3015 2045/187/3015
f  2045/187/3015 2047/185/3015 2048/184/3015
f  2047/185/3056 2051/99/3056 2035/26/3056
f  2051/99/3057 2049/24/3057 2035/26/3057
f  2055/189/3006 2049/190/3006 2051/27/3006
f  2051/27/3006 2046/21/3006 2052/28/3006
f  2053/29/3006 2055/189/3006 2051/27/3006
f  2054/30/3015 2059/128/3015 2055/31/3015
f  2056/33/3058 2133/191/3058 2057/34/3058
f  2060/192/3006 2057/37/3006 2054/36/3006
f  2057/37/3006 2133/29/3006 2059/38/3006
f  2060/39/3017 2086/193/3017 2061/40/3017
f  2062/42/3018 2122/158/3018 2063/43/3018
f  2065/45/3006 2074/55/3006 2066/46/3006
f  2068/48/3019 2073/54/3059 2069/49/3019
f  2032/50/3020 2069/49/3060 2070/51/3020
f  2072/53/3021 2075/194/3061 2073/54/3021
f  2065/45/3062 2075/194/3062 2072/53/3062
f  2065/57/3041 2067/195/3041 2078/196/3041
f  2076/58/3063 2070/197/3063 2069/198/3063
f  2069/198/3063 2073/199/3064 2076/58/3063
f  2073/199/3065 2075/56/3023 2076/58/3023
f  2065/57/3066 2078/196/3066 2076/58/3066
f  2077/59/3006 2127/200/3006 2076/60/3006
f  2079/62/3067 2142/201/3067 2080/63/3067
f  2142/202/3006 2079/66/3006 2081/65/3006
f  2079/66/3006 2128/203/3006 2082/67/3006
f  2026/68/3025 2139/164/3025 2083/69/3025
f  2086/73/3026 2060/38/3068 2053/71/3026
f  2060/38/3068 2054/29/3018 2053/71/3026
f  2053/71/3026 2052/204/3069 2144/205/3069
f  2085/72/3026 2106/206/3018 2086/73/3026
f  2053/71/3026 2144/205/3069 2085/72/3026
f  2034/74/3027 2033/207/3070 2087/75/3027
f  2089/77/3025 2103/91/3025 2090/78/3025
f  2092/80/3028 2098/86/3071 2093/81/3028
f  2095/83/3029 2094/82/3072 2093/81/3029
f  2097/85/3030 2104/208/3073 2098/86/3030
f  2099/87/3031 2095/83/3074 2096/84/3031
f  2101/89/3075 2099/87/3075 2100/88/3075
f  2089/77/3076 2104/208/3076 2097/85/3076
f  2089/93/3014 2091/209/3014 2145/58/3014
f  2145/58/3077 2102/210/3077 2089/93/3077
f  2102/210/3078 2100/94/3078 2089/93/3078
f  2100/94/3034 2096/211/3079 2104/92/3034
f  2096/211/3079 2093/212/3015 2098/213/3015
f  2104/92/3034 2096/211/3079 2098/213/3080
f  2144/214/3081 2052/215/3081 2044/216/3081
f  2052/215/3082 2046/217/3082 2044/216/3082
f  2099/218/3083 2101/219/3083 2144/214/3083
f  2095/220/3015 2099/218/3015 2041/221/3015
f  2099/218/3015 2144/214/3081 2044/216/3081
f  2041/221/3015 2099/218/3015 2044/216/3081
f  2041/221/3015 2040/222/3015 2095/220/3015
f  2095/220/3015 2040/222/3015 2094/223/3015
f  2040/222/3015 2039/224/3015 2094/223/3015
f  2043/95/3084 2037/225/3084 2036/226/3084
f  2094/223/3015 2039/224/3015 2092/227/3015
f  2039/224/3015 2043/95/3035 2092/227/3015
f  2043/95/3035 2036/226/3035 2090/96/3035
f  2090/96/3085 2103/228/3085 2097/97/3085
f  2097/97/3035 2092/227/3015 2043/95/3035
f  2102/90/3025 2145/229/3025 2105/41/3025
f  2085/98/3025 2144/230/3025 2102/90/3025
f  2144/230/3025 2101/89/3025 2102/90/3025
f  2105/99/3015 2107/231/3015 2106/100/3015
f  2061/64/3086 2027/215/3086 2084/102/3086
f  2027/232/3025 2061/104/3025 2107/103/3025
f  2061/104/3025 2086/233/3025 2106/105/3025
f  2108/106/3017 2125/234/3017 2087/107/3017
f  2109/109/3025 2118/235/3025 2110/110/3025
f  2112/112/3037 2114/114/3037 2113/113/3037
f  2088/76/3027 2129/236/3087 2112/112/3038
f  2114/114/3039 2116/116/3088 2115/115/3039
f  2109/109/3033 2111/111/3033 2115/115/3033
f  2109/119/3089 2116/237/3089 2119/238/3089
f  2116/237/3090 2114/239/3090 2119/238/3090
f  2114/239/3090 2112/240/3091 2119/238/3090
f  2112/240/3092 2129/241/3092 2119/238/3092
f  2119/238/3093 2117/117/3093 2109/119/3093
f  2110/242/3094 2066/243/3094 2072/244/3094
f  2066/243/3095 2074/245/3095 2072/244/3095
f  2115/246/3096 2111/247/3096 2110/242/3096
f  2032/121/3017 2034/248/3017 2113/122/3017
f  2113/122/3017 2115/246/3017 2068/120/3017
f  2115/246/3017 2110/242/3094 2072/244/3094
f  2068/120/3017 2115/246/3017 2072/244/3094
f  2119/123/3025 2130/249/3025 2120/124/3025
f  2121/126/3097 2141/250/3097 2122/127/3097
f  2126/251/3025 2122/130/3043 2123/129/3043
f  2122/130/3043 2141/252/3025 2124/65/3043
f  2088/131/3018 2087/253/3018 2125/132/3018
f  2071/52/3020 2125/235/3098 2108/134/3044
f  2126/127/3015 2128/254/3015 2079/36/3015
f  2127/135/3017 2077/255/3017 2081/136/3017
f  2088/131/3018 2071/133/3018 2129/139/3045
f  2071/133/3018 2070/137/3045 2129/139/3045
f  2070/137/3045 2076/256/3018 2127/257/3018
f  2127/257/3018 2082/258/3018 2128/138/3045
f  2128/138/3099 2126/259/3099 2129/139/3099
f  2126/259/3018 2123/260/3018 2130/261/3018
f  2130/261/3100 2119/262/3100 2129/139/3100
f  2126/259/3101 2130/261/3101 2129/139/3101
f  2070/137/3045 2127/257/3018 2128/138/3045
f  2123/140/3017 2124/182/3017 2120/141/3017
f  2059/263/3007 2133/153/3007 2055/145/3046
f  2133/153/3007 2027/2/3007 2055/145/3046
f  2027/2/3007 2107/264/3007 2105/265/3007
f  2105/265/3007 2145/266/3007 2091/143/3046
f  2091/143/3102 2090/267/3102 2036/268/3102
f  2050/144/3046 2049/269/3007 2055/145/3046
f  2091/143/3102 2036/268/3102 2050/144/3103
f  2027/2/3007 2105/265/3007 2055/145/3046
f  2105/265/3007 2091/143/3046 2055/145/3046
f  2124/270/3007 2141/171/3007 2120/148/3047
f  2141/171/3007 2142/175/3007 2120/148/3047
f  2142/175/3007 2081/271/3007 2077/272/3007
f  2077/272/3007 2078/273/3007 2067/146/3047
f  2067/146/3104 2066/274/3104 2110/275/3104
f  2118/147/3047 2117/276/3007 2120/148/3047
f  2067/146/3104 2110/275/3104 2118/147/3105
f  2142/175/3007 2077/272/3007 2120/148/3047
f  2077/272/3007 2067/146/3047 2120/148/3047
f  2131/149/3018 2136/159/3018 2057/150/3018
f  2027/2/3007 2133/153/3007 2132/152/3007
f  2133/153/3048 2056/277/3048 2134/154/3048
f  2135/155/3018 2079/278/3018 2029/156/3018
f  2122/158/3018 2079/278/3018 2135/155/3018
f  2136/159/3018 2143/177/3018 2058/160/3018
f  2132/152/3048 2134/154/3048 2030/161/3048
f  2138/163/3025 2064/279/3106 2139/164/3025
f  2083/165/3018 2139/178/3018 2131/149/3018
f  2058/166/3006 2143/179/3006 2134/167/3006
f  2138/169/3005 2026/1/3005 2028/3/3005
f  2138/169/3005 2140/170/3005 2141/171/3005
f  2062/173/3025 2064/279/3106 2138/163/3025
f  2140/170/3007 2137/162/3007 2142/175/3007
f  2142/175/3048 2137/162/3048 2030/161/3048
f  2063/43/3018 2135/155/3018 2136/159/3018
f  2135/155/3018 2031/157/3018 2143/177/3018
f  2139/178/3018 2064/44/3018 2063/43/3018
f  2143/179/3006 2031/6/3006 2030/5/3006

